registro_id,data,produto_id,demanda_latente_kg,quantidade_vendida_kg,estoque_disponivel_kg,ruptura_estoque
2025-09-01_pescoco,2025-09-01,pescoco,7.08,7.08,8.02,0
2025-09-01_acem,2025-09-01,acem,20.22,20.22,28.25,0
2025-09-01_ponta_de_peito,2025-09-01,ponta_de_peito,8.71,8.71,11.36,0
2025-09-01_paleta,2025-09-01,paleta,13.38,13.38,17.34,0
2025-09-01_musculo_dianteiro,2025-09-01,musculo_dianteiro,11.4,11.4,12.52,0
2025-09-01_cupim,2025-09-01,cupim,6.84,6.84,8.92,0
2025-09-01_capa_file,2025-09-01,capa_file,7.25,7.25,8.77,0
2025-09-01_file_agulha,2025-09-01,file_agulha,8.2,8.2,10.12,0
2025-09-01_file_simples,2025-09-01,file_simples,10.8,10.8,12.08,0
2025-09-01_picanha,2025-09-01,picanha,10.18,10.18,12.27,0
2025-09-01_file_mignon,2025-09-01,file_mignon,5.62,5.62,7.2,0
2025-09-01_alcatra,2025-09-01,alcatra,16.47,16.07,16.07,1
2025-09-01_fraldinha,2025-09-01,fraldinha,10.61,10.61,11.99,0
2025-09-01_coxao_mole,2025-09-01,coxao_mole,16.34,16.34,16.76,0
2025-09-01_lagarto,2025-09-01,lagarto,9.45,9.45,13.43,0
2025-09-01_costelao,2025-09-01,costelao,17.22,17.22,17.98,0
2025-09-01_maminha,2025-09-01,maminha,9.66,9.66,12.89,0
2025-09-01_coxao_duro,2025-09-01,coxao_duro,10.69,10.69,14.25,0
2025-09-01_vazio,2025-09-01,vazio,9.2,9.2,11.7,0
2025-09-01_patinho,2025-09-01,patinho,17.73,17.73,24.78,0
2025-09-01_musculo_traseiro,2025-09-01,musculo_traseiro,12.85,12.85,13.67,0
2025-09-02_pescoco,2025-09-02,pescoco,8.24,7.94,7.94,1
2025-09-02_acem,2025-09-02,acem,17.66,17.66,30.24,0
2025-09-02_ponta_de_peito,2025-09-02,ponta_de_peito,8.45,8.45,8.76,0
2025-09-02_paleta,2025-09-02,paleta,13.6,13.6,15.49,0
2025-09-02_musculo_dianteiro,2025-09-02,musculo_dianteiro,11.88,11.88,14.91,0
2025-09-02_cupim,2025-09-02,cupim,7.87,7.87,9.91,0
2025-09-02_capa_file,2025-09-02,capa_file,8.38,8.38,11.39,0
2025-09-02_file_agulha,2025-09-02,file_agulha,10.6,10.6,12.09,0
2025-09-02_file_simples,2025-09-02,file_simples,8.47,8.47,11.47,0
2025-09-02_picanha,2025-09-02,picanha,8.72,8.72,11.55,0
2025-09-02_file_mignon,2025-09-02,file_mignon,6.78,6.05,6.05,1
2025-09-02_alcatra,2025-09-02,alcatra,15.27,15.27,20.26,0
2025-09-02_fraldinha,2025-09-02,fraldinha,10.3,10.3,17.77,0
2025-09-02_coxao_mole,2025-09-02,coxao_mole,15.46,15.46,26.2,0
2025-09-02_lagarto,2025-09-02,lagarto,9.53,9.53,12.95,0
2025-09-02_costelao,2025-09-02,costelao,18.1,18.1,18.81,0
2025-09-02_maminha,2025-09-02,maminha,9.88,9.88,13.34,0
2025-09-02_coxao_duro,2025-09-02,coxao_duro,11.24,11.24,16.15,0
2025-09-02_vazio,2025-09-02,vazio,10.47,9.89,9.89,1
2025-09-02_patinho,2025-09-02,patinho,20.17,20.17,23.7,0
2025-09-02_musculo_traseiro,2025-09-02,musculo_traseiro,9.9,9.9,13.21,0
2025-09-03_pescoco,2025-09-03,pescoco,8.81,8.81,8.94,0
2025-09-03_acem,2025-09-03,acem,25.71,25.71,28.85,0
2025-09-03_ponta_de_peito,2025-09-03,ponta_de_peito,8.24,8.24,11.47,0
2025-09-03_paleta,2025-09-03,paleta,15.88,15.88,21.53,0
2025-09-03_musculo_dianteiro,2025-09-03,musculo_dianteiro,12.96,12.96,15.72,0
2025-09-03_cupim,2025-09-03,cupim,7.8,7.8,12.17,0
2025-09-03_capa_file,2025-09-03,capa_file,7.84,7.84,10.04,0
2025-09-03_file_agulha,2025-09-03,file_agulha,9.28,9.28,12.87,0
2025-09-03_file_simples,2025-09-03,file_simples,9.57,9.57,13.44,0
2025-09-03_picanha,2025-09-03,picanha,9.06,9.06,14.44,0
2025-09-03_file_mignon,2025-09-03,file_mignon,6.26,6.26,6.82,0
2025-09-03_alcatra,2025-09-03,alcatra,13.77,13.77,19.24,0
2025-09-03_fraldinha,2025-09-03,fraldinha,10.01,10.01,13.15,0
2025-09-03_coxao_mole,2025-09-03,coxao_mole,17.32,17.32,25.42,0
2025-09-03_lagarto,2025-09-03,lagarto,10.25,10.25,12.4,0
2025-09-03_costelao,2025-09-03,costelao,14.21,14.21,20.17,0
2025-09-03_maminha,2025-09-03,maminha,12.25,11.85,11.85,1
2025-09-03_coxao_duro,2025-09-03,coxao_duro,13.94,13.94,17.4,0
2025-09-03_vazio,2025-09-03,vazio,8.49,8.49,10.69,0
2025-09-03_patinho,2025-09-03,patinho,17.36,17.36,21.25,0
2025-09-03_musculo_traseiro,2025-09-03,musculo_traseiro,13.18,11.48,11.48,1
2025-09-04_pescoco,2025-09-04,pescoco,7.9,7.9,10.3,0
2025-09-04_acem,2025-09-04,acem,26.95,26.95,31.65,0
2025-09-04_ponta_de_peito,2025-09-04,ponta_de_peito,9.43,9.43,12.75,0
2025-09-04_paleta,2025-09-04,paleta,15.33,15.33,18.45,0
2025-09-04_musculo_dianteiro,2025-09-04,musculo_dianteiro,12.67,12.67,13.85,0
2025-09-04_cupim,2025-09-04,cupim,9.84,9.84,10.91,0
2025-09-04_capa_file,2025-09-04,capa_file,10.23,10.23,12.08,0
2025-09-04_file_agulha,2025-09-04,file_agulha,8.64,8.64,15.21,0
2025-09-04_file_simples,2025-09-04,file_simples,12.61,12.61,14.93,0
2025-09-04_picanha,2025-09-04,picanha,10.83,10.83,14.68,0
2025-09-04_file_mignon,2025-09-04,file_mignon,7.03,7.03,8.55,0
2025-09-04_alcatra,2025-09-04,alcatra,23.88,22.7,22.7,1
2025-09-04_fraldinha,2025-09-04,fraldinha,12.25,12.25,18.32,0
2025-09-04_coxao_mole,2025-09-04,coxao_mole,20.64,20.64,29.22,0
2025-09-04_lagarto,2025-09-04,lagarto,11.28,11.28,14.29,0
2025-09-04_costelao,2025-09-04,costelao,15.28,15.28,24.87,0
2025-09-04_maminha,2025-09-04,maminha,12.25,12.25,15.96,0
2025-09-04_coxao_duro,2025-09-04,coxao_duro,11.9,11.9,16.01,0
2025-09-04_vazio,2025-09-04,vazio,9.58,9.58,10.06,0
2025-09-04_patinho,2025-09-04,patinho,22.26,22.26,29.3,0
2025-09-04_musculo_traseiro,2025-09-04,musculo_traseiro,11.28,11.28,14.14,0
2025-09-05_pescoco,2025-09-05,pescoco,8.12,8.12,12.29,0
2025-09-05_acem,2025-09-05,acem,26.62,26.62,32.36,0
2025-09-05_ponta_de_peito,2025-09-05,ponta_de_peito,10.41,10.41,14.8,0
2025-09-05_paleta,2025-09-05,paleta,15.71,15.71,21.96,0
2025-09-05_musculo_dianteiro,2025-09-05,musculo_dianteiro,12.49,12.49,20.98,0
2025-09-05_cupim,2025-09-05,cupim,11.11,11.11,11.92,0
2025-09-05_capa_file,2025-09-05,capa_file,12.28,12.28,13.19,0
2025-09-05_file_agulha,2025-09-05,file_agulha,10.67,10.67,14.1,0
2025-09-05_file_simples,2025-09-05,file_simples,12.11,12.11,20.04,0
2025-09-05_picanha,2025-09-05,picanha,14.23,14.23,17.24,0
2025-09-05_file_mignon,2025-09-05,file_mignon,9.91,9.23,9.23,1
2025-09-05_alcatra,2025-09-05,alcatra,20.35,20.35,23.76,0
2025-09-05_fraldinha,2025-09-05,fraldinha,15.98,15.98,19.0,0
2025-09-05_coxao_mole,2025-09-05,coxao_mole,21.23,21.23,24.94,0
2025-09-05_lagarto,2025-09-05,lagarto,13.81,13.81,19.18,0
2025-09-05_costelao,2025-09-05,costelao,23.97,23.97,28.18,0
2025-09-05_maminha,2025-09-05,maminha,15.18,15.18,18.06,0
2025-09-05_coxao_duro,2025-09-05,coxao_duro,18.84,18.84,20.27,0
2025-09-05_vazio,2025-09-05,vazio,17.08,17.08,17.69,0
2025-09-05_patinho,2025-09-05,patinho,25.31,25.31,26.85,0
2025-09-05_musculo_traseiro,2025-09-05,musculo_traseiro,12.55,12.55,18.96,0
2025-09-06_pescoco,2025-09-06,pescoco,14.79,13.4,13.4,1
2025-09-06_acem,2025-09-06,acem,35.98,35.98,43.46,0
2025-09-06_ponta_de_peito,2025-09-06,ponta_de_peito,14.51,14.51,21.3,0
2025-09-06_paleta,2025-09-06,paleta,27.02,27.02,31.48,0
2025-09-06_musculo_dianteiro,2025-09-06,musculo_dianteiro,15.26,15.26,23.87,0
2025-09-06_cupim,2025-09-06,cupim,16.9,16.13,16.13,1
2025-09-06_capa_file,2025-09-06,capa_file,13.66,13.66,16.88,0
2025-09-06_file_agulha,2025-09-06,file_agulha,14.6,14.6,19.64,0
2025-09-06_file_simples,2025-09-06,file_simples,16.27,16.27,18.93,0
2025-09-06_picanha,2025-09-06,picanha,18.66,18.66,19.28,0
2025-09-06_file_mignon,2025-09-06,file_mignon,8.98,8.98,11.11,0
2025-09-06_alcatra,2025-09-06,alcatra,29.46,29.46,34.48,0
2025-09-06_fraldinha,2025-09-06,fraldinha,21.13,21.13,23.48,0
2025-09-06_coxao_mole,2025-09-06,coxao_mole,25.9,25.9,34.53,0
2025-09-06_lagarto,2025-09-06,lagarto,19.18,19.18,22.73,0
2025-09-06_costelao,2025-09-06,costelao,36.83,31.3,31.3,1
2025-09-06_maminha,2025-09-06,maminha,21.36,21.36,21.92,0
2025-09-06_coxao_duro,2025-09-06,coxao_duro,21.35,21.35,25.65,0
2025-09-06_vazio,2025-09-06,vazio,20.79,17.08,17.08,1
2025-09-06_patinho,2025-09-06,patinho,28.32,28.32,34.58,0
2025-09-06_musculo_traseiro,2025-09-06,musculo_traseiro,19.52,19.52,23.61,0
2025-09-07_pescoco,2025-09-07,pescoco,9.01,9.01,9.33,0
2025-09-07_acem,2025-09-07,acem,24.08,24.08,36.76,0
2025-09-07_ponta_de_peito,2025-09-07,ponta_de_peito,10.82,10.82,14.66,0
2025-09-07_paleta,2025-09-07,paleta,18.49,18.49,22.94,0
2025-09-07_musculo_dianteiro,2025-09-07,musculo_dianteiro,13.61,13.61,19.65,0
2025-09-07_cupim,2025-09-07,cupim,11.22,11.22,11.45,0
2025-09-07_capa_file,2025-09-07,capa_file,12.27,12.27,14.4,0
2025-09-07_file_agulha,2025-09-07,file_agulha,13.25,13.25,14.56,0
2025-09-07_file_simples,2025-09-07,file_simples,12.15,12.15,12.46,0
2025-09-07_picanha,2025-09-07,picanha,12.72,12.72,14.21,0
2025-09-07_file_mignon,2025-09-07,file_mignon,8.66,8.66,9.9,0
2025-09-07_alcatra,2025-09-07,alcatra,20.68,20.68,23.77,0
2025-09-07_fraldinha,2025-09-07,fraldinha,18.14,16.8,16.8,1
2025-09-07_coxao_mole,2025-09-07,coxao_mole,24.55,23.87,23.87,1
2025-09-07_lagarto,2025-09-07,lagarto,13.2,13.2,15.21,0
2025-09-07_costelao,2025-09-07,costelao,24.0,24.0,24.54,0
2025-09-07_maminha,2025-09-07,maminha,19.26,16.35,16.35,1
2025-09-07_coxao_duro,2025-09-07,coxao_duro,19.4,12.72,12.72,1
2025-09-07_vazio,2025-09-07,vazio,12.15,12.15,13.88,0
2025-09-07_patinho,2025-09-07,patinho,22.08,22.08,34.82,0
2025-09-07_musculo_traseiro,2025-09-07,musculo_traseiro,11.83,11.83,14.83,0
2025-09-08_pescoco,2025-09-08,pescoco,7.93,7.93,8.98,0
2025-09-08_acem,2025-09-08,acem,21.79,21.79,25.26,0
2025-09-08_ponta_de_peito,2025-09-08,ponta_de_peito,6.97,6.97,10.08,0
2025-09-08_paleta,2025-09-08,paleta,11.72,11.72,17.42,0
2025-09-08_musculo_dianteiro,2025-09-08,musculo_dianteiro,10.02,10.02,12.28,0
2025-09-08_cupim,2025-09-08,cupim,7.16,7.16,8.07,0
2025-09-08_capa_file,2025-09-08,capa_file,8.0,8.0,8.45,0
2025-09-08_file_agulha,2025-09-08,file_agulha,7.78,7.78,13.5,0
2025-09-08_file_simples,2025-09-08,file_simples,9.94,9.94,13.43,0
2025-09-08_picanha,2025-09-08,picanha,6.92,6.92,11.89,0
2025-09-08_file_mignon,2025-09-08,file_mignon,5.31,5.31,6.86,0
2025-09-08_alcatra,2025-09-08,alcatra,13.49,13.49,21.02,0
2025-09-08_fraldinha,2025-09-08,fraldinha,12.8,12.8,14.54,0
2025-09-08_coxao_mole,2025-09-08,coxao_mole,17.58,17.58,21.37,0
2025-09-08_lagarto,2025-09-08,lagarto,10.52,10.52,15.65,0
2025-09-08_costelao,2025-09-08,costelao,19.61,18.43,18.43,1
2025-09-08_maminha,2025-09-08,maminha,9.6,9.6,11.33,0
2025-09-08_coxao_duro,2025-09-08,coxao_duro,12.58,12.58,16.39,0
2025-09-08_vazio,2025-09-08,vazio,7.83,7.83,11.07,0
2025-09-08_patinho,2025-09-08,patinho,15.94,15.94,22.42,0
2025-09-08_musculo_traseiro,2025-09-08,musculo_traseiro,9.22,9.22,14.47,0
2025-09-09_pescoco,2025-09-09,pescoco,6.31,6.31,7.71,0
2025-09-09_acem,2025-09-09,acem,23.05,23.05,28.22,0
2025-09-09_ponta_de_peito,2025-09-09,ponta_de_peito,7.25,7.25,9.25,0
2025-09-09_paleta,2025-09-09,paleta,12.88,12.88,19.33,0
2025-09-09_musculo_dianteiro,2025-09-09,musculo_dianteiro,9.81,9.81,12.01,0
2025-09-09_cupim,2025-09-09,cupim,6.08,6.08,10.21,0
2025-09-09_capa_file,2025-09-09,capa_file,7.99,7.22,7.22,1
2025-09-09_file_agulha,2025-09-09,file_agulha,9.71,9.71,11.51,0
2025-09-09_file_simples,2025-09-09,file_simples,11.15,11.15,13.59,0
2025-09-09_picanha,2025-09-09,picanha,9.9,9.9,12.65,0
2025-09-09_file_mignon,2025-09-09,file_mignon,5.26,5.26,7.4,0
2025-09-09_alcatra,2025-09-09,alcatra,15.13,15.13,21.48,0
2025-09-09_fraldinha,2025-09-09,fraldinha,11.79,11.79,15.22,0
2025-09-09_coxao_mole,2025-09-09,coxao_mole,14.79,14.79,22.91,0
2025-09-09_lagarto,2025-09-09,lagarto,9.83,9.83,12.83,0
2025-09-09_costelao,2025-09-09,costelao,13.15,13.15,17.62,0
2025-09-09_maminha,2025-09-09,maminha,9.68,9.28,9.28,1
2025-09-09_coxao_duro,2025-09-09,coxao_duro,13.87,13.87,14.69,0
2025-09-09_vazio,2025-09-09,vazio,12.07,10.72,10.72,1
2025-09-09_patinho,2025-09-09,patinho,20.44,20.44,23.55,0
2025-09-09_musculo_traseiro,2025-09-09,musculo_traseiro,11.94,11.94,12.27,0
2025-09-10_pescoco,2025-09-10,pescoco,7.13,7.13,9.51,0
2025-09-10_acem,2025-09-10,acem,21.37,21.37,33.24,0
2025-09-10_ponta_de_peito,2025-09-10,ponta_de_peito,7.12,7.12,12.71,0
2025-09-10_paleta,2025-09-10,paleta,16.21,16.21,18.54,0
2025-09-10_musculo_dianteiro,2025-09-10,musculo_dianteiro,10.99,10.99,14.84,0
2025-09-10_cupim,2025-09-10,cupim,7.56,7.56,9.85,0
2025-09-10_capa_file,2025-09-10,capa_file,9.02,9.02,9.75,0
2025-09-10_file_agulha,2025-09-10,file_agulha,9.89,9.89,11.57,0
2025-09-10_file_simples,2025-09-10,file_simples,12.15,12.04,12.04,1
2025-09-10_picanha,2025-09-10,picanha,11.02,11.02,14.52,0
2025-09-10_file_mignon,2025-09-10,file_mignon,7.46,7.46,8.67,0
2025-09-10_alcatra,2025-09-10,alcatra,16.43,16.43,21.47,0
2025-09-10_fraldinha,2025-09-10,fraldinha,14.61,14.61,17.84,0
2025-09-10_coxao_mole,2025-09-10,coxao_mole,19.68,19.68,26.22,0
2025-09-10_lagarto,2025-09-10,lagarto,9.47,9.47,15.07,0
2025-09-10_costelao,2025-09-10,costelao,16.92,16.92,22.21,0
2025-09-10_maminha,2025-09-10,maminha,11.31,11.31,12.63,0
2025-09-10_coxao_duro,2025-09-10,coxao_duro,14.61,13.97,13.97,1
2025-09-10_vazio,2025-09-10,vazio,9.67,9.67,11.87,0
2025-09-10_patinho,2025-09-10,patinho,23.27,23.27,25.74,0
2025-09-10_musculo_traseiro,2025-09-10,musculo_traseiro,10.83,10.83,12.23,0
2025-09-11_pescoco,2025-09-11,pescoco,8.68,8.68,11.24,0
2025-09-11_acem,2025-09-11,acem,22.63,22.63,30.89,0
2025-09-11_ponta_de_peito,2025-09-11,ponta_de_peito,10.42,10.42,14.35,0
2025-09-11_paleta,2025-09-11,paleta,20.68,20.29,20.29,1
2025-09-11_musculo_dianteiro,2025-09-11,musculo_dianteiro,14.31,14.31,16.94,0
2025-09-11_cupim,2025-09-11,cupim,8.99,8.99,13.84,0
2025-09-11_capa_file,2025-09-11,capa_file,10.82,10.02,10.02,1
2025-09-11_file_agulha,2025-09-11,file_agulha,11.75,11.75,13.32,0
2025-09-11_file_simples,2025-09-11,file_simples,10.91,10.91,14.89,0
2025-09-11_picanha,2025-09-11,picanha,12.27,12.27,14.31,0
2025-09-11_file_mignon,2025-09-11,file_mignon,7.27,7.27,9.63,0
2025-09-11_alcatra,2025-09-11,alcatra,18.85,18.85,23.99,0
2025-09-11_fraldinha,2025-09-11,fraldinha,14.26,14.26,15.7,0
2025-09-11_coxao_mole,2025-09-11,coxao_mole,19.57,19.57,23.24,0
2025-09-11_lagarto,2025-09-11,lagarto,10.02,10.02,14.64,0
2025-09-11_costelao,2025-09-11,costelao,17.37,17.37,25.86,0
2025-09-11_maminha,2025-09-11,maminha,8.53,8.53,13.55,0
2025-09-11_coxao_duro,2025-09-11,coxao_duro,11.59,11.59,18.64,0
2025-09-11_vazio,2025-09-11,vazio,10.06,10.06,11.54,0
2025-09-11_patinho,2025-09-11,patinho,20.76,20.76,25.71,0
2025-09-11_musculo_traseiro,2025-09-11,musculo_traseiro,12.81,12.81,17.56,0
2025-09-12_pescoco,2025-09-12,pescoco,8.74,8.74,11.92,0
2025-09-12_acem,2025-09-12,acem,28.48,28.48,40.85,0
2025-09-12_ponta_de_peito,2025-09-12,ponta_de_peito,9.17,9.17,14.43,0
2025-09-12_paleta,2025-09-12,paleta,19.43,19.43,24.2,0
2025-09-12_musculo_dianteiro,2025-09-12,musculo_dianteiro,14.1,14.1,20.72,0
2025-09-12_cupim,2025-09-12,cupim,8.83,8.83,14.94,0
2025-09-12_capa_file,2025-09-12,capa_file,13.23,13.23,13.86,0
2025-09-12_file_agulha,2025-09-12,file_agulha,13.31,13.31,17.17,0
2025-09-12_file_simples,2025-09-12,file_simples,14.51,14.51,17.97,0
2025-09-12_picanha,2025-09-12,picanha,16.53,14.47,14.47,1
2025-09-12_file_mignon,2025-09-12,file_mignon,7.52,7.52,10.77,0
2025-09-12_alcatra,2025-09-12,alcatra,23.25,23.12,23.12,1
2025-09-12_fraldinha,2025-09-12,fraldinha,17.08,16.82,16.82,1
2025-09-12_coxao_mole,2025-09-12,coxao_mole,25.31,25.31,26.5,0
2025-09-12_lagarto,2025-09-12,lagarto,12.88,12.88,20.26,0
2025-09-12_costelao,2025-09-12,costelao,21.13,21.13,25.88,0
2025-09-12_maminha,2025-09-12,maminha,13.88,13.88,19.37,0
2025-09-12_coxao_duro,2025-09-12,coxao_duro,15.51,15.51,20.45,0
2025-09-12_vazio,2025-09-12,vazio,12.01,12.01,12.72,0
2025-09-12_patinho,2025-09-12,patinho,26.0,26.0,29.89,0
2025-09-12_musculo_traseiro,2025-09-12,musculo_traseiro,13.43,13.43,17.93,0
2025-09-13_pescoco,2025-09-13,pescoco,9.49,9.49,14.03,0
2025-09-13_acem,2025-09-13,acem,37.46,37.46,49.32,0
2025-09-13_ponta_de_peito,2025-09-13,ponta_de_peito,12.41,12.41,19.38,0
2025-09-13_paleta,2025-09-13,paleta,22.2,22.2,27.83,0
2025-09-13_musculo_dianteiro,2025-09-13,musculo_dianteiro,20.68,20.68,25.27,0
2025-09-13_cupim,2025-09-13,cupim,18.17,13.92,13.92,1
2025-09-13_capa_file,2025-09-13,capa_file,16.51,16.51,17.88,0
2025-09-13_file_agulha,2025-09-13,file_agulha,13.43,13.43,21.35,0
2025-09-13_file_simples,2025-09-13,file_simples,19.07,19.07,21.39,0
2025-09-13_picanha,2025-09-13,picanha,20.57,17.45,17.45,1
2025-09-13_file_mignon,2025-09-13,file_mignon,9.36,9.36,12.94,0
2025-09-13_alcatra,2025-09-13,alcatra,35.71,35.69,35.69,1
2025-09-13_fraldinha,2025-09-13,fraldinha,22.04,20.44,20.44,1
2025-09-13_coxao_mole,2025-09-13,coxao_mole,33.03,33.03,36.59,0
2025-09-13_lagarto,2025-09-13,lagarto,15.3,15.3,18.74,0
2025-09-13_costelao,2025-09-13,costelao,31.84,31.84,34.57,0
2025-09-13_maminha,2025-09-13,maminha,20.28,20.28,21.28,0
2025-09-13_coxao_duro,2025-09-13,coxao_duro,23.62,23.62,25.27,0
2025-09-13_vazio,2025-09-13,vazio,18.63,18.63,19.25,0
2025-09-13_patinho,2025-09-13,patinho,30.98,30.98,39.35,0
2025-09-13_musculo_traseiro,2025-09-13,musculo_traseiro,14.3,14.3,22.17,0
2025-09-14_pescoco,2025-09-14,pescoco,8.3,8.3,9.53,0
2025-09-14_acem,2025-09-14,acem,30.45,30.45,39.53,0
2025-09-14_ponta_de_peito,2025-09-14,ponta_de_peito,14.66,14.11,14.11,1
2025-09-14_paleta,2025-09-14,paleta,15.74,15.74,20.07,0
2025-09-14_musculo_dianteiro,2025-09-14,musculo_dianteiro,15.17,15.17,21.51,0
2025-09-14_cupim,2025-09-14,cupim,10.11,10.11,13.04,0
2025-09-14_capa_file,2025-09-14,capa_file,13.94,11.18,11.18,1
2025-09-14_file_agulha,2025-09-14,file_agulha,14.46,14.46,15.31,0
2025-09-14_file_simples,2025-09-14,file_simples,12.07,12.07,13.73,0
2025-09-14_picanha,2025-09-14,picanha,12.29,12.29,18.01,0
2025-09-14_file_mignon,2025-09-14,file_mignon,7.12,7.12,10.16,0
2025-09-14_alcatra,2025-09-14,alcatra,23.18,23.18,25.95,0
2025-09-14_fraldinha,2025-09-14,fraldinha,16.01,16.01,19.47,0
2025-09-14_coxao_mole,2025-09-14,coxao_mole,24.68,19.25,19.25,1
2025-09-14_lagarto,2025-09-14,lagarto,13.13,13.13,16.9,0
2025-09-14_costelao,2025-09-14,costelao,21.57,21.57,25.33,0
2025-09-14_maminha,2025-09-14,maminha,16.19,14.28,14.28,1
2025-09-14_coxao_duro,2025-09-14,coxao_duro,16.63,15.07,15.07,1
2025-09-14_vazio,2025-09-14,vazio,12.0,12.0,14.63,0
2025-09-14_patinho,2025-09-14,patinho,22.77,22.77,33.12,0
2025-09-14_musculo_traseiro,2025-09-14,musculo_traseiro,15.15,15.15,19.44,0
2025-09-15_pescoco,2025-09-15,pescoco,5.65,5.65,7.56,0
2025-09-15_acem,2025-09-15,acem,25.89,25.12,25.12,1
2025-09-15_ponta_de_peito,2025-09-15,ponta_de_peito,8.24,8.24,9.28,0
2025-09-15_paleta,2025-09-15,paleta,11.73,11.73,15.91,0
2025-09-15_musculo_dianteiro,2025-09-15,musculo_dianteiro,12.26,11.7,11.7,1
2025-09-15_cupim,2025-09-15,cupim,7.86,7.86,8.97,0
2025-09-15_capa_file,2025-09-15,capa_file,6.29,6.29,10.39,0
2025-09-15_file_agulha,2025-09-15,file_agulha,9.96,9.96,10.56,0
2025-09-15_file_simples,2025-09-15,file_simples,11.05,11.05,11.45,0
2025-09-15_picanha,2025-09-15,picanha,11.48,11.48,11.5,0
2025-09-15_file_mignon,2025-09-15,file_mignon,6.2,6.2,6.38,0
2025-09-15_alcatra,2025-09-15,alcatra,12.64,12.64,21.14,0
2025-09-15_fraldinha,2025-09-15,fraldinha,9.73,9.73,15.56,0
2025-09-15_coxao_mole,2025-09-15,coxao_mole,16.24,15.12,15.12,1
2025-09-15_lagarto,2025-09-15,lagarto,10.87,10.75,10.75,1
2025-09-15_costelao,2025-09-15,costelao,15.66,15.66,20.58,0
2025-09-15_maminha,2025-09-15,maminha,8.01,8.01,10.86,0
2025-09-15_coxao_duro,2025-09-15,coxao_duro,11.34,11.34,14.2,0
2025-09-15_vazio,2025-09-15,vazio,10.73,10.57,10.57,1
2025-09-15_patinho,2025-09-15,patinho,19.46,19.46,23.01,0
2025-09-15_musculo_traseiro,2025-09-15,musculo_traseiro,10.02,10.02,11.8,0
2025-09-16_pescoco,2025-09-16,pescoco,7.43,7.43,8.48,0
2025-09-16_acem,2025-09-16,acem,18.69,18.69,31.03,0
2025-09-16_ponta_de_peito,2025-09-16,ponta_de_peito,8.45,8.45,9.6,0
2025-09-16_paleta,2025-09-16,paleta,11.68,11.68,19.18,0
2025-09-16_musculo_dianteiro,2025-09-16,musculo_dianteiro,12.42,11.37,11.37,1
2025-09-16_cupim,2025-09-16,cupim,8.22,8.22,10.97,0
2025-09-16_capa_file,2025-09-16,capa_file,6.14,6.14,9.86,0
2025-09-16_file_agulha,2025-09-16,file_agulha,10.22,10.22,10.29,0
2025-09-16_file_simples,2025-09-16,file_simples,11.32,11.32,13.07,0
2025-09-16_picanha,2025-09-16,picanha,11.81,11.81,13.44,0
2025-09-16_file_mignon,2025-09-16,file_mignon,6.71,6.71,7.49,0
2025-09-16_alcatra,2025-09-16,alcatra,18.14,18.14,19.65,0
2025-09-16_fraldinha,2025-09-16,fraldinha,11.37,11.37,14.79,0
2025-09-16_coxao_mole,2025-09-16,coxao_mole,18.81,17.66,17.66,1
2025-09-16_lagarto,2025-09-16,lagarto,11.61,11.61,14.52,0
2025-09-16_costelao,2025-09-16,costelao,12.06,12.06,17.98,0
2025-09-16_maminha,2025-09-16,maminha,11.38,11.35,11.35,1
2025-09-16_coxao_duro,2025-09-16,coxao_duro,12.46,12.46,15.93,0
2025-09-16_vazio,2025-09-16,vazio,8.38,8.38,12.04,0
2025-09-16_patinho,2025-09-16,patinho,17.43,17.43,27.9,0
2025-09-16_musculo_traseiro,2025-09-16,musculo_traseiro,9.89,9.89,12.2,0
2025-09-17_pescoco,2025-09-17,pescoco,8.77,8.77,8.98,0
2025-09-17_acem,2025-09-17,acem,24.16,24.16,35.1,0
2025-09-17_ponta_de_peito,2025-09-17,ponta_de_peito,9.85,9.85,12.66,0
2025-09-17_paleta,2025-09-17,paleta,13.56,13.56,14.42,0
2025-09-17_musculo_dianteiro,2025-09-17,musculo_dianteiro,9.6,9.6,16.16,0
2025-09-17_cupim,2025-09-17,cupim,6.96,6.96,10.12,0
2025-09-17_capa_file,2025-09-17,capa_file,7.23,7.23,8.05,0
2025-09-17_file_agulha,2025-09-17,file_agulha,10.83,10.83,12.87,0
2025-09-17_file_simples,2025-09-17,file_simples,8.67,8.67,12.84,0
2025-09-17_picanha,2025-09-17,picanha,11.31,11.31,12.12,0
2025-09-17_file_mignon,2025-09-17,file_mignon,7.24,7.24,7.27,0
2025-09-17_alcatra,2025-09-17,alcatra,17.71,15.5,15.5,1
2025-09-17_fraldinha,2025-09-17,fraldinha,12.6,12.6,15.68,0
2025-09-17_coxao_mole,2025-09-17,coxao_mole,16.45,16.45,25.61,0
2025-09-17_lagarto,2025-09-17,lagarto,10.86,10.86,14.31,0
2025-09-17_costelao,2025-09-17,costelao,16.94,16.94,19.19,0
2025-09-17_maminha,2025-09-17,maminha,10.54,10.54,15.14,0
2025-09-17_coxao_duro,2025-09-17,coxao_duro,12.76,12.76,15.3,0
2025-09-17_vazio,2025-09-17,vazio,10.48,10.48,12.78,0
2025-09-17_patinho,2025-09-17,patinho,24.88,23.59,23.59,1
2025-09-17_musculo_traseiro,2025-09-17,musculo_traseiro,9.49,9.49,16.03,0
2025-09-18_pescoco,2025-09-18,pescoco,6.98,6.98,12.38,0
2025-09-18_acem,2025-09-18,acem,25.73,25.73,30.13,0
2025-09-18_ponta_de_peito,2025-09-18,ponta_de_peito,9.5,9.5,13.5,0
2025-09-18_paleta,2025-09-18,paleta,14.71,14.71,20.85,0
2025-09-18_musculo_dianteiro,2025-09-18,musculo_dianteiro,12.88,12.88,13.62,0
2025-09-18_cupim,2025-09-18,cupim,8.4,8.4,10.22,0
2025-09-18_capa_file,2025-09-18,capa_file,9.35,9.35,12.24,0
2025-09-18_file_agulha,2025-09-18,file_agulha,14.6,14.34,14.34,1
2025-09-18_file_simples,2025-09-18,file_simples,11.28,11.28,14.59,0
2025-09-18_picanha,2025-09-18,picanha,10.05,10.05,12.48,0
2025-09-18_file_mignon,2025-09-18,file_mignon,7.23,7.23,8.94,0
2025-09-18_alcatra,2025-09-18,alcatra,21.25,21.25,24.97,0
2025-09-18_fraldinha,2025-09-18,fraldinha,14.82,14.82,16.56,0
2025-09-18_coxao_mole,2025-09-18,coxao_mole,19.0,19.0,24.02,0
2025-09-18_lagarto,2025-09-18,lagarto,11.95,11.95,15.67,0
2025-09-18_costelao,2025-09-18,costelao,18.13,18.13,23.08,0
2025-09-18_maminha,2025-09-18,maminha,10.55,10.55,13.18,0
2025-09-18_coxao_duro,2025-09-18,coxao_duro,14.02,14.02,19.8,0
2025-09-18_vazio,2025-09-18,vazio,9.7,9.7,14.4,0
2025-09-18_patinho,2025-09-18,patinho,21.03,21.03,25.18,0
2025-09-18_musculo_traseiro,2025-09-18,musculo_traseiro,11.5,11.5,15.06,0
2025-09-19_pescoco,2025-09-19,pescoco,9.89,9.89,11.3,0
2025-09-19_acem,2025-09-19,acem,32.38,32.38,39.84,0
2025-09-19_ponta_de_peito,2025-09-19,ponta_de_peito,9.39,9.39,15.04,0
2025-09-19_paleta,2025-09-19,paleta,21.27,21.27,23.69,0
2025-09-19_musculo_dianteiro,2025-09-19,musculo_dianteiro,16.59,16.51,16.51,1
2025-09-19_cupim,2025-09-19,cupim,12.11,12.11,13.35,0
2025-09-19_capa_file,2025-09-19,capa_file,15.3,11.96,11.96,1
2025-09-19_file_agulha,2025-09-19,file_agulha,13.69,13.69,16.75,0
2025-09-19_file_simples,2025-09-19,file_simples,14.98,14.98,17.52,0
2025-09-19_picanha,2025-09-19,picanha,20.77,15.43,15.43,1
2025-09-19_file_mignon,2025-09-19,file_mignon,7.86,7.86,9.25,0
2025-09-19_alcatra,2025-09-19,alcatra,22.64,22.64,30.61,0
2025-09-19_fraldinha,2025-09-19,fraldinha,19.14,18.7,18.7,1
2025-09-19_coxao_mole,2025-09-19,coxao_mole,26.79,26.72,26.72,1
2025-09-19_lagarto,2025-09-19,lagarto,11.52,11.52,17.44,0
2025-09-19_costelao,2025-09-19,costelao,23.38,23.38,26.78,0
2025-09-19_maminha,2025-09-19,maminha,13.7,13.7,15.9,0
2025-09-19_coxao_duro,2025-09-19,coxao_duro,17.75,17.75,19.39,0
2025-09-19_vazio,2025-09-19,vazio,14.91,12.76,12.76,1
2025-09-19_patinho,2025-09-19,patinho,27.55,26.05,26.05,1
2025-09-19_musculo_traseiro,2025-09-19,musculo_traseiro,15.49,15.49,19.53,0
2025-09-20_pescoco,2025-09-20,pescoco,12.21,12.2,12.2,0
2025-09-20_acem,2025-09-20,acem,39.69,39.69,57.45,0
2025-09-20_ponta_de_peito,2025-09-20,ponta_de_peito,15.5,15.5,17.32,0
2025-09-20_paleta,2025-09-20,paleta,21.37,21.37,30.11,0
2025-09-20_musculo_dianteiro,2025-09-20,musculo_dianteiro,17.44,17.44,23.77,0
2025-09-20_cupim,2025-09-20,cupim,17.51,16.22,16.22,1
2025-09-20_capa_file,2025-09-20,capa_file,15.56,15.56,16.47,0
2025-09-20_file_agulha,2025-09-20,file_agulha,13.25,13.25,15.97,0
2025-09-20_file_simples,2025-09-20,file_simples,16.09,16.09,19.02,0
2025-09-20_picanha,2025-09-20,picanha,23.72,19.52,19.52,1
2025-09-20_file_mignon,2025-09-20,file_mignon,11.52,11.52,11.69,0
2025-09-20_alcatra,2025-09-20,alcatra,37.12,30.43,30.43,1
2025-09-20_fraldinha,2025-09-20,fraldinha,27.74,20.48,20.48,1
2025-09-20_coxao_mole,2025-09-20,coxao_mole,26.12,26.12,29.58,0
2025-09-20_lagarto,2025-09-20,lagarto,16.75,16.75,21.66,0
2025-09-20_costelao,2025-09-20,costelao,40.56,33.67,33.67,1
2025-09-20_maminha,2025-09-20,maminha,20.79,20.09,20.09,1
2025-09-20_coxao_duro,2025-09-20,coxao_duro,19.38,19.38,20.88,0
2025-09-20_vazio,2025-09-20,vazio,21.0,18.41,18.41,1
2025-09-20_patinho,2025-09-20,patinho,25.1,25.1,37.26,0
2025-09-20_musculo_traseiro,2025-09-20,musculo_traseiro,17.36,17.36,19.86,0
2025-09-21_pescoco,2025-09-21,pescoco,7.22,7.22,11.25,0
2025-09-21_acem,2025-09-21,acem,24.87,24.87,37.88,0
2025-09-21_ponta_de_peito,2025-09-21,ponta_de_peito,11.16,11.16,15.19,0
2025-09-21_paleta,2025-09-21,paleta,13.99,13.99,19.1,0
2025-09-21_musculo_dianteiro,2025-09-21,musculo_dianteiro,14.79,14.79,16.04,0
2025-09-21_cupim,2025-09-21,cupim,12.19,10.09,10.09,1
2025-09-21_capa_file,2025-09-21,capa_file,11.51,11.24,11.24,1
2025-09-21_file_agulha,2025-09-21,file_agulha,11.84,11.84,16.85,0
2025-09-21_file_simples,2025-09-21,file_simples,12.28,12.28,17.11,0
2025-09-21_picanha,2025-09-21,picanha,14.22,14.22,16.15,0
2025-09-21_file_mignon,2025-09-21,file_mignon,7.35,7.35,10.09,0
2025-09-21_alcatra,2025-09-21,alcatra,29.01,26.83,26.83,1
2025-09-21_fraldinha,2025-09-21,fraldinha,18.28,16.87,16.87,1
2025-09-21_coxao_mole,2025-09-21,coxao_mole,26.89,26.89,30.95,0
2025-09-21_lagarto,2025-09-21,lagarto,10.53,10.53,14.08,0
2025-09-21_costelao,2025-09-21,costelao,26.21,24.9,24.9,1
2025-09-21_maminha,2025-09-21,maminha,14.33,14.33,18.11,0
2025-09-21_coxao_duro,2025-09-21,coxao_duro,15.91,15.51,15.51,1
2025-09-21_vazio,2025-09-21,vazio,13.62,13.62,15.12,0
2025-09-21_patinho,2025-09-21,patinho,21.68,21.68,29.22,0
2025-09-21_musculo_traseiro,2025-09-21,musculo_traseiro,13.12,13.12,15.44,0
2025-09-22_pescoco,2025-09-22,pescoco,6.39,6.39,7.63,0
2025-09-22_acem,2025-09-22,acem,27.17,24.59,24.59,1
2025-09-22_ponta_de_peito,2025-09-22,ponta_de_peito,9.48,9.48,11.42,0
2025-09-22_paleta,2025-09-22,paleta,12.74,12.74,15.41,0
2025-09-22_musculo_dianteiro,2025-09-22,musculo_dianteiro,11.28,10.65,10.65,1
2025-09-22_cupim,2025-09-22,cupim,8.09,8.09,10.17,0
2025-09-22_capa_file,2025-09-22,capa_file,5.64,5.64,8.43,0
2025-09-22_file_agulha,2025-09-22,file_agulha,7.71,7.71,9.97,0
2025-09-22_file_simples,2025-09-22,file_simples,10.61,10.61,11.63,0
2025-09-22_picanha,2025-09-22,picanha,9.02,9.02,11.16,0
2025-09-22_file_mignon,2025-09-22,file_mignon,5.0,5.0,7.1,0
2025-09-22_alcatra,2025-09-22,alcatra,15.64,15.64,19.72,0
2025-09-22_fraldinha,2025-09-22,fraldinha,13.07,12.47,12.47,1
2025-09-22_coxao_mole,2025-09-22,coxao_mole,15.91,15.91,20.57,0
2025-09-22_lagarto,2025-09-22,lagarto,11.88,11.88,15.04,0
2025-09-22_costelao,2025-09-22,costelao,13.12,13.12,18.78,0
2025-09-22_maminha,2025-09-22,maminha,9.96,9.96,12.94,0
2025-09-22_coxao_duro,2025-09-22,coxao_duro,9.59,9.59,15.54,0
2025-09-22_vazio,2025-09-22,vazio,7.41,7.41,10.9,0
2025-09-22_patinho,2025-09-22,patinho,16.31,16.31,22.26,0
2025-09-22_musculo_traseiro,2025-09-22,musculo_traseiro,11.18,11.18,14.05,0
2025-09-23_pescoco,2025-09-23,pescoco,6.88,6.88,8.96,0
2025-09-23_acem,2025-09-23,acem,25.95,25.5,25.5,1
2025-09-23_ponta_de_peito,2025-09-23,ponta_de_peito,7.72,7.72,12.2,0
2025-09-23_paleta,2025-09-23,paleta,14.18,14.18,18.24,0
2025-09-23_musculo_dianteiro,2025-09-23,musculo_dianteiro,11.83,11.0,11.0,1
2025-09-23_cupim,2025-09-23,cupim,11.34,11.34,12.0,0
2025-09-23_capa_file,2025-09-23,capa_file,11.69,8.69,8.69,1
2025-09-23_file_agulha,2025-09-23,file_agulha,7.71,7.71,13.75,0
2025-09-23_file_simples,2025-09-23,file_simples,10.64,10.64,12.84,0
2025-09-23_picanha,2025-09-23,picanha,8.87,8.87,11.83,0
2025-09-23_file_mignon,2025-09-23,file_mignon,7.01,6.26,6.26,1
2025-09-23_alcatra,2025-09-23,alcatra,14.96,14.96,21.04,0
2025-09-23_fraldinha,2025-09-23,fraldinha,10.29,10.29,13.38,0
2025-09-23_coxao_mole,2025-09-23,coxao_mole,18.42,18.42,20.06,0
2025-09-23_lagarto,2025-09-23,lagarto,11.52,11.52,14.68,0
2025-09-23_costelao,2025-09-23,costelao,14.41,14.41,14.75,0
2025-09-23_maminha,2025-09-23,maminha,8.26,8.26,15.36,0
2025-09-23_coxao_duro,2025-09-23,coxao_duro,11.53,11.53,12.57,0
2025-09-23_vazio,2025-09-23,vazio,7.45,7.45,10.3,0
2025-09-23_patinho,2025-09-23,patinho,15.97,15.97,27.59,0
2025-09-23_musculo_traseiro,2025-09-23,musculo_traseiro,12.22,11.71,11.71,1
2025-09-24_pescoco,2025-09-24,pescoco,7.77,7.77,9.74,0
2025-09-24_acem,2025-09-24,acem,24.45,24.45,33.7,0
2025-09-24_ponta_de_peito,2025-09-24,ponta_de_peito,7.12,7.12,12.08,0
2025-09-24_paleta,2025-09-24,paleta,12.93,12.93,20.02,0
2025-09-24_musculo_dianteiro,2025-09-24,musculo_dianteiro,13.38,12.52,12.52,1
2025-09-24_cupim,2025-09-24,cupim,7.8,7.8,9.71,0
2025-09-24_capa_file,2025-09-24,capa_file,7.83,7.83,10.7,0
2025-09-24_file_agulha,2025-09-24,file_agulha,9.24,9.24,12.14,0
2025-09-24_file_simples,2025-09-24,file_simples,10.69,10.69,14.32,0
2025-09-24_picanha,2025-09-24,picanha,8.54,8.54,12.62,0
2025-09-24_file_mignon,2025-09-24,file_mignon,7.83,7.83,8.58,0
2025-09-24_alcatra,2025-09-24,alcatra,16.95,16.95,21.11,0
2025-09-24_fraldinha,2025-09-24,fraldinha,10.42,10.42,13.3,0
2025-09-24_coxao_mole,2025-09-24,coxao_mole,15.87,15.87,25.87,0
2025-09-24_lagarto,2025-09-24,lagarto,14.04,12.91,12.91,1
2025-09-24_costelao,2025-09-24,costelao,17.82,17.82,19.34,0
2025-09-24_maminha,2025-09-24,maminha,11.49,11.49,14.16,0
2025-09-24_coxao_duro,2025-09-24,coxao_duro,12.46,12.46,15.38,0
2025-09-24_vazio,2025-09-24,vazio,9.14,9.14,11.88,0
2025-09-24_patinho,2025-09-24,patinho,22.89,22.89,24.23,0
2025-09-24_musculo_traseiro,2025-09-24,musculo_traseiro,10.25,10.25,15.39,0
2025-09-25_pescoco,2025-09-25,pescoco,8.36,8.36,10.59,0
2025-09-25_acem,2025-09-25,acem,18.89,18.89,30.93,0
2025-09-25_ponta_de_peito,2025-09-25,ponta_de_peito,8.8,8.8,12.72,0
2025-09-25_paleta,2025-09-25,paleta,13.11,13.11,22.19,0
2025-09-25_musculo_dianteiro,2025-09-25,musculo_dianteiro,13.78,13.78,15.66,0
2025-09-25_cupim,2025-09-25,cupim,9.59,9.59,12.19,0
2025-09-25_capa_file,2025-09-25,capa_file,9.76,9.76,12.95,0
2025-09-25_file_agulha,2025-09-25,file_agulha,11.76,11.76,14.81,0
2025-09-25_file_simples,2025-09-25,file_simples,11.76,11.76,13.41,0
2025-09-25_picanha,2025-09-25,picanha,9.2,9.2,14.9,0
2025-09-25_file_mignon,2025-09-25,file_mignon,5.96,5.96,8.24,0
2025-09-25_alcatra,2025-09-25,alcatra,18.24,18.24,19.73,0
2025-09-25_fraldinha,2025-09-25,fraldinha,11.41,11.41,16.51,0
2025-09-25_coxao_mole,2025-09-25,coxao_mole,17.29,17.29,23.58,0
2025-09-25_lagarto,2025-09-25,lagarto,11.28,11.28,14.0,0
2025-09-25_costelao,2025-09-25,costelao,19.53,19.53,22.66,0
2025-09-25_maminha,2025-09-25,maminha,12.11,12.11,14.51,0
2025-09-25_coxao_duro,2025-09-25,coxao_duro,14.24,14.24,17.79,0
2025-09-25_vazio,2025-09-25,vazio,11.34,11.34,13.95,0
2025-09-25_patinho,2025-09-25,patinho,24.23,24.23,31.0,0
2025-09-25_musculo_traseiro,2025-09-25,musculo_traseiro,12.0,12.0,16.35,0
2025-09-26_pescoco,2025-09-26,pescoco,9.39,9.39,10.36,0
2025-09-26_acem,2025-09-26,acem,36.33,36.33,41.86,0
2025-09-26_ponta_de_peito,2025-09-26,ponta_de_peito,15.23,15.16,15.16,1
2025-09-26_paleta,2025-09-26,paleta,18.96,18.96,24.18,0
2025-09-26_musculo_dianteiro,2025-09-26,musculo_dianteiro,16.95,16.95,22.89,0
2025-09-26_cupim,2025-09-26,cupim,11.68,11.27,11.27,1
2025-09-26_capa_file,2025-09-26,capa_file,11.05,11.05,12.75,0
2025-09-26_file_agulha,2025-09-26,file_agulha,13.78,13.78,16.13,0
2025-09-26_file_simples,2025-09-26,file_simples,11.47,11.47,17.57,0
2025-09-26_picanha,2025-09-26,picanha,14.6,13.94,13.94,1
2025-09-26_file_mignon,2025-09-26,file_mignon,8.62,8.62,11.73,0
2025-09-26_alcatra,2025-09-26,alcatra,24.23,24.23,27.13,0
2025-09-26_fraldinha,2025-09-26,fraldinha,18.46,18.01,18.01,1
2025-09-26_coxao_mole,2025-09-26,coxao_mole,25.42,25.42,27.12,0
2025-09-26_lagarto,2025-09-26,lagarto,15.66,15.66,15.87,0
2025-09-26_costelao,2025-09-26,costelao,26.74,26.74,29.41,0
2025-09-26_maminha,2025-09-26,maminha,15.61,15.61,17.68,0
2025-09-26_coxao_duro,2025-09-26,coxao_duro,18.37,18.37,19.14,0
2025-09-26_vazio,2025-09-26,vazio,10.78,10.78,15.71,0
2025-09-26_patinho,2025-09-26,patinho,32.59,31.97,31.97,1
2025-09-26_musculo_traseiro,2025-09-26,musculo_traseiro,12.65,12.65,13.08,0
2025-09-27_pescoco,2025-09-27,pescoco,10.35,10.35,16.4,0
2025-09-27_acem,2025-09-27,acem,34.56,34.56,49.55,0
2025-09-27_ponta_de_peito,2025-09-27,ponta_de_peito,13.98,13.98,18.34,0
2025-09-27_paleta,2025-09-27,paleta,30.91,27.38,27.38,1
2025-09-27_musculo_dianteiro,2025-09-27,musculo_dianteiro,17.67,17.67,22.59,0
2025-09-27_cupim,2025-09-27,cupim,16.75,16.49,16.49,1
2025-09-27_capa_file,2025-09-27,capa_file,13.43,13.43,16.74,0
2025-09-27_file_agulha,2025-09-27,file_agulha,14.72,14.72,21.12,0
2025-09-27_file_simples,2025-09-27,file_simples,16.43,16.43,17.87,0
2025-09-27_picanha,2025-09-27,picanha,18.61,18.57,18.57,1
2025-09-27_file_mignon,2025-09-27,file_mignon,9.61,9.61,11.08,0
2025-09-27_alcatra,2025-09-27,alcatra,31.13,31.13,34.51,0
2025-09-27_fraldinha,2025-09-27,fraldinha,20.39,20.39,22.28,0
2025-09-27_coxao_mole,2025-09-27,coxao_mole,28.1,28.1,31.67,0
2025-09-27_lagarto,2025-09-27,lagarto,16.51,16.51,24.04,0
2025-09-27_costelao,2025-09-27,costelao,34.54,27.2,27.2,1
2025-09-27_maminha,2025-09-27,maminha,24.9,20.87,20.87,1
2025-09-27_coxao_duro,2025-09-27,coxao_duro,20.76,20.76,21.23,0
2025-09-27_vazio,2025-09-27,vazio,14.44,14.44,15.39,0
2025-09-27_patinho,2025-09-27,patinho,31.15,31.15,35.45,0
2025-09-27_musculo_traseiro,2025-09-27,musculo_traseiro,15.23,15.23,20.35,0
2025-09-28_pescoco,2025-09-28,pescoco,8.92,8.92,10.15,0
2025-09-28_acem,2025-09-28,acem,28.61,28.61,33.85,0
2025-09-28_ponta_de_peito,2025-09-28,ponta_de_peito,12.23,12.23,14.85,0
2025-09-28_paleta,2025-09-28,paleta,15.47,15.47,20.71,0
2025-09-28_musculo_dianteiro,2025-09-28,musculo_dianteiro,15.28,15.28,18.86,0
2025-09-28_cupim,2025-09-28,cupim,9.42,9.42,12.63,0
2025-09-28_capa_file,2025-09-28,capa_file,13.69,12.9,12.9,1
2025-09-28_file_agulha,2025-09-28,file_agulha,13.01,13.01,15.16,0
2025-09-28_file_simples,2025-09-28,file_simples,12.56,12.56,18.37,0
2025-09-28_picanha,2025-09-28,picanha,14.81,14.04,14.04,1
2025-09-28_file_mignon,2025-09-28,file_mignon,8.49,7.73,7.73,1
2025-09-28_alcatra,2025-09-28,alcatra,19.53,19.53,20.6,0
2025-09-28_fraldinha,2025-09-28,fraldinha,15.02,15.02,19.66,0
2025-09-28_coxao_mole,2025-09-28,coxao_mole,18.46,18.46,27.17,0
2025-09-28_lagarto,2025-09-28,lagarto,13.03,13.03,16.35,0
2025-09-28_costelao,2025-09-28,costelao,18.72,18.72,27.63,0
2025-09-28_maminha,2025-09-28,maminha,16.66,15.77,15.77,1
2025-09-28_coxao_duro,2025-09-28,coxao_duro,16.23,16.23,17.03,0
2025-09-28_vazio,2025-09-28,vazio,14.38,10.86,10.86,1
2025-09-28_patinho,2025-09-28,patinho,22.56,22.56,35.59,0
2025-09-28_musculo_traseiro,2025-09-28,musculo_traseiro,12.72,12.72,17.66,0
2025-09-29_pescoco,2025-09-29,pescoco,6.25,6.25,6.32,0
2025-09-29_acem,2025-09-29,acem,23.15,23.15,28.53,0
2025-09-29_ponta_de_peito,2025-09-29,ponta_de_peito,8.38,8.38,10.82,0
2025-09-29_paleta,2025-09-29,paleta,14.57,13.66,13.66,1
2025-09-29_musculo_dianteiro,2025-09-29,musculo_dianteiro,8.63,8.63,13.56,0
2025-09-29_cupim,2025-09-29,cupim,7.36,7.36,7.82,0
2025-09-29_capa_file,2025-09-29,capa_file,7.8,7.8,8.79,0
2025-09-29_file_agulha,2025-09-29,file_agulha,10.05,10.05,10.61,0
2025-09-29_file_simples,2025-09-29,file_simples,10.28,10.28,13.63,0
2025-09-29_picanha,2025-09-29,picanha,12.89,10.9,10.9,1
2025-09-29_file_mignon,2025-09-29,file_mignon,5.99,5.99,7.15,0
2025-09-29_alcatra,2025-09-29,alcatra,13.58,13.58,17.84,0
2025-09-29_fraldinha,2025-09-29,fraldinha,8.94,8.94,13.82,0
2025-09-29_coxao_mole,2025-09-29,coxao_mole,17.35,17.35,24.88,0
2025-09-29_lagarto,2025-09-29,lagarto,7.73,7.73,12.76,0
2025-09-29_costelao,2025-09-29,costelao,12.61,12.61,17.48,0
2025-09-29_maminha,2025-09-29,maminha,10.72,10.72,14.19,0
2025-09-29_coxao_duro,2025-09-29,coxao_duro,13.52,11.99,11.99,1
2025-09-29_vazio,2025-09-29,vazio,7.49,7.49,8.96,0
2025-09-29_patinho,2025-09-29,patinho,19.09,19.09,24.15,0
2025-09-29_musculo_traseiro,2025-09-29,musculo_traseiro,14.29,12.2,12.2,1
2025-09-30_pescoco,2025-09-30,pescoco,9.07,9.07,10.18,0
2025-09-30_acem,2025-09-30,acem,22.25,22.25,28.71,0
2025-09-30_ponta_de_peito,2025-09-30,ponta_de_peito,12.01,11.38,11.38,1
2025-09-30_paleta,2025-09-30,paleta,20.86,17.25,17.25,1
2025-09-30_musculo_dianteiro,2025-09-30,musculo_dianteiro,12.53,12.53,14.41,0
2025-09-30_cupim,2025-09-30,cupim,9.56,9.36,9.36,1
2025-09-30_capa_file,2025-09-30,capa_file,8.48,8.48,9.49,0
2025-09-30_file_agulha,2025-09-30,file_agulha,10.43,10.43,12.07,0
2025-09-30_file_simples,2025-09-30,file_simples,11.9,11.9,14.07,0
2025-09-30_picanha,2025-09-30,picanha,11.67,11.67,13.06,0
2025-09-30_file_mignon,2025-09-30,file_mignon,7.34,7.13,7.13,1
2025-09-30_alcatra,2025-09-30,alcatra,13.69,13.69,14.2,0
2025-09-30_fraldinha,2025-09-30,fraldinha,12.65,12.65,15.9,0
2025-09-30_coxao_mole,2025-09-30,coxao_mole,18.23,18.23,21.29,0
2025-09-30_lagarto,2025-09-30,lagarto,9.4,9.4,12.25,0
2025-09-30_costelao,2025-09-30,costelao,15.71,15.71,18.63,0
2025-09-30_maminha,2025-09-30,maminha,10.04,10.04,11.91,0
2025-09-30_coxao_duro,2025-09-30,coxao_duro,10.88,10.88,17.65,0
2025-09-30_vazio,2025-09-30,vazio,9.91,9.91,10.97,0
2025-09-30_patinho,2025-09-30,patinho,20.05,20.05,21.91,0
2025-09-30_musculo_traseiro,2025-09-30,musculo_traseiro,10.5,10.5,13.1,0
2025-10-01_pescoco,2025-10-01,pescoco,7.37,7.37,9.09,0
2025-10-01_acem,2025-10-01,acem,21.13,21.13,26.37,0
2025-10-01_ponta_de_peito,2025-10-01,ponta_de_peito,12.44,12.44,12.96,0
2025-10-01_paleta,2025-10-01,paleta,14.76,14.76,18.45,0
2025-10-01_musculo_dianteiro,2025-10-01,musculo_dianteiro,12.7,12.7,16.84,0
2025-10-01_cupim,2025-10-01,cupim,8.99,8.99,12.33,0
2025-10-01_capa_file,2025-10-01,capa_file,7.61,7.61,9.94,0
2025-10-01_file_agulha,2025-10-01,file_agulha,10.97,10.97,13.3,0
2025-10-01_file_simples,2025-10-01,file_simples,11.5,11.5,13.74,0
2025-10-01_picanha,2025-10-01,picanha,11.8,11.8,11.99,0
2025-10-01_file_mignon,2025-10-01,file_mignon,6.6,6.6,8.23,0
2025-10-01_alcatra,2025-10-01,alcatra,21.89,17.21,17.21,1
2025-10-01_fraldinha,2025-10-01,fraldinha,11.03,11.03,17.21,0
2025-10-01_coxao_mole,2025-10-01,coxao_mole,20.91,20.91,28.28,0
2025-10-01_lagarto,2025-10-01,lagarto,12.23,12.23,13.83,0
2025-10-01_costelao,2025-10-01,costelao,21.16,21.16,22.08,0
2025-10-01_maminha,2025-10-01,maminha,11.55,11.55,12.01,0
2025-10-01_coxao_duro,2025-10-01,coxao_duro,12.75,12.75,20.84,0
2025-10-01_vazio,2025-10-01,vazio,9.78,9.61,9.61,1
2025-10-01_patinho,2025-10-01,patinho,19.37,19.37,28.01,0
2025-10-01_musculo_traseiro,2025-10-01,musculo_traseiro,8.66,8.66,13.39,0
2025-10-02_pescoco,2025-10-02,pescoco,7.59,7.59,9.81,0
2025-10-02_acem,2025-10-02,acem,26.15,26.15,32.44,0
2025-10-02_ponta_de_peito,2025-10-02,ponta_de_peito,9.76,9.76,10.46,0
2025-10-02_paleta,2025-10-02,paleta,16.33,16.33,23.2,0
2025-10-02_musculo_dianteiro,2025-10-02,musculo_dianteiro,11.44,11.44,18.41,0
2025-10-02_cupim,2025-10-02,cupim,7.92,7.92,13.24,0
2025-10-02_capa_file,2025-10-02,capa_file,10.11,10.11,11.56,0
2025-10-02_file_agulha,2025-10-02,file_agulha,12.09,11.51,11.51,1
2025-10-02_file_simples,2025-10-02,file_simples,12.63,12.63,15.97,0
2025-10-02_picanha,2025-10-02,picanha,9.48,9.48,12.2,0
2025-10-02_file_mignon,2025-10-02,file_mignon,7.49,7.49,9.73,0
2025-10-02_alcatra,2025-10-02,alcatra,19.06,19.06,25.93,0
2025-10-02_fraldinha,2025-10-02,fraldinha,13.15,13.15,16.81,0
2025-10-02_coxao_mole,2025-10-02,coxao_mole,15.39,15.39,31.13,0
2025-10-02_lagarto,2025-10-02,lagarto,10.02,10.02,18.89,0
2025-10-02_costelao,2025-10-02,costelao,16.19,16.19,18.67,0
2025-10-02_maminha,2025-10-02,maminha,11.63,11.63,15.65,0
2025-10-02_coxao_duro,2025-10-02,coxao_duro,17.03,17.03,18.22,0
2025-10-02_vazio,2025-10-02,vazio,10.0,10.0,11.71,0
2025-10-02_patinho,2025-10-02,patinho,21.81,21.81,28.03,0
2025-10-02_musculo_traseiro,2025-10-02,musculo_traseiro,12.53,12.53,16.94,0
2025-10-03_pescoco,2025-10-03,pescoco,10.5,10.5,12.1,0
2025-10-03_acem,2025-10-03,acem,28.91,28.91,41.17,0
2025-10-03_ponta_de_peito,2025-10-03,ponta_de_peito,10.83,10.83,14.52,0
2025-10-03_paleta,2025-10-03,paleta,19.59,19.59,22.06,0
2025-10-03_musculo_dianteiro,2025-10-03,musculo_dianteiro,15.27,15.27,21.21,0
2025-10-03_cupim,2025-10-03,cupim,9.43,9.43,14.32,0
2025-10-03_capa_file,2025-10-03,capa_file,12.68,12.68,14.18,0
2025-10-03_file_agulha,2025-10-03,file_agulha,13.61,13.61,17.87,0
2025-10-03_file_simples,2025-10-03,file_simples,13.57,13.57,15.68,0
2025-10-03_picanha,2025-10-03,picanha,16.54,16.54,16.91,0
2025-10-03_file_mignon,2025-10-03,file_mignon,9.0,9.0,10.78,0
2025-10-03_alcatra,2025-10-03,alcatra,24.66,24.66,25.67,0
2025-10-03_fraldinha,2025-10-03,fraldinha,13.97,13.97,20.88,0
2025-10-03_coxao_mole,2025-10-03,coxao_mole,27.21,27.21,32.13,0
2025-10-03_lagarto,2025-10-03,lagarto,12.82,12.82,21.3,0
2025-10-03_costelao,2025-10-03,costelao,23.17,23.17,25.99,0
2025-10-03_maminha,2025-10-03,maminha,19.28,16.18,16.18,1
2025-10-03_coxao_duro,2025-10-03,coxao_duro,17.95,17.95,22.15,0
2025-10-03_vazio,2025-10-03,vazio,13.71,13.71,15.34,0
2025-10-03_patinho,2025-10-03,patinho,21.85,21.85,35.09,0
2025-10-03_musculo_traseiro,2025-10-03,musculo_traseiro,12.63,12.63,19.59,0
2025-10-04_pescoco,2025-10-04,pescoco,13.31,13.31,16.09,0
2025-10-04_acem,2025-10-04,acem,44.94,44.94,45.78,0
2025-10-04_ponta_de_peito,2025-10-04,ponta_de_peito,15.17,15.17,20.27,0
2025-10-04_paleta,2025-10-04,paleta,23.74,23.74,29.59,0
2025-10-04_musculo_dianteiro,2025-10-04,musculo_dianteiro,21.38,21.03,21.03,1
2025-10-04_cupim,2025-10-04,cupim,14.36,14.36,17.86,0
2025-10-04_capa_file,2025-10-04,capa_file,19.55,16.63,16.63,1
2025-10-04_file_agulha,2025-10-04,file_agulha,17.1,17.1,20.76,0
2025-10-04_file_simples,2025-10-04,file_simples,18.36,18.36,20.28,0
2025-10-04_picanha,2025-10-04,picanha,21.96,17.24,17.24,1
2025-10-04_file_mignon,2025-10-04,file_mignon,13.02,12.65,12.65,1
2025-10-04_alcatra,2025-10-04,alcatra,36.28,35.36,35.36,1
2025-10-04_fraldinha,2025-10-04,fraldinha,22.35,22.35,23.61,0
2025-10-04_coxao_mole,2025-10-04,coxao_mole,29.98,29.98,33.82,0
2025-10-04_lagarto,2025-10-04,lagarto,19.65,19.65,22.08,0
2025-10-04_costelao,2025-10-04,costelao,34.31,34.31,38.81,0
2025-10-04_maminha,2025-10-04,maminha,30.24,21.32,21.32,1
2025-10-04_coxao_duro,2025-10-04,coxao_duro,20.11,20.11,21.1,0
2025-10-04_vazio,2025-10-04,vazio,19.1,18.66,18.66,1
2025-10-04_patinho,2025-10-04,patinho,32.92,32.92,43.19,0
2025-10-04_musculo_traseiro,2025-10-04,musculo_traseiro,18.7,18.7,23.7,0
2025-10-05_pescoco,2025-10-05,pescoco,8.91,8.91,10.36,0
2025-10-05_acem,2025-10-05,acem,26.85,26.85,34.21,0
2025-10-05_ponta_de_peito,2025-10-05,ponta_de_peito,10.37,10.37,12.9,0
2025-10-05_paleta,2025-10-05,paleta,15.19,15.19,23.85,0
2025-10-05_musculo_dianteiro,2025-10-05,musculo_dianteiro,14.12,14.12,19.67,0
2025-10-05_cupim,2025-10-05,cupim,11.79,11.72,11.72,1
2025-10-05_capa_file,2025-10-05,capa_file,11.94,11.94,14.7,0
2025-10-05_file_agulha,2025-10-05,file_agulha,13.2,13.2,14.41,0
2025-10-05_file_simples,2025-10-05,file_simples,14.3,14.3,15.81,0
2025-10-05_picanha,2025-10-05,picanha,13.29,13.29,16.0,0
2025-10-05_file_mignon,2025-10-05,file_mignon,7.85,7.85,9.42,0
2025-10-05_alcatra,2025-10-05,alcatra,21.44,21.44,23.43,0
2025-10-05_fraldinha,2025-10-05,fraldinha,15.14,15.14,19.61,0
2025-10-05_coxao_mole,2025-10-05,coxao_mole,23.25,23.25,35.98,0
2025-10-05_lagarto,2025-10-05,lagarto,11.93,11.93,18.9,0
2025-10-05_costelao,2025-10-05,costelao,23.21,23.21,25.27,0
2025-10-05_maminha,2025-10-05,maminha,17.74,16.15,16.15,1
2025-10-05_coxao_duro,2025-10-05,coxao_duro,18.86,18.86,21.29,0
2025-10-05_vazio,2025-10-05,vazio,11.11,11.11,14.08,0
2025-10-05_patinho,2025-10-05,patinho,29.02,29.02,31.34,0
2025-10-05_musculo_traseiro,2025-10-05,musculo_traseiro,18.72,17.77,17.77,1
2025-10-06_pescoco,2025-10-06,pescoco,5.57,5.57,8.85,0
2025-10-06_acem,2025-10-06,acem,22.06,22.06,27.95,0
2025-10-06_ponta_de_peito,2025-10-06,ponta_de_peito,9.53,9.53,12.57,0
2025-10-06_paleta,2025-10-06,paleta,14.36,12.87,12.87,1
2025-10-06_musculo_dianteiro,2025-10-06,musculo_dianteiro,10.93,10.93,15.11,0
2025-10-06_cupim,2025-10-06,cupim,7.08,7.08,8.74,0
2025-10-06_capa_file,2025-10-06,capa_file,6.96,6.96,9.17,0
2025-10-06_file_agulha,2025-10-06,file_agulha,9.0,9.0,11.06,0
2025-10-06_file_simples,2025-10-06,file_simples,9.13,9.13,13.82,0
2025-10-06_picanha,2025-10-06,picanha,8.23,8.23,13.05,0
2025-10-06_file_mignon,2025-10-06,file_mignon,6.14,6.14,7.64,0
2025-10-06_alcatra,2025-10-06,alcatra,17.38,17.38,24.58,0
2025-10-06_fraldinha,2025-10-06,fraldinha,11.25,11.25,14.8,0
2025-10-06_coxao_mole,2025-10-06,coxao_mole,18.89,18.89,22.49,0
2025-10-06_lagarto,2025-10-06,lagarto,9.83,9.83,14.21,0
2025-10-06_costelao,2025-10-06,costelao,18.58,18.58,22.14,0
2025-10-06_maminha,2025-10-06,maminha,11.13,11.13,14.68,0
2025-10-06_coxao_duro,2025-10-06,coxao_duro,10.84,10.84,15.7,0
2025-10-06_vazio,2025-10-06,vazio,9.65,9.2,9.2,1
2025-10-06_patinho,2025-10-06,patinho,18.69,18.69,24.17,0
2025-10-06_musculo_traseiro,2025-10-06,musculo_traseiro,7.64,7.64,13.42,0
2025-10-07_pescoco,2025-10-07,pescoco,7.85,7.85,8.56,0
2025-10-07_acem,2025-10-07,acem,20.95,20.95,30.93,0
2025-10-07_ponta_de_peito,2025-10-07,ponta_de_peito,9.62,9.62,10.92,0
2025-10-07_paleta,2025-10-07,paleta,13.94,13.94,15.68,0
2025-10-07_musculo_dianteiro,2025-10-07,musculo_dianteiro,12.12,12.12,17.56,0
2025-10-07_cupim,2025-10-07,cupim,8.03,8.03,10.83,0
2025-10-07_capa_file,2025-10-07,capa_file,8.37,8.37,10.15,0
2025-10-07_file_agulha,2025-10-07,file_agulha,11.11,11.11,11.59,0
2025-10-07_file_simples,2025-10-07,file_simples,11.32,11.32,12.62,0
2025-10-07_picanha,2025-10-07,picanha,12.27,12.27,14.58,0
2025-10-07_file_mignon,2025-10-07,file_mignon,5.39,5.39,8.38,0
2025-10-07_alcatra,2025-10-07,alcatra,17.96,17.96,20.46,0
2025-10-07_fraldinha,2025-10-07,fraldinha,9.37,9.37,14.08,0
2025-10-07_coxao_mole,2025-10-07,coxao_mole,14.86,14.86,19.06,0
2025-10-07_lagarto,2025-10-07,lagarto,10.96,10.96,14.83,0
2025-10-07_costelao,2025-10-07,costelao,13.34,13.34,19.99,0
2025-10-07_maminha,2025-10-07,maminha,11.54,11.54,14.79,0
2025-10-07_coxao_duro,2025-10-07,coxao_duro,11.92,11.92,15.78,0
2025-10-07_vazio,2025-10-07,vazio,12.73,12.55,12.55,1
2025-10-07_patinho,2025-10-07,patinho,19.77,19.77,23.3,0
2025-10-07_musculo_traseiro,2025-10-07,musculo_traseiro,8.65,8.65,14.31,0
2025-10-08_pescoco,2025-10-08,pescoco,9.69,8.91,8.91,1
2025-10-08_acem,2025-10-08,acem,26.33,26.33,26.47,0
2025-10-08_ponta_de_peito,2025-10-08,ponta_de_peito,10.86,10.86,13.3,0
2025-10-08_paleta,2025-10-08,paleta,14.0,14.0,17.53,0
2025-10-08_musculo_dianteiro,2025-10-08,musculo_dianteiro,14.19,14.19,15.55,0
2025-10-08_cupim,2025-10-08,cupim,9.88,9.88,11.95,0
2025-10-08_capa_file,2025-10-08,capa_file,8.79,8.79,9.05,0
2025-10-08_file_agulha,2025-10-08,file_agulha,11.49,11.49,11.82,0
2025-10-08_file_simples,2025-10-08,file_simples,11.15,11.15,13.91,0
2025-10-08_picanha,2025-10-08,picanha,10.23,10.23,11.86,0
2025-10-08_file_mignon,2025-10-08,file_mignon,6.82,6.82,8.98,0
2025-10-08_alcatra,2025-10-08,alcatra,18.76,18.76,25.61,0
2025-10-08_fraldinha,2025-10-08,fraldinha,12.4,12.4,13.71,0
2025-10-08_coxao_mole,2025-10-08,coxao_mole,18.54,18.54,23.07,0
2025-10-08_lagarto,2025-10-08,lagarto,11.84,11.84,13.57,0
2025-10-08_costelao,2025-10-08,costelao,16.85,16.85,21.73,0
2025-10-08_maminha,2025-10-08,maminha,13.46,13.05,13.05,1
2025-10-08_coxao_duro,2025-10-08,coxao_duro,14.72,14.72,15.95,0
2025-10-08_vazio,2025-10-08,vazio,9.77,9.77,11.85,0
2025-10-08_patinho,2025-10-08,patinho,19.15,19.15,23.23,0
2025-10-08_musculo_traseiro,2025-10-08,musculo_traseiro,11.66,11.66,16.02,0
2025-10-09_pescoco,2025-10-09,pescoco,7.31,7.31,10.51,0
2025-10-09_acem,2025-10-09,acem,31.45,31.45,35.01,0
2025-10-09_ponta_de_peito,2025-10-09,ponta_de_peito,10.81,10.81,14.48,0
2025-10-09_paleta,2025-10-09,paleta,20.1,15.67,15.67,1
2025-10-09_musculo_dianteiro,2025-10-09,musculo_dianteiro,12.6,12.6,14.69,0
2025-10-09_cupim,2025-10-09,cupim,8.61,8.61,12.58,0
2025-10-09_capa_file,2025-10-09,capa_file,7.7,7.7,11.82,0
2025-10-09_file_agulha,2025-10-09,file_agulha,10.59,10.59,15.74,0
2025-10-09_file_simples,2025-10-09,file_simples,11.74,11.74,16.43,0
2025-10-09_picanha,2025-10-09,picanha,11.97,11.97,15.07,0
2025-10-09_file_mignon,2025-10-09,file_mignon,6.78,6.78,9.31,0
2025-10-09_alcatra,2025-10-09,alcatra,20.21,20.21,21.04,0
2025-10-09_fraldinha,2025-10-09,fraldinha,14.31,14.31,15.39,0
2025-10-09_coxao_mole,2025-10-09,coxao_mole,21.3,21.3,25.09,0
2025-10-09_lagarto,2025-10-09,lagarto,11.09,11.09,17.18,0
2025-10-09_costelao,2025-10-09,costelao,18.75,18.75,20.28,0
2025-10-09_maminha,2025-10-09,maminha,11.06,11.06,12.7,0
2025-10-09_coxao_duro,2025-10-09,coxao_duro,14.17,14.17,15.49,0
2025-10-09_vazio,2025-10-09,vazio,9.77,9.77,13.8,0
2025-10-09_patinho,2025-10-09,patinho,20.17,20.17,24.86,0
2025-10-09_musculo_traseiro,2025-10-09,musculo_traseiro,9.81,9.81,12.85,0
2025-10-10_pescoco,2025-10-10,pescoco,9.49,9.49,12.28,0
2025-10-10_acem,2025-10-10,acem,33.62,33.62,35.92,0
2025-10-10_ponta_de_peito,2025-10-10,ponta_de_peito,11.93,11.93,14.27,0
2025-10-10_paleta,2025-10-10,paleta,17.67,17.67,24.14,0
2025-10-10_musculo_dianteiro,2025-10-10,musculo_dianteiro,17.8,17.8,19.12,0
2025-10-10_cupim,2025-10-10,cupim,12.63,12.63,15.19,0
2025-10-10_capa_file,2025-10-10,capa_file,11.69,11.69,12.85,0
2025-10-10_file_agulha,2025-10-10,file_agulha,16.78,16.77,16.77,1
2025-10-10_file_simples,2025-10-10,file_simples,14.66,14.66,21.46,0
2025-10-10_picanha,2025-10-10,picanha,18.04,15.56,15.56,1
2025-10-10_file_mignon,2025-10-10,file_mignon,7.15,7.15,12.12,0
2025-10-10_alcatra,2025-10-10,alcatra,26.01,26.01,34.31,0
2025-10-10_fraldinha,2025-10-10,fraldinha,26.15,17.77,17.77,1
2025-10-10_coxao_mole,2025-10-10,coxao_mole,26.28,26.28,31.08,0
2025-10-10_lagarto,2025-10-10,lagarto,14.44,14.44,18.79,0
2025-10-10_costelao,2025-10-10,costelao,24.87,24.87,28.73,0
2025-10-10_maminha,2025-10-10,maminha,15.78,15.78,17.56,0
2025-10-10_coxao_duro,2025-10-10,coxao_duro,19.53,19.53,20.85,0
2025-10-10_vazio,2025-10-10,vazio,11.31,11.31,16.13,0
2025-10-10_patinho,2025-10-10,patinho,26.16,26.16,37.98,0
2025-10-10_musculo_traseiro,2025-10-10,musculo_traseiro,11.15,11.15,18.46,0
2025-10-11_pescoco,2025-10-11,pescoco,11.75,11.75,13.05,0
2025-10-11_acem,2025-10-11,acem,44.12,40.22,40.22,1
2025-10-11_ponta_de_peito,2025-10-11,ponta_de_peito,14.88,14.88,17.92,0
2025-10-11_paleta,2025-10-11,paleta,25.68,25.68,33.95,0
2025-10-11_musculo_dianteiro,2025-10-11,musculo_dianteiro,14.88,14.88,23.42,0
2025-10-11_cupim,2025-10-11,cupim,15.07,15.07,17.67,0
2025-10-11_capa_file,2025-10-11,capa_file,15.96,14.34,14.34,1
2025-10-11_file_agulha,2025-10-11,file_agulha,18.3,18.3,21.17,0
2025-10-11_file_simples,2025-10-11,file_simples,17.04,17.04,20.45,0
2025-10-11_picanha,2025-10-11,picanha,19.49,19.49,20.71,0
2025-10-11_file_mignon,2025-10-11,file_mignon,11.56,11.56,12.36,0
2025-10-11_alcatra,2025-10-11,alcatra,38.48,36.04,36.04,1
2025-10-11_fraldinha,2025-10-11,fraldinha,26.54,25.88,25.88,1
2025-10-11_coxao_mole,2025-10-11,coxao_mole,29.27,29.27,40.85,0
2025-10-11_lagarto,2025-10-11,lagarto,14.72,14.72,21.22,0
2025-10-11_costelao,2025-10-11,costelao,33.85,33.85,35.52,0
2025-10-11_maminha,2025-10-11,maminha,18.46,18.46,21.37,0
2025-10-11_coxao_duro,2025-10-11,coxao_duro,20.65,20.65,28.56,0
2025-10-11_vazio,2025-10-11,vazio,20.13,19.69,19.69,1
2025-10-11_patinho,2025-10-11,patinho,30.7,30.7,42.96,0
2025-10-11_musculo_traseiro,2025-10-11,musculo_traseiro,19.57,19.57,25.04,0
2025-10-12_pescoco,2025-10-12,pescoco,9.9,9.9,10.59,0
2025-10-12_acem,2025-10-12,acem,29.67,29.67,43.82,0
2025-10-12_ponta_de_peito,2025-10-12,ponta_de_peito,12.19,12.19,15.37,0
2025-10-12_paleta,2025-10-12,paleta,20.95,17.49,17.49,1
2025-10-12_musculo_dianteiro,2025-10-12,musculo_dianteiro,17.43,17.43,20.77,0
2025-10-12_cupim,2025-10-12,cupim,11.44,11.44,11.72,0
2025-10-12_capa_file,2025-10-12,capa_file,12.73,12.73,13.69,0
2025-10-12_file_agulha,2025-10-12,file_agulha,10.76,10.76,15.05,0
2025-10-12_file_simples,2025-10-12,file_simples,17.38,17.38,19.19,0
2025-10-12_picanha,2025-10-12,picanha,14.24,13.93,13.93,1
2025-10-12_file_mignon,2025-10-12,file_mignon,7.23,7.23,10.44,0
2025-10-12_alcatra,2025-10-12,alcatra,24.94,24.94,28.24,0
2025-10-12_fraldinha,2025-10-12,fraldinha,22.5,14.86,14.86,1
2025-10-12_coxao_mole,2025-10-12,coxao_mole,27.52,27.52,29.6,0
2025-10-12_lagarto,2025-10-12,lagarto,13.95,13.95,17.11,0
2025-10-12_costelao,2025-10-12,costelao,24.83,24.83,24.87,0
2025-10-12_maminha,2025-10-12,maminha,16.35,16.35,18.23,0
2025-10-12_coxao_duro,2025-10-12,coxao_duro,16.08,16.08,21.14,0
2025-10-12_vazio,2025-10-12,vazio,12.14,12.14,14.04,0
2025-10-12_patinho,2025-10-12,patinho,30.48,27.17,27.17,1
2025-10-12_musculo_traseiro,2025-10-12,musculo_traseiro,16.09,16.09,17.84,0
2025-10-13_pescoco,2025-10-13,pescoco,6.54,6.54,7.72,0
2025-10-13_acem,2025-10-13,acem,20.97,20.97,27.97,0
2025-10-13_ponta_de_peito,2025-10-13,ponta_de_peito,8.56,8.56,11.62,0
2025-10-13_paleta,2025-10-13,paleta,13.69,13.69,13.76,0
2025-10-13_musculo_dianteiro,2025-10-13,musculo_dianteiro,10.73,10.73,15.58,0
2025-10-13_cupim,2025-10-13,cupim,7.86,7.86,9.6,0
2025-10-13_capa_file,2025-10-13,capa_file,8.7,8.14,8.14,1
2025-10-13_file_agulha,2025-10-13,file_agulha,9.46,9.46,12.85,0
2025-10-13_file_simples,2025-10-13,file_simples,8.54,8.54,13.48,0
2025-10-13_picanha,2025-10-13,picanha,9.13,9.13,10.8,0
2025-10-13_file_mignon,2025-10-13,file_mignon,6.24,6.24,6.68,0
2025-10-13_alcatra,2025-10-13,alcatra,17.07,17.07,17.63,0
2025-10-13_fraldinha,2025-10-13,fraldinha,11.83,11.83,13.76,0
2025-10-13_coxao_mole,2025-10-13,coxao_mole,14.09,14.09,22.51,0
2025-10-13_lagarto,2025-10-13,lagarto,9.6,9.6,12.3,0
2025-10-13_costelao,2025-10-13,costelao,15.33,15.33,22.27,0
2025-10-13_maminha,2025-10-13,maminha,10.16,10.16,12.82,0
2025-10-13_coxao_duro,2025-10-13,coxao_duro,11.57,11.57,16.57,0
2025-10-13_vazio,2025-10-13,vazio,7.01,7.01,10.04,0
2025-10-13_patinho,2025-10-13,patinho,16.12,16.12,23.58,0
2025-10-13_musculo_traseiro,2025-10-13,musculo_traseiro,9.9,9.9,11.65,0
2025-10-14_pescoco,2025-10-14,pescoco,8.01,7.07,7.07,1
2025-10-14_acem,2025-10-14,acem,24.98,22.13,22.13,1
2025-10-14_ponta_de_peito,2025-10-14,ponta_de_peito,9.46,9.46,12.16,0
2025-10-14_paleta,2025-10-14,paleta,13.39,13.39,16.84,0
2025-10-14_musculo_dianteiro,2025-10-14,musculo_dianteiro,10.4,10.4,17.01,0
2025-10-14_cupim,2025-10-14,cupim,9.48,9.33,9.33,1
2025-10-14_capa_file,2025-10-14,capa_file,10.71,10.71,11.82,0
2025-10-14_file_agulha,2025-10-14,file_agulha,10.41,10.41,15.05,0
2025-10-14_file_simples,2025-10-14,file_simples,10.6,10.6,13.81,0
2025-10-14_picanha,2025-10-14,picanha,10.31,10.31,12.12,0
2025-10-14_file_mignon,2025-10-14,file_mignon,6.3,6.3,9.3,0
2025-10-14_alcatra,2025-10-14,alcatra,18.69,16.81,16.81,1
2025-10-14_fraldinha,2025-10-14,fraldinha,12.32,12.32,15.52,0
2025-10-14_coxao_mole,2025-10-14,coxao_mole,20.52,20.52,22.63,0
2025-10-14_lagarto,2025-10-14,lagarto,10.97,10.97,12.46,0
2025-10-14_costelao,2025-10-14,costelao,19.45,19.45,21.9,0
2025-10-14_maminha,2025-10-14,maminha,10.75,10.75,15.56,0
2025-10-14_coxao_duro,2025-10-14,coxao_duro,13.32,13.32,18.36,0
2025-10-14_vazio,2025-10-14,vazio,9.14,8.58,8.58,1
2025-10-14_patinho,2025-10-14,patinho,21.51,19.9,19.9,1
2025-10-14_musculo_traseiro,2025-10-14,musculo_traseiro,11.05,11.05,16.46,0
2025-10-15_pescoco,2025-10-15,pescoco,7.04,7.04,10.68,0
2025-10-15_acem,2025-10-15,acem,26.14,26.14,30.04,0
2025-10-15_ponta_de_peito,2025-10-15,ponta_de_peito,9.8,9.8,13.05,0
2025-10-15_paleta,2025-10-15,paleta,15.52,15.52,21.41,0
2025-10-15_musculo_dianteiro,2025-10-15,musculo_dianteiro,10.35,10.35,14.78,0
2025-10-15_cupim,2025-10-15,cupim,10.43,10.43,11.97,0
2025-10-15_capa_file,2025-10-15,capa_file,8.9,8.9,10.35,0
2025-10-15_file_agulha,2025-10-15,file_agulha,10.25,10.25,12.22,0
2025-10-15_file_simples,2025-10-15,file_simples,10.92,10.92,12.38,0
2025-10-15_picanha,2025-10-15,picanha,10.57,10.57,14.51,0
2025-10-15_file_mignon,2025-10-15,file_mignon,6.92,6.92,8.26,0
2025-10-15_alcatra,2025-10-15,alcatra,17.42,17.42,23.11,0
2025-10-15_fraldinha,2025-10-15,fraldinha,14.07,14.07,14.09,0
2025-10-15_coxao_mole,2025-10-15,coxao_mole,22.18,22.18,27.26,0
2025-10-15_lagarto,2025-10-15,lagarto,11.08,11.08,14.99,0
2025-10-15_costelao,2025-10-15,costelao,22.34,18.39,18.39,1
2025-10-15_maminha,2025-10-15,maminha,10.54,10.54,15.95,0
2025-10-15_coxao_duro,2025-10-15,coxao_duro,12.75,12.75,17.94,0
2025-10-15_vazio,2025-10-15,vazio,11.36,9.02,9.02,1
2025-10-15_patinho,2025-10-15,patinho,21.01,20.86,20.86,1
2025-10-15_musculo_traseiro,2025-10-15,musculo_traseiro,12.32,12.32,15.47,0
2025-10-16_pescoco,2025-10-16,pescoco,8.14,8.14,10.25,0
2025-10-16_acem,2025-10-16,acem,25.62,25.62,33.88,0
2025-10-16_ponta_de_peito,2025-10-16,ponta_de_peito,7.84,7.84,13.96,0
2025-10-16_paleta,2025-10-16,paleta,16.23,16.23,19.82,0
2025-10-16_musculo_dianteiro,2025-10-16,musculo_dianteiro,12.43,12.43,16.08,0
2025-10-16_cupim,2025-10-16,cupim,10.72,10.72,11.62,0
2025-10-16_capa_file,2025-10-16,capa_file,9.88,9.88,12.33,0
2025-10-16_file_agulha,2025-10-16,file_agulha,9.61,9.61,12.75,0
2025-10-16_file_simples,2025-10-16,file_simples,11.17,11.17,18.39,0
2025-10-16_picanha,2025-10-16,picanha,11.36,11.36,15.67,0
2025-10-16_file_mignon,2025-10-16,file_mignon,6.37,6.37,8.9,0
2025-10-16_alcatra,2025-10-16,alcatra,18.43,18.43,24.4,0
2025-10-16_fraldinha,2025-10-16,fraldinha,14.26,14.17,14.17,1
2025-10-16_coxao_mole,2025-10-16,coxao_mole,17.34,17.34,26.77,0
2025-10-16_lagarto,2025-10-16,lagarto,13.51,13.51,14.86,0
2025-10-16_costelao,2025-10-16,costelao,16.03,16.03,19.22,0
2025-10-16_maminha,2025-10-16,maminha,11.43,11.43,14.04,0
2025-10-16_coxao_duro,2025-10-16,coxao_duro,20.15,16.61,16.61,1
2025-10-16_vazio,2025-10-16,vazio,11.8,11.8,12.52,0
2025-10-16_patinho,2025-10-16,patinho,26.45,26.45,26.8,0
2025-10-16_musculo_traseiro,2025-10-16,musculo_traseiro,11.35,11.35,14.05,0
2025-10-17_pescoco,2025-10-17,pescoco,7.98,7.98,11.73,0
2025-10-17_acem,2025-10-17,acem,31.27,31.27,33.51,0
2025-10-17_ponta_de_peito,2025-10-17,ponta_de_peito,12.21,11.85,11.85,1
2025-10-17_paleta,2025-10-17,paleta,20.38,20.38,26.7,0
2025-10-17_musculo_dianteiro,2025-10-17,musculo_dianteiro,16.11,16.11,18.29,0
2025-10-17_cupim,2025-10-17,cupim,12.47,12.47,13.26,0
2025-10-17_capa_file,2025-10-17,capa_file,11.71,11.71,12.32,0
2025-10-17_file_agulha,2025-10-17,file_agulha,12.63,12.63,17.57,0
2025-10-17_file_simples,2025-10-17,file_simples,16.08,16.08,19.81,0
2025-10-17_picanha,2025-10-17,picanha,12.82,12.82,17.65,0
2025-10-17_file_mignon,2025-10-17,file_mignon,9.16,9.16,11.35,0
2025-10-17_alcatra,2025-10-17,alcatra,24.04,24.04,29.2,0
2025-10-17_fraldinha,2025-10-17,fraldinha,16.86,16.86,18.35,0
2025-10-17_coxao_mole,2025-10-17,coxao_mole,24.4,24.4,33.81,0
2025-10-17_lagarto,2025-10-17,lagarto,14.03,14.03,16.45,0
2025-10-17_costelao,2025-10-17,costelao,21.3,21.3,27.56,0
2025-10-17_maminha,2025-10-17,maminha,17.04,16.64,16.64,1
2025-10-17_coxao_duro,2025-10-17,coxao_duro,17.72,17.72,19.99,0
2025-10-17_vazio,2025-10-17,vazio,10.52,10.52,15.58,0
2025-10-17_patinho,2025-10-17,patinho,24.89,24.89,27.81,0
2025-10-17_musculo_traseiro,2025-10-17,musculo_traseiro,12.17,12.17,20.25,0
2025-10-18_pescoco,2025-10-18,pescoco,10.79,10.79,16.33,0
2025-10-18_acem,2025-10-18,acem,35.13,35.13,46.58,0
2025-10-18_ponta_de_peito,2025-10-18,ponta_de_peito,15.86,15.86,17.1,0
2025-10-18_paleta,2025-10-18,paleta,23.64,23.64,30.11,0
2025-10-18_musculo_dianteiro,2025-10-18,musculo_dianteiro,21.59,21.59,24.69,0
2025-10-18_cupim,2025-10-18,cupim,13.71,13.71,17.79,0
2025-10-18_capa_file,2025-10-18,capa_file,18.82,16.18,16.18,1
2025-10-18_file_agulha,2025-10-18,file_agulha,14.88,14.88,20.16,0
2025-10-18_file_simples,2025-10-18,file_simples,16.75,16.75,23.43,0
2025-10-18_picanha,2025-10-18,picanha,21.58,21.58,22.64,0
2025-10-18_file_mignon,2025-10-18,file_mignon,8.33,8.33,12.82,0
2025-10-18_alcatra,2025-10-18,alcatra,33.01,29.42,29.42,1
2025-10-18_fraldinha,2025-10-18,fraldinha,25.8,22.32,22.32,1
2025-10-18_coxao_mole,2025-10-18,coxao_mole,29.14,29.14,34.28,0
2025-10-18_lagarto,2025-10-18,lagarto,19.72,19.72,20.62,0
2025-10-18_costelao,2025-10-18,costelao,29.97,29.97,30.72,0
2025-10-18_maminha,2025-10-18,maminha,18.31,18.31,19.98,0
2025-10-18_coxao_duro,2025-10-18,coxao_duro,19.53,19.53,24.03,0
2025-10-18_vazio,2025-10-18,vazio,18.66,18.45,18.45,1
2025-10-18_patinho,2025-10-18,patinho,39.43,39.43,41.44,0
2025-10-18_musculo_traseiro,2025-10-18,musculo_traseiro,20.52,20.52,24.09,0
2025-10-19_pescoco,2025-10-19,pescoco,8.01,8.01,10.99,0
2025-10-19_acem,2025-10-19,acem,31.91,31.91,39.76,0
2025-10-19_ponta_de_peito,2025-10-19,ponta_de_peito,9.5,9.5,12.3,0
2025-10-19_paleta,2025-10-19,paleta,15.2,15.2,24.47,0
2025-10-19_musculo_dianteiro,2025-10-19,musculo_dianteiro,15.36,15.36,17.03,0
2025-10-19_cupim,2025-10-19,cupim,11.99,11.99,15.39,0
2025-10-19_capa_file,2025-10-19,capa_file,14.3,12.96,12.96,1
2025-10-19_file_agulha,2025-10-19,file_agulha,8.49,8.49,14.95,0
2025-10-19_file_simples,2025-10-19,file_simples,10.01,10.01,19.84,0
2025-10-19_picanha,2025-10-19,picanha,12.51,12.51,13.85,0
2025-10-19_file_mignon,2025-10-19,file_mignon,9.27,9.27,11.0,0
2025-10-19_alcatra,2025-10-19,alcatra,20.53,20.53,29.74,0
2025-10-19_fraldinha,2025-10-19,fraldinha,13.36,13.36,19.7,0
2025-10-19_coxao_mole,2025-10-19,coxao_mole,23.77,23.77,28.66,0
2025-10-19_lagarto,2025-10-19,lagarto,14.02,14.02,14.75,0
2025-10-19_costelao,2025-10-19,costelao,23.16,23.16,26.9,0
2025-10-19_maminha,2025-10-19,maminha,14.36,14.36,17.5,0
2025-10-19_coxao_duro,2025-10-19,coxao_duro,13.66,13.66,20.57,0
2025-10-19_vazio,2025-10-19,vazio,12.28,12.28,15.89,0
2025-10-19_patinho,2025-10-19,patinho,31.86,31.86,34.47,0
2025-10-19_musculo_traseiro,2025-10-19,musculo_traseiro,12.27,12.27,15.83,0
2025-10-20_pescoco,2025-10-20,pescoco,8.32,7.41,7.41,1
2025-10-20_acem,2025-10-20,acem,19.97,19.97,32.29,0
2025-10-20_ponta_de_peito,2025-10-20,ponta_de_peito,7.55,7.55,11.6,0
2025-10-20_paleta,2025-10-20,paleta,12.56,12.56,17.27,0
2025-10-20_musculo_dianteiro,2025-10-20,musculo_dianteiro,9.79,9.79,14.62,0
2025-10-20_cupim,2025-10-20,cupim,6.78,6.78,9.65,0
2025-10-20_capa_file,2025-10-20,capa_file,8.24,8.24,9.85,0
2025-10-20_file_agulha,2025-10-20,file_agulha,8.82,8.82,11.38,0
2025-10-20_file_simples,2025-10-20,file_simples,8.59,8.59,11.53,0
2025-10-20_picanha,2025-10-20,picanha,9.47,9.47,13.67,0
2025-10-20_file_mignon,2025-10-20,file_mignon,6.61,6.61,8.0,0
2025-10-20_alcatra,2025-10-20,alcatra,17.92,16.68,16.68,1
2025-10-20_fraldinha,2025-10-20,fraldinha,10.49,10.49,14.78,0
2025-10-20_coxao_mole,2025-10-20,coxao_mole,14.21,14.21,17.18,0
2025-10-20_lagarto,2025-10-20,lagarto,11.48,10.93,10.93,1
2025-10-20_costelao,2025-10-20,costelao,16.52,16.52,20.44,0
2025-10-20_maminha,2025-10-20,maminha,10.93,10.93,13.37,0
2025-10-20_coxao_duro,2025-10-20,coxao_duro,11.43,11.43,15.48,0
2025-10-20_vazio,2025-10-20,vazio,9.63,9.63,11.09,0
2025-10-20_patinho,2025-10-20,patinho,18.9,18.9,27.71,0
2025-10-20_musculo_traseiro,2025-10-20,musculo_traseiro,10.12,10.12,12.29,0
2025-10-21_pescoco,2025-10-21,pescoco,7.89,7.89,10.06,0
2025-10-21_acem,2025-10-21,acem,25.48,25.48,30.17,0
2025-10-21_ponta_de_peito,2025-10-21,ponta_de_peito,7.28,7.28,10.51,0
2025-10-21_paleta,2025-10-21,paleta,12.81,12.81,18.93,0
2025-10-21_musculo_dianteiro,2025-10-21,musculo_dianteiro,11.15,11.15,14.92,0
2025-10-21_cupim,2025-10-21,cupim,10.44,10.44,12.01,0
2025-10-21_capa_file,2025-10-21,capa_file,7.61,7.61,9.41,0
2025-10-21_file_agulha,2025-10-21,file_agulha,7.84,7.84,9.43,0
2025-10-21_file_simples,2025-10-21,file_simples,12.37,12.37,13.99,0
2025-10-21_picanha,2025-10-21,picanha,11.1,11.1,14.28,0
2025-10-21_file_mignon,2025-10-21,file_mignon,7.31,7.31,8.49,0
2025-10-21_alcatra,2025-10-21,alcatra,14.48,14.48,22.07,0
2025-10-21_fraldinha,2025-10-21,fraldinha,13.19,13.19,14.28,0
2025-10-21_coxao_mole,2025-10-21,coxao_mole,18.0,18.0,22.01,0
2025-10-21_lagarto,2025-10-21,lagarto,12.35,12.35,16.2,0
2025-10-21_costelao,2025-10-21,costelao,19.22,19.22,22.03,0
2025-10-21_maminha,2025-10-21,maminha,11.9,11.9,13.88,0
2025-10-21_coxao_duro,2025-10-21,coxao_duro,10.77,10.77,20.04,0
2025-10-21_vazio,2025-10-21,vazio,7.53,7.53,11.34,0
2025-10-21_patinho,2025-10-21,patinho,22.25,22.25,25.47,0
2025-10-21_musculo_traseiro,2025-10-21,musculo_traseiro,12.94,9.96,9.96,1
2025-10-22_pescoco,2025-10-22,pescoco,7.77,7.77,10.23,0
2025-10-22_acem,2025-10-22,acem,25.97,25.97,31.23,0
2025-10-22_ponta_de_peito,2025-10-22,ponta_de_peito,8.28,8.28,10.19,0
2025-10-22_paleta,2025-10-22,paleta,16.25,16.25,16.74,0
2025-10-22_musculo_dianteiro,2025-10-22,musculo_dianteiro,10.14,10.14,16.9,0
2025-10-22_cupim,2025-10-22,cupim,8.46,8.46,11.78,0
2025-10-22_capa_file,2025-10-22,capa_file,9.11,9.11,12.27,0
2025-10-22_file_agulha,2025-10-22,file_agulha,12.3,12.3,14.73,0
2025-10-22_file_simples,2025-10-22,file_simples,11.56,11.56,14.0,0
2025-10-22_picanha,2025-10-22,picanha,10.74,10.74,12.32,0
2025-10-22_file_mignon,2025-10-22,file_mignon,6.5,6.5,8.43,0
2025-10-22_alcatra,2025-10-22,alcatra,19.2,19.2,20.0,0
2025-10-22_fraldinha,2025-10-22,fraldinha,15.93,15.74,15.74,1
2025-10-22_coxao_mole,2025-10-22,coxao_mole,22.47,22.47,23.17,0
2025-10-22_lagarto,2025-10-22,lagarto,12.19,12.19,16.81,0
2025-10-22_costelao,2025-10-22,costelao,18.05,18.05,23.86,0
2025-10-22_maminha,2025-10-22,maminha,13.06,13.06,14.97,0
2025-10-22_coxao_duro,2025-10-22,coxao_duro,13.92,13.92,14.78,0
2025-10-22_vazio,2025-10-22,vazio,10.05,10.05,11.43,0
2025-10-22_patinho,2025-10-22,patinho,19.34,19.34,25.33,0
2025-10-22_musculo_traseiro,2025-10-22,musculo_traseiro,12.21,12.21,12.99,0
2025-10-23_pescoco,2025-10-23,pescoco,7.95,7.95,10.43,0
2025-10-23_acem,2025-10-23,acem,25.14,25.14,31.22,0
2025-10-23_ponta_de_peito,2025-10-23,ponta_de_peito,8.78,8.78,10.08,0
2025-10-23_paleta,2025-10-23,paleta,19.6,18.51,18.51,1
2025-10-23_musculo_dianteiro,2025-10-23,musculo_dianteiro,13.99,13.99,16.93,0
2025-10-23_cupim,2025-10-23,cupim,9.47,9.47,11.47,0
2025-10-23_capa_file,2025-10-23,capa_file,10.32,10.32,11.33,0
2025-10-23_file_agulha,2025-10-23,file_agulha,12.59,12.59,12.64,0
2025-10-23_file_simples,2025-10-23,file_simples,12.57,12.57,15.85,0
2025-10-23_picanha,2025-10-23,picanha,8.93,8.93,12.18,0
2025-10-23_file_mignon,2025-10-23,file_mignon,6.86,6.86,7.71,0
2025-10-23_alcatra,2025-10-23,alcatra,21.16,20.91,20.91,1
2025-10-23_fraldinha,2025-10-23,fraldinha,11.49,11.49,17.24,0
2025-10-23_coxao_mole,2025-10-23,coxao_mole,16.64,16.64,27.49,0
2025-10-23_lagarto,2025-10-23,lagarto,12.36,12.36,12.44,0
2025-10-23_costelao,2025-10-23,costelao,21.68,21.68,24.51,0
2025-10-23_maminha,2025-10-23,maminha,14.32,14.32,15.48,0
2025-10-23_coxao_duro,2025-10-23,coxao_duro,16.2,16.2,18.56,0
2025-10-23_vazio,2025-10-23,vazio,10.64,10.64,12.04,0
2025-10-23_patinho,2025-10-23,patinho,18.35,18.35,28.43,0
2025-10-23_musculo_traseiro,2025-10-23,musculo_traseiro,14.48,12.7,12.7,1
2025-10-24_pescoco,2025-10-24,pescoco,10.86,10.86,11.65,0
2025-10-24_acem,2025-10-24,acem,27.77,27.77,40.27,0
2025-10-24_ponta_de_peito,2025-10-24,ponta_de_peito,11.44,11.44,15.45,0
2025-10-24_paleta,2025-10-24,paleta,20.56,20.44,20.44,1
2025-10-24_musculo_dianteiro,2025-10-24,musculo_dianteiro,17.17,17.17,22.9,0
2025-10-24_cupim,2025-10-24,cupim,12.59,12.59,13.24,0
2025-10-24_capa_file,2025-10-24,capa_file,11.36,11.36,14.29,0
2025-10-24_file_agulha,2025-10-24,file_agulha,11.38,11.38,16.25,0
2025-10-24_file_simples,2025-10-24,file_simples,18.5,18.32,18.32,1
2025-10-24_picanha,2025-10-24,picanha,13.49,13.49,16.03,0
2025-10-24_file_mignon,2025-10-24,file_mignon,7.57,7.57,10.89,0
2025-10-24_alcatra,2025-10-24,alcatra,25.74,25.68,25.68,1
2025-10-24_fraldinha,2025-10-24,fraldinha,17.63,17.63,21.7,0
2025-10-24_coxao_mole,2025-10-24,coxao_mole,25.95,25.95,30.87,0
2025-10-24_lagarto,2025-10-24,lagarto,20.57,19.41,19.41,1
2025-10-24_costelao,2025-10-24,costelao,25.21,25.21,27.47,0
2025-10-24_maminha,2025-10-24,maminha,14.94,14.94,19.71,0
2025-10-24_coxao_duro,2025-10-24,coxao_duro,17.73,17.73,21.89,0
2025-10-24_vazio,2025-10-24,vazio,13.72,13.72,15.81,0
2025-10-24_patinho,2025-10-24,patinho,25.12,25.12,35.93,0
2025-10-24_musculo_traseiro,2025-10-24,musculo_traseiro,13.82,13.82,16.5,0
2025-10-25_pescoco,2025-10-25,pescoco,10.35,10.35,14.91,0
2025-10-25_acem,2025-10-25,acem,44.24,44.24,56.52,0
2025-10-25_ponta_de_peito,2025-10-25,ponta_de_peito,13.15,13.15,17.32,0
2025-10-25_paleta,2025-10-25,paleta,23.01,23.01,32.25,0
2025-10-25_musculo_dianteiro,2025-10-25,musculo_dianteiro,18.74,18.74,20.22,0
2025-10-25_cupim,2025-10-25,cupim,17.22,17.22,19.3,0
2025-10-25_capa_file,2025-10-25,capa_file,15.68,15.68,16.2,0
2025-10-25_file_agulha,2025-10-25,file_agulha,17.22,17.22,18.58,0
2025-10-25_file_simples,2025-10-25,file_simples,18.49,18.49,21.31,0
2025-10-25_picanha,2025-10-25,picanha,22.28,20.18,20.18,1
2025-10-25_file_mignon,2025-10-25,file_mignon,8.94,8.94,12.32,0
2025-10-25_alcatra,2025-10-25,alcatra,34.9,34.9,34.92,0
2025-10-25_fraldinha,2025-10-25,fraldinha,31.56,23.46,23.46,1
2025-10-25_coxao_mole,2025-10-25,coxao_mole,26.16,26.16,35.81,0
2025-10-25_lagarto,2025-10-25,lagarto,19.02,19.02,23.22,0
2025-10-25_costelao,2025-10-25,costelao,34.12,33.96,33.96,1
2025-10-25_maminha,2025-10-25,maminha,29.27,21.74,21.74,1
2025-10-25_coxao_duro,2025-10-25,coxao_duro,20.36,20.36,24.45,0
2025-10-25_vazio,2025-10-25,vazio,14.99,14.99,19.37,0
2025-10-25_patinho,2025-10-25,patinho,32.86,32.86,37.48,0
2025-10-25_musculo_traseiro,2025-10-25,musculo_traseiro,19.55,19.55,21.72,0
2025-10-26_pescoco,2025-10-26,pescoco,9.53,9.53,11.6,0
2025-10-26_acem,2025-10-26,acem,26.61,26.61,39.98,0
2025-10-26_ponta_de_peito,2025-10-26,ponta_de_peito,8.97,8.97,14.15,0
2025-10-26_paleta,2025-10-26,paleta,21.2,21.2,21.29,0
2025-10-26_musculo_dianteiro,2025-10-26,musculo_dianteiro,17.41,17.41,18.55,0
2025-10-26_cupim,2025-10-26,cupim,12.02,12.02,13.89,0
2025-10-26_capa_file,2025-10-26,capa_file,10.66,10.66,12.27,0
2025-10-26_file_agulha,2025-10-26,file_agulha,11.78,11.78,16.05,0
2025-10-26_file_simples,2025-10-26,file_simples,15.29,15.29,19.2,0
2025-10-26_picanha,2025-10-26,picanha,12.75,12.75,15.63,0
2025-10-26_file_mignon,2025-10-26,file_mignon,11.53,8.15,8.15,1
2025-10-26_alcatra,2025-10-26,alcatra,19.82,19.82,26.63,0
2025-10-26_fraldinha,2025-10-26,fraldinha,16.7,16.7,20.71,0
2025-10-26_coxao_mole,2025-10-26,coxao_mole,21.33,21.33,31.63,0
2025-10-26_lagarto,2025-10-26,lagarto,15.48,15.48,16.39,0
2025-10-26_costelao,2025-10-26,costelao,20.93,20.93,22.68,0
2025-10-26_maminha,2025-10-26,maminha,24.9,18.39,18.39,1
2025-10-26_coxao_duro,2025-10-26,coxao_duro,16.91,16.91,19.56,0
2025-10-26_vazio,2025-10-26,vazio,15.48,14.65,14.65,1
2025-10-26_patinho,2025-10-26,patinho,18.97,18.97,32.84,0
2025-10-26_musculo_traseiro,2025-10-26,musculo_traseiro,13.93,13.93,17.66,0
2025-10-27_pescoco,2025-10-27,pescoco,6.72,6.72,7.0,0
2025-10-27_acem,2025-10-27,acem,19.75,19.75,30.5,0
2025-10-27_ponta_de_peito,2025-10-27,ponta_de_peito,6.39,6.39,10.59,0
2025-10-27_paleta,2025-10-27,paleta,14.16,14.16,19.87,0
2025-10-27_musculo_dianteiro,2025-10-27,musculo_dianteiro,11.92,11.92,12.03,0
2025-10-27_cupim,2025-10-27,cupim,7.53,7.53,10.47,0
2025-10-27_capa_file,2025-10-27,capa_file,9.2,9.2,9.82,0
2025-10-27_file_agulha,2025-10-27,file_agulha,9.76,9.76,11.42,0
2025-10-27_file_simples,2025-10-27,file_simples,12.02,12.02,12.56,0
2025-10-27_picanha,2025-10-27,picanha,9.15,9.15,12.34,0
2025-10-27_file_mignon,2025-10-27,file_mignon,5.31,5.31,7.8,0
2025-10-27_alcatra,2025-10-27,alcatra,16.13,16.13,17.76,0
2025-10-27_fraldinha,2025-10-27,fraldinha,10.38,10.38,14.6,0
2025-10-27_coxao_mole,2025-10-27,coxao_mole,15.47,15.47,23.43,0
2025-10-27_lagarto,2025-10-27,lagarto,11.97,11.97,15.02,0
2025-10-27_costelao,2025-10-27,costelao,14.79,14.79,18.15,0
2025-10-27_maminha,2025-10-27,maminha,10.51,10.51,10.98,0
2025-10-27_coxao_duro,2025-10-27,coxao_duro,12.62,12.62,14.02,0
2025-10-27_vazio,2025-10-27,vazio,7.43,7.43,9.25,0
2025-10-27_patinho,2025-10-27,patinho,16.56,16.56,22.95,0
2025-10-27_musculo_traseiro,2025-10-27,musculo_traseiro,11.26,11.26,12.95,0
2025-10-28_pescoco,2025-10-28,pescoco,8.17,8.17,9.87,0
2025-10-28_acem,2025-10-28,acem,23.48,23.48,26.82,0
2025-10-28_ponta_de_peito,2025-10-28,ponta_de_peito,8.13,8.13,12.05,0
2025-10-28_paleta,2025-10-28,paleta,12.23,12.23,17.02,0
2025-10-28_musculo_dianteiro,2025-10-28,musculo_dianteiro,12.55,12.55,12.89,0
2025-10-28_cupim,2025-10-28,cupim,9.62,9.62,10.01,0
2025-10-28_capa_file,2025-10-28,capa_file,9.52,9.52,9.95,0
2025-10-28_file_agulha,2025-10-28,file_agulha,10.41,10.41,12.35,0
2025-10-28_file_simples,2025-10-28,file_simples,12.96,12.96,14.39,0
2025-10-28_picanha,2025-10-28,picanha,8.95,8.95,14.43,0
2025-10-28_file_mignon,2025-10-28,file_mignon,5.26,5.26,7.42,0
2025-10-28_alcatra,2025-10-28,alcatra,13.83,13.83,20.15,0
2025-10-28_fraldinha,2025-10-28,fraldinha,11.94,11.94,15.85,0
2025-10-28_coxao_mole,2025-10-28,coxao_mole,18.72,16.21,16.21,1
2025-10-28_lagarto,2025-10-28,lagarto,11.9,11.9,12.18,0
2025-10-28_costelao,2025-10-28,costelao,15.61,15.61,21.0,0
2025-10-28_maminha,2025-10-28,maminha,11.47,11.47,13.37,0
2025-10-28_coxao_duro,2025-10-28,coxao_duro,11.02,11.02,13.7,0
2025-10-28_vazio,2025-10-28,vazio,8.86,8.86,11.36,0
2025-10-28_patinho,2025-10-28,patinho,30.17,20.33,20.33,1
2025-10-28_musculo_traseiro,2025-10-28,musculo_traseiro,10.51,10.51,12.63,0
2025-10-29_pescoco,2025-10-29,pescoco,7.17,7.17,10.33,0
2025-10-29_acem,2025-10-29,acem,28.97,28.97,33.53,0
2025-10-29_ponta_de_peito,2025-10-29,ponta_de_peito,12.73,10.41,10.41,1
2025-10-29_paleta,2025-10-29,paleta,10.92,10.92,17.8,0
2025-10-29_musculo_dianteiro,2025-10-29,musculo_dianteiro,11.57,11.57,16.17,0
2025-10-29_cupim,2025-10-29,cupim,8.55,8.55,9.65,0
2025-10-29_capa_file,2025-10-29,capa_file,7.83,7.83,9.35,0
2025-10-29_file_agulha,2025-10-29,file_agulha,10.95,10.95,13.38,0
2025-10-29_file_simples,2025-10-29,file_simples,11.65,11.65,15.89,0
2025-10-29_picanha,2025-10-29,picanha,13.08,13.08,13.11,0
2025-10-29_file_mignon,2025-10-29,file_mignon,6.16,6.16,7.99,0
2025-10-29_alcatra,2025-10-29,alcatra,18.17,18.17,21.71,0
2025-10-29_fraldinha,2025-10-29,fraldinha,11.94,11.94,17.53,0
2025-10-29_coxao_mole,2025-10-29,coxao_mole,14.29,14.29,25.49,0
2025-10-29_lagarto,2025-10-29,lagarto,12.55,12.55,15.69,0
2025-10-29_costelao,2025-10-29,costelao,21.38,20.53,20.53,1
2025-10-29_maminha,2025-10-29,maminha,13.32,12.25,12.25,1
2025-10-29_coxao_duro,2025-10-29,coxao_duro,13.38,13.38,18.48,0
2025-10-29_vazio,2025-10-29,vazio,9.63,9.63,11.45,0
2025-10-29_patinho,2025-10-29,patinho,20.03,20.03,29.73,0
2025-10-29_musculo_traseiro,2025-10-29,musculo_traseiro,10.4,10.4,15.26,0
2025-10-30_pescoco,2025-10-30,pescoco,9.27,8.48,8.48,1
2025-10-30_acem,2025-10-30,acem,24.75,24.75,40.83,0
2025-10-30_ponta_de_peito,2025-10-30,ponta_de_peito,9.84,9.84,11.2,0
2025-10-30_paleta,2025-10-30,paleta,17.17,17.17,18.16,0
2025-10-30_musculo_dianteiro,2025-10-30,musculo_dianteiro,12.17,12.17,13.56,0
2025-10-30_cupim,2025-10-30,cupim,10.04,10.04,11.36,0
2025-10-30_capa_file,2025-10-30,capa_file,9.09,9.09,11.35,0
2025-10-30_file_agulha,2025-10-30,file_agulha,12.32,12.32,13.28,0
2025-10-30_file_simples,2025-10-30,file_simples,12.02,12.02,15.58,0
2025-10-30_picanha,2025-10-30,picanha,10.87,10.6,10.6,1
2025-10-30_file_mignon,2025-10-30,file_mignon,7.09,7.09,8.81,0
2025-10-30_alcatra,2025-10-30,alcatra,16.73,16.73,20.9,0
2025-10-30_fraldinha,2025-10-30,fraldinha,14.97,14.51,14.51,1
2025-10-30_coxao_mole,2025-10-30,coxao_mole,18.91,18.91,25.21,0
2025-10-30_lagarto,2025-10-30,lagarto,13.38,13.38,15.47,0
2025-10-30_costelao,2025-10-30,costelao,22.24,22.24,22.61,0
2025-10-30_maminha,2025-10-30,maminha,10.49,10.49,17.04,0
2025-10-30_coxao_duro,2025-10-30,coxao_duro,17.59,17.59,19.44,0
2025-10-30_vazio,2025-10-30,vazio,11.56,11.56,12.49,0
2025-10-30_patinho,2025-10-30,patinho,29.23,29.23,32.02,0
2025-10-30_musculo_traseiro,2025-10-30,musculo_traseiro,13.51,13.37,13.37,1
2025-10-31_pescoco,2025-10-31,pescoco,9.06,9.06,12.41,0
2025-10-31_acem,2025-10-31,acem,34.31,34.31,45.48,0
2025-10-31_ponta_de_peito,2025-10-31,ponta_de_peito,11.77,11.77,15.19,0
2025-10-31_paleta,2025-10-31,paleta,18.6,18.6,26.58,0
2025-10-31_musculo_dianteiro,2025-10-31,musculo_dianteiro,18.27,18.27,21.11,0
2025-10-31_cupim,2025-10-31,cupim,10.64,10.64,13.07,0
2025-10-31_capa_file,2025-10-31,capa_file,10.35,10.35,12.63,0
2025-10-31_file_agulha,2025-10-31,file_agulha,12.52,12.52,13.13,0
2025-10-31_file_simples,2025-10-31,file_simples,13.26,13.26,18.33,0
2025-10-31_picanha,2025-10-31,picanha,14.12,14.12,16.1,0
2025-10-31_file_mignon,2025-10-31,file_mignon,10.35,10.03,10.03,1
2025-10-31_alcatra,2025-10-31,alcatra,20.69,20.69,27.66,0
2025-10-31_fraldinha,2025-10-31,fraldinha,20.29,19.59,19.59,1
2025-10-31_coxao_mole,2025-10-31,coxao_mole,27.89,27.89,36.32,0
2025-10-31_lagarto,2025-10-31,lagarto,11.65,11.65,19.86,0
2025-10-31_costelao,2025-10-31,costelao,26.83,26.83,29.87,0
2025-10-31_maminha,2025-10-31,maminha,17.71,17.71,19.26,0
2025-10-31_coxao_duro,2025-10-31,coxao_duro,17.24,17.24,21.82,0
2025-10-31_vazio,2025-10-31,vazio,13.79,13.79,15.4,0
2025-10-31_patinho,2025-10-31,patinho,26.06,26.06,32.09,0
2025-10-31_musculo_traseiro,2025-10-31,musculo_traseiro,16.62,16.62,20.18,0
2025-11-01_pescoco,2025-11-01,pescoco,12.31,12.31,13.3,0
2025-11-01_acem,2025-11-01,acem,47.43,45.64,45.64,1
2025-11-01_ponta_de_peito,2025-11-01,ponta_de_peito,15.72,15.72,18.0,0
2025-11-01_paleta,2025-11-01,paleta,20.43,20.43,33.57,0
2025-11-01_musculo_dianteiro,2025-11-01,musculo_dianteiro,21.06,21.06,23.23,0
2025-11-01_cupim,2025-11-01,cupim,14.22,14.22,17.64,0
2025-11-01_capa_file,2025-11-01,capa_file,17.48,15.4,15.4,1
2025-11-01_file_agulha,2025-11-01,file_agulha,19.3,19.3,20.91,0
2025-11-01_file_simples,2025-11-01,file_simples,18.5,18.5,21.75,0
2025-11-01_picanha,2025-11-01,picanha,23.93,17.95,17.95,1
2025-11-01_file_mignon,2025-11-01,file_mignon,10.34,10.34,13.13,0
2025-11-01_alcatra,2025-11-01,alcatra,38.8,37.78,37.78,1
2025-11-01_fraldinha,2025-11-01,fraldinha,24.08,24.08,26.45,0
2025-11-01_coxao_mole,2025-11-01,coxao_mole,29.21,29.21,41.71,0
2025-11-01_lagarto,2025-11-01,lagarto,20.82,20.82,24.79,0
2025-11-01_costelao,2025-11-01,costelao,35.78,35.78,37.2,0
2025-11-01_maminha,2025-11-01,maminha,24.16,24.16,24.98,0
2025-11-01_coxao_duro,2025-11-01,coxao_duro,21.98,21.98,25.15,0
2025-11-01_vazio,2025-11-01,vazio,19.93,19.93,20.23,0
2025-11-01_patinho,2025-11-01,patinho,37.99,37.99,42.31,0
2025-11-01_musculo_traseiro,2025-11-01,musculo_traseiro,20.13,20.13,21.53,0
2025-11-02_pescoco,2025-11-02,pescoco,9.95,9.95,11.24,0
2025-11-02_acem,2025-11-02,acem,33.67,33.67,38.43,0
2025-11-02_ponta_de_peito,2025-11-02,ponta_de_peito,10.35,10.35,14.69,0
2025-11-02_paleta,2025-11-02,paleta,19.36,19.36,23.1,0
2025-11-02_musculo_dianteiro,2025-11-02,musculo_dianteiro,14.84,14.84,17.99,0
2025-11-02_cupim,2025-11-02,cupim,14.27,11.92,11.92,1
2025-11-02_capa_file,2025-11-02,capa_file,10.96,10.96,13.38,0
2025-11-02_file_agulha,2025-11-02,file_agulha,12.63,12.63,14.06,0
2025-11-02_file_simples,2025-11-02,file_simples,15.19,15.19,17.4,0
2025-11-02_picanha,2025-11-02,picanha,17.69,17.69,17.98,0
2025-11-02_file_mignon,2025-11-02,file_mignon,8.5,8.5,10.68,0
2025-11-02_alcatra,2025-11-02,alcatra,19.93,19.93,27.64,0
2025-11-02_fraldinha,2025-11-02,fraldinha,15.94,15.94,20.17,0
2025-11-02_coxao_mole,2025-11-02,coxao_mole,25.74,25.74,29.68,0
2025-11-02_lagarto,2025-11-02,lagarto,16.45,16.45,17.38,0
2025-11-02_costelao,2025-11-02,costelao,21.8,21.8,27.76,0
2025-11-02_maminha,2025-11-02,maminha,19.44,13.27,13.27,1
2025-11-02_coxao_duro,2025-11-02,coxao_duro,13.17,13.17,20.71,0
2025-11-02_vazio,2025-11-02,vazio,11.97,11.97,16.52,0
2025-11-02_patinho,2025-11-02,patinho,31.03,31.03,32.72,0
2025-11-02_musculo_traseiro,2025-11-02,musculo_traseiro,14.95,14.95,16.98,0
2025-11-03_pescoco,2025-11-03,pescoco,7.93,7.93,8.21,0
2025-11-03_acem,2025-11-03,acem,25.45,25.45,29.09,0
2025-11-03_ponta_de_peito,2025-11-03,ponta_de_peito,7.99,7.99,14.51,0
2025-11-03_paleta,2025-11-03,paleta,12.65,12.65,17.45,0
2025-11-03_musculo_dianteiro,2025-11-03,musculo_dianteiro,12.65,10.92,10.92,1
2025-11-03_cupim,2025-11-03,cupim,6.8,6.8,9.37,0
2025-11-03_capa_file,2025-11-03,capa_file,7.25,7.25,8.92,0
2025-11-03_file_agulha,2025-11-03,file_agulha,11.51,11.51,13.31,0
2025-11-03_file_simples,2025-11-03,file_simples,10.8,10.8,12.7,0
2025-11-03_picanha,2025-11-03,picanha,9.24,9.24,15.42,0
2025-11-03_file_mignon,2025-11-03,file_mignon,6.54,6.54,7.73,0
2025-11-03_alcatra,2025-11-03,alcatra,17.49,17.49,20.44,0
2025-11-03_fraldinha,2025-11-03,fraldinha,8.66,8.66,14.17,0
2025-11-03_coxao_mole,2025-11-03,coxao_mole,17.99,17.99,23.01,0
2025-11-03_lagarto,2025-11-03,lagarto,10.28,10.28,13.58,0
2025-11-03_costelao,2025-11-03,costelao,13.72,13.72,20.64,0
2025-11-03_maminha,2025-11-03,maminha,10.7,10.7,15.2,0
2025-11-03_coxao_duro,2025-11-03,coxao_duro,13.6,12.95,12.95,1
2025-11-03_vazio,2025-11-03,vazio,10.24,8.61,8.61,1
2025-11-03_patinho,2025-11-03,patinho,16.93,16.93,25.96,0
2025-11-03_musculo_traseiro,2025-11-03,musculo_traseiro,10.43,10.43,12.03,0
2025-11-04_pescoco,2025-11-04,pescoco,8.27,8.27,9.53,0
2025-11-04_acem,2025-11-04,acem,30.96,30.96,35.56,0
2025-11-04_ponta_de_peito,2025-11-04,ponta_de_peito,8.96,8.96,11.38,0
2025-11-04_paleta,2025-11-04,paleta,15.57,15.57,19.2,0
2025-11-04_musculo_dianteiro,2025-11-04,musculo_dianteiro,13.12,13.12,13.49,0
2025-11-04_cupim,2025-11-04,cupim,8.2,8.2,10.2,0
2025-11-04_capa_file,2025-11-04,capa_file,7.16,7.16,11.22,0
2025-11-04_file_agulha,2025-11-04,file_agulha,11.5,11.5,13.29,0
2025-11-04_file_simples,2025-11-04,file_simples,10.59,10.59,11.01,0
2025-11-04_picanha,2025-11-04,picanha,10.59,10.59,14.89,0
2025-11-04_file_mignon,2025-11-04,file_mignon,7.97,7.97,8.08,0
2025-11-04_alcatra,2025-11-04,alcatra,13.86,13.86,23.58,0
2025-11-04_fraldinha,2025-11-04,fraldinha,12.74,12.74,15.41,0
2025-11-04_coxao_mole,2025-11-04,coxao_mole,18.98,18.98,23.16,0
2025-11-04_lagarto,2025-11-04,lagarto,13.2,13.2,13.7,0
2025-11-04_costelao,2025-11-04,costelao,15.74,15.74,19.32,0
2025-11-04_maminha,2025-11-04,maminha,9.59,9.59,15.26,0
2025-11-04_coxao_duro,2025-11-04,coxao_duro,11.17,11.17,16.19,0
2025-11-04_vazio,2025-11-04,vazio,10.79,10.79,13.6,0
2025-11-04_patinho,2025-11-04,patinho,18.7,18.7,28.97,0
2025-11-04_musculo_traseiro,2025-11-04,musculo_traseiro,10.68,10.68,13.22,0
2025-11-05_pescoco,2025-11-05,pescoco,10.15,10.15,10.9,0
2025-11-05_acem,2025-11-05,acem,28.08,28.08,29.07,0
2025-11-05_ponta_de_peito,2025-11-05,ponta_de_peito,10.5,10.5,13.04,0
2025-11-05_paleta,2025-11-05,paleta,14.14,14.14,23.32,0
2025-11-05_musculo_dianteiro,2025-11-05,musculo_dianteiro,12.21,12.21,15.52,0
2025-11-05_cupim,2025-11-05,cupim,9.4,9.4,12.65,0
2025-11-05_capa_file,2025-11-05,capa_file,9.74,9.74,9.97,0
2025-11-05_file_agulha,2025-11-05,file_agulha,12.5,12.5,12.79,0
2025-11-05_file_simples,2025-11-05,file_simples,11.72,11.72,17.91,0
2025-11-05_picanha,2025-11-05,picanha,15.61,12.62,12.62,1
2025-11-05_file_mignon,2025-11-05,file_mignon,7.13,7.13,8.53,0
2025-11-05_alcatra,2025-11-05,alcatra,16.37,16.37,23.14,0
2025-11-05_fraldinha,2025-11-05,fraldinha,14.13,14.13,15.74,0
2025-11-05_coxao_mole,2025-11-05,coxao_mole,21.98,21.98,27.09,0
2025-11-05_lagarto,2025-11-05,lagarto,10.85,10.85,13.14,0
2025-11-05_costelao,2025-11-05,costelao,18.65,18.65,23.92,0
2025-11-05_maminha,2025-11-05,maminha,10.27,10.27,15.09,0
2025-11-05_coxao_duro,2025-11-05,coxao_duro,12.43,12.43,18.79,0
2025-11-05_vazio,2025-11-05,vazio,12.15,12.15,12.98,0
2025-11-05_patinho,2025-11-05,patinho,19.69,19.69,30.23,0
2025-11-05_musculo_traseiro,2025-11-05,musculo_traseiro,13.24,13.24,14.58,0
2025-11-06_pescoco,2025-11-06,pescoco,8.19,8.19,11.57,0
2025-11-06_acem,2025-11-06,acem,26.97,26.97,35.26,0
2025-11-06_ponta_de_peito,2025-11-06,ponta_de_peito,11.78,11.78,12.48,0
2025-11-06_paleta,2025-11-06,paleta,16.93,16.93,21.22,0
2025-11-06_musculo_dianteiro,2025-11-06,musculo_dianteiro,11.54,11.54,14.29,0
2025-11-06_cupim,2025-11-06,cupim,9.01,9.01,11.88,0
2025-11-06_capa_file,2025-11-06,capa_file,11.57,10.5,10.5,1
2025-11-06_file_agulha,2025-11-06,file_agulha,9.8,9.8,12.39,0
2025-11-06_file_simples,2025-11-06,file_simples,13.34,13.34,15.86,0
2025-11-06_picanha,2025-11-06,picanha,9.57,9.57,11.36,0
2025-11-06_file_mignon,2025-11-06,file_mignon,6.83,6.83,10.49,0
2025-11-06_alcatra,2025-11-06,alcatra,16.03,16.03,19.0,0
2025-11-06_fraldinha,2025-11-06,fraldinha,16.73,16.73,19.82,0
2025-11-06_coxao_mole,2025-11-06,coxao_mole,20.75,20.75,24.33,0
2025-11-06_lagarto,2025-11-06,lagarto,14.15,14.15,16.4,0
2025-11-06_costelao,2025-11-06,costelao,19.6,19.6,21.65,0
2025-11-06_maminha,2025-11-06,maminha,13.56,13.56,19.65,0
2025-11-06_coxao_duro,2025-11-06,coxao_duro,13.67,13.67,22.89,0
2025-11-06_vazio,2025-11-06,vazio,10.0,10.0,12.75,0
2025-11-06_patinho,2025-11-06,patinho,19.29,19.29,28.97,0
2025-11-06_musculo_traseiro,2025-11-06,musculo_traseiro,11.76,11.76,16.58,0
2025-11-07_pescoco,2025-11-07,pescoco,11.54,10.78,10.78,1
2025-11-07_acem,2025-11-07,acem,40.75,40.75,41.71,0
2025-11-07_ponta_de_peito,2025-11-07,ponta_de_peito,11.91,11.91,18.37,0
2025-11-07_paleta,2025-11-07,paleta,15.85,15.85,24.08,0
2025-11-07_musculo_dianteiro,2025-11-07,musculo_dianteiro,13.05,13.05,20.06,0
2025-11-07_cupim,2025-11-07,cupim,16.29,13.11,13.11,1
2025-11-07_capa_file,2025-11-07,capa_file,16.7,15.44,15.44,1
2025-11-07_file_agulha,2025-11-07,file_agulha,13.36,13.36,17.9,0
2025-11-07_file_simples,2025-11-07,file_simples,15.31,15.31,19.6,0
2025-11-07_picanha,2025-11-07,picanha,25.36,14.39,14.39,1
2025-11-07_file_mignon,2025-11-07,file_mignon,10.94,10.94,10.94,0
2025-11-07_alcatra,2025-11-07,alcatra,23.9,23.9,27.05,0
2025-11-07_fraldinha,2025-11-07,fraldinha,22.34,21.87,21.87,1
2025-11-07_coxao_mole,2025-11-07,coxao_mole,21.44,21.44,29.32,0
2025-11-07_lagarto,2025-11-07,lagarto,13.81,13.81,21.03,0
2025-11-07_costelao,2025-11-07,costelao,23.11,23.11,28.82,0
2025-11-07_maminha,2025-11-07,maminha,18.33,18.33,21.02,0
2025-11-07_coxao_duro,2025-11-07,coxao_duro,16.25,16.25,23.43,0
2025-11-07_vazio,2025-11-07,vazio,13.71,13.69,13.69,1
2025-11-07_patinho,2025-11-07,patinho,26.41,26.41,36.67,0
2025-11-07_musculo_traseiro,2025-11-07,musculo_traseiro,14.57,14.57,18.6,0
2025-11-08_pescoco,2025-11-08,pescoco,10.07,10.07,15.06,0
2025-11-08_acem,2025-11-08,acem,33.13,33.13,56.38,0
2025-11-08_ponta_de_peito,2025-11-08,ponta_de_peito,12.68,12.68,17.72,0
2025-11-08_paleta,2025-11-08,paleta,22.87,22.87,32.49,0
2025-11-08_musculo_dianteiro,2025-11-08,musculo_dianteiro,19.73,19.73,27.24,0
2025-11-08_cupim,2025-11-08,cupim,20.36,18.38,18.38,1
2025-11-08_capa_file,2025-11-08,capa_file,21.07,16.18,16.18,1
2025-11-08_file_agulha,2025-11-08,file_agulha,17.04,17.04,17.36,0
2025-11-08_file_simples,2025-11-08,file_simples,16.72,16.72,22.71,0
2025-11-08_picanha,2025-11-08,picanha,23.95,21.07,21.07,1
2025-11-08_file_mignon,2025-11-08,file_mignon,10.61,10.61,12.4,0
2025-11-08_alcatra,2025-11-08,alcatra,32.45,32.45,34.67,0
2025-11-08_fraldinha,2025-11-08,fraldinha,32.84,20.49,20.49,1
2025-11-08_coxao_mole,2025-11-08,coxao_mole,28.18,28.18,41.22,0
2025-11-08_lagarto,2025-11-08,lagarto,18.79,18.79,25.12,0
2025-11-08_costelao,2025-11-08,costelao,42.89,30.6,30.6,1
2025-11-08_maminha,2025-11-08,maminha,22.34,21.9,21.9,1
2025-11-08_coxao_duro,2025-11-08,coxao_duro,27.0,27.0,27.5,0
2025-11-08_vazio,2025-11-08,vazio,23.28,19.68,19.68,1
2025-11-08_patinho,2025-11-08,patinho,38.03,38.03,48.46,0
2025-11-08_musculo_traseiro,2025-11-08,musculo_traseiro,16.52,16.52,23.47,0
2025-11-09_pescoco,2025-11-09,pescoco,10.73,10.73,11.57,0
2025-11-09_acem,2025-11-09,acem,34.83,34.83,36.6,0
2025-11-09_ponta_de_peito,2025-11-09,ponta_de_peito,12.05,12.05,15.91,0
2025-11-09_paleta,2025-11-09,paleta,21.2,21.2,24.5,0
2025-11-09_musculo_dianteiro,2025-11-09,musculo_dianteiro,14.27,14.27,20.2,0
2025-11-09_cupim,2025-11-09,cupim,11.39,11.39,11.81,0
2025-11-09_capa_file,2025-11-09,capa_file,13.4,13.4,14.5,0
2025-11-09_file_agulha,2025-11-09,file_agulha,13.6,13.6,15.91,0
2025-11-09_file_simples,2025-11-09,file_simples,16.37,16.37,18.06,0
2025-11-09_picanha,2025-11-09,picanha,15.73,15.09,15.09,1
2025-11-09_file_mignon,2025-11-09,file_mignon,7.18,7.18,12.52,0
2025-11-09_alcatra,2025-11-09,alcatra,30.52,28.92,28.92,1
2025-11-09_fraldinha,2025-11-09,fraldinha,17.12,17.12,22.77,0
2025-11-09_coxao_mole,2025-11-09,coxao_mole,23.77,23.77,29.96,0
2025-11-09_lagarto,2025-11-09,lagarto,14.17,14.17,17.96,0
2025-11-09_costelao,2025-11-09,costelao,31.69,27.84,27.84,1
2025-11-09_maminha,2025-11-09,maminha,20.42,14.62,14.62,1
2025-11-09_coxao_duro,2025-11-09,coxao_duro,15.94,15.94,21.66,0
2025-11-09_vazio,2025-11-09,vazio,13.62,13.62,14.33,0
2025-11-09_patinho,2025-11-09,patinho,24.0,24.0,34.9,0
2025-11-09_musculo_traseiro,2025-11-09,musculo_traseiro,15.17,15.17,17.63,0
2025-11-10_pescoco,2025-11-10,pescoco,7.5,7.5,7.88,0
2025-11-10_acem,2025-11-10,acem,19.24,19.24,30.9,0
2025-11-10_ponta_de_peito,2025-11-10,ponta_de_peito,12.28,10.31,10.31,1
2025-11-10_paleta,2025-11-10,paleta,13.45,13.45,16.47,0
2025-11-10_musculo_dianteiro,2025-11-10,musculo_dianteiro,12.82,12.82,14.0,0
2025-11-10_cupim,2025-11-10,cupim,9.0,8.53,8.53,1
2025-11-10_capa_file,2025-11-10,capa_file,6.78,6.78,10.17,0
2025-11-10_file_agulha,2025-11-10,file_agulha,9.26,9.26,13.55,0
2025-11-10_file_simples,2025-11-10,file_simples,10.07,10.07,13.34,0
2025-11-10_picanha,2025-11-10,picanha,9.51,9.51,12.13,0
2025-11-10_file_mignon,2025-11-10,file_mignon,6.11,6.11,8.3,0
2025-11-10_alcatra,2025-11-10,alcatra,12.68,12.68,20.29,0
2025-11-10_fraldinha,2025-11-10,fraldinha,12.23,12.23,15.18,0
2025-11-10_coxao_mole,2025-11-10,coxao_mole,15.74,15.74,21.89,0
2025-11-10_lagarto,2025-11-10,lagarto,11.37,11.37,14.98,0
2025-11-10_costelao,2025-11-10,costelao,16.77,16.77,20.53,0
2025-11-10_maminha,2025-11-10,maminha,14.33,13.48,13.48,1
2025-11-10_coxao_duro,2025-11-10,coxao_duro,13.27,13.27,14.46,0
2025-11-10_vazio,2025-11-10,vazio,8.92,8.92,11.08,0
2025-11-10_patinho,2025-11-10,patinho,21.72,21.72,28.28,0
2025-11-10_musculo_traseiro,2025-11-10,musculo_traseiro,11.02,11.02,13.96,0
2025-11-11_pescoco,2025-11-11,pescoco,9.52,8.53,8.53,1
2025-11-11_acem,2025-11-11,acem,23.72,23.72,30.33,0
2025-11-11_ponta_de_peito,2025-11-11,ponta_de_peito,9.3,9.3,12.25,0
2025-11-11_paleta,2025-11-11,paleta,13.29,13.29,21.42,0
2025-11-11_musculo_dianteiro,2025-11-11,musculo_dianteiro,10.75,10.75,15.22,0
2025-11-11_cupim,2025-11-11,cupim,8.25,8.25,9.91,0
2025-11-11_capa_file,2025-11-11,capa_file,7.98,7.98,10.41,0
2025-11-11_file_agulha,2025-11-11,file_agulha,8.85,8.85,13.24,0
2025-11-11_file_simples,2025-11-11,file_simples,9.27,9.27,12.18,0
2025-11-11_picanha,2025-11-11,picanha,10.62,10.62,12.27,0
2025-11-11_file_mignon,2025-11-11,file_mignon,7.01,7.01,7.29,0
2025-11-11_alcatra,2025-11-11,alcatra,15.58,15.58,24.12,0
2025-11-11_fraldinha,2025-11-11,fraldinha,9.91,9.91,14.63,0
2025-11-11_coxao_mole,2025-11-11,coxao_mole,18.5,18.5,26.51,0
2025-11-11_lagarto,2025-11-11,lagarto,12.33,12.33,16.88,0
2025-11-11_costelao,2025-11-11,costelao,19.78,19.78,21.09,0
2025-11-11_maminha,2025-11-11,maminha,10.22,10.22,12.31,0
2025-11-11_coxao_duro,2025-11-11,coxao_duro,13.22,13.22,16.52,0
2025-11-11_vazio,2025-11-11,vazio,8.59,8.59,11.86,0
2025-11-11_patinho,2025-11-11,patinho,21.3,21.3,28.01,0
2025-11-11_musculo_traseiro,2025-11-11,musculo_traseiro,9.67,9.67,15.11,0
2025-11-12_pescoco,2025-11-12,pescoco,8.28,8.28,9.82,0
2025-11-12_acem,2025-11-12,acem,23.7,23.7,30.15,0
2025-11-12_ponta_de_peito,2025-11-12,ponta_de_peito,10.11,10.11,11.86,0
2025-11-12_paleta,2025-11-12,paleta,15.04,15.04,20.97,0
2025-11-12_musculo_dianteiro,2025-11-12,musculo_dianteiro,13.85,13.85,17.18,0
2025-11-12_cupim,2025-11-12,cupim,9.19,9.19,11.27,0
2025-11-12_capa_file,2025-11-12,capa_file,9.05,9.05,12.97,0
2025-11-12_file_agulha,2025-11-12,file_agulha,12.77,12.15,12.15,1
2025-11-12_file_simples,2025-11-12,file_simples,13.0,13.0,14.42,0
2025-11-12_picanha,2025-11-12,picanha,8.94,8.94,14.24,0
2025-11-12_file_mignon,2025-11-12,file_mignon,6.06,6.06,8.68,0
2025-11-12_alcatra,2025-11-12,alcatra,19.15,19.15,22.21,0
2025-11-12_fraldinha,2025-11-12,fraldinha,12.25,12.25,17.12,0
2025-11-12_coxao_mole,2025-11-12,coxao_mole,19.07,19.07,26.63,0
2025-11-12_lagarto,2025-11-12,lagarto,12.99,12.99,14.18,0
2025-11-12_costelao,2025-11-12,costelao,14.9,14.9,18.2,0
2025-11-12_maminha,2025-11-12,maminha,17.49,15.34,15.34,1
2025-11-12_coxao_duro,2025-11-12,coxao_duro,15.6,15.6,17.36,0
2025-11-12_vazio,2025-11-12,vazio,10.61,10.61,11.4,0
2025-11-12_patinho,2025-11-12,patinho,21.53,21.53,28.13,0
2025-11-12_musculo_traseiro,2025-11-12,musculo_traseiro,13.73,13.73,15.07,0
2025-11-13_pescoco,2025-11-13,pescoco,10.56,10.45,10.45,1
2025-11-13_acem,2025-11-13,acem,28.46,28.46,37.14,0
2025-11-13_ponta_de_peito,2025-11-13,ponta_de_peito,10.59,10.59,13.02,0
2025-11-13_paleta,2025-11-13,paleta,18.95,18.95,21.42,0
2025-11-13_musculo_dianteiro,2025-11-13,musculo_dianteiro,11.94,11.94,17.32,0
2025-11-13_cupim,2025-11-13,cupim,11.68,11.36,11.36,1
2025-11-13_capa_file,2025-11-13,capa_file,7.91,7.91,14.73,0
2025-11-13_file_agulha,2025-11-13,file_agulha,10.3,10.3,15.89,0
2025-11-13_file_simples,2025-11-13,file_simples,12.99,12.99,15.62,0
2025-11-13_picanha,2025-11-13,picanha,11.34,11.34,15.7,0
2025-11-13_file_mignon,2025-11-13,file_mignon,6.94,6.94,7.94,0
2025-11-13_alcatra,2025-11-13,alcatra,17.17,17.17,22.05,0
2025-11-13_fraldinha,2025-11-13,fraldinha,10.62,10.62,16.56,0
2025-11-13_coxao_mole,2025-11-13,coxao_mole,20.28,20.28,25.44,0
2025-11-13_lagarto,2025-11-13,lagarto,13.02,13.02,15.93,0
2025-11-13_costelao,2025-11-13,costelao,18.55,18.55,20.52,0
2025-11-13_maminha,2025-11-13,maminha,11.22,11.22,17.32,0
2025-11-13_coxao_duro,2025-11-13,coxao_duro,16.63,16.63,17.72,0
2025-11-13_vazio,2025-11-13,vazio,12.98,10.91,10.91,1
2025-11-13_patinho,2025-11-13,patinho,28.74,28.17,28.17,1
2025-11-13_musculo_traseiro,2025-11-13,musculo_traseiro,12.32,12.32,17.44,0
2025-11-14_pescoco,2025-11-14,pescoco,9.71,9.71,13.64,0
2025-11-14_acem,2025-11-14,acem,30.98,30.98,42.04,0
2025-11-14_ponta_de_peito,2025-11-14,ponta_de_peito,14.41,14.41,17.55,0
2025-11-14_paleta,2025-11-14,paleta,18.2,18.2,27.83,0
2025-11-14_musculo_dianteiro,2025-11-14,musculo_dianteiro,26.92,19.34,19.34,1
2025-11-14_cupim,2025-11-14,cupim,10.96,10.96,11.99,0
2025-11-14_capa_file,2025-11-14,capa_file,15.15,13.04,13.04,1
2025-11-14_file_agulha,2025-11-14,file_agulha,16.22,16.22,19.55,0
2025-11-14_file_simples,2025-11-14,file_simples,16.14,16.14,18.66,0
2025-11-14_picanha,2025-11-14,picanha,12.29,12.29,16.48,0
2025-11-14_file_mignon,2025-11-14,file_mignon,9.12,9.12,11.65,0
2025-11-14_alcatra,2025-11-14,alcatra,24.8,24.8,29.39,0
2025-11-14_fraldinha,2025-11-14,fraldinha,20.24,19.31,19.31,1
2025-11-14_coxao_mole,2025-11-14,coxao_mole,23.66,23.66,33.57,0
2025-11-14_lagarto,2025-11-14,lagarto,17.44,17.44,21.06,0
2025-11-14_costelao,2025-11-14,costelao,27.11,27.11,27.14,0
2025-11-14_maminha,2025-11-14,maminha,16.4,16.4,16.89,0
2025-11-14_coxao_duro,2025-11-14,coxao_duro,16.77,16.77,20.9,0
2025-11-14_vazio,2025-11-14,vazio,14.06,14.06,14.58,0
2025-11-14_patinho,2025-11-14,patinho,27.09,27.09,35.79,0
2025-11-14_musculo_traseiro,2025-11-14,musculo_traseiro,12.97,12.97,15.69,0
2025-11-15_pescoco,2025-11-15,pescoco,14.05,14.05,15.99,0
2025-11-15_acem,2025-11-15,acem,47.23,47.23,50.47,0
2025-11-15_ponta_de_peito,2025-11-15,ponta_de_peito,14.54,14.54,17.01,0
2025-11-15_paleta,2025-11-15,paleta,29.38,26.6,26.6,1
2025-11-15_musculo_dianteiro,2025-11-15,musculo_dianteiro,23.91,21.51,21.51,1
2025-11-15_cupim,2025-11-15,cupim,20.09,16.42,16.42,1
2025-11-15_capa_file,2025-11-15,capa_file,18.88,17.91,17.91,1
2025-11-15_file_agulha,2025-11-15,file_agulha,20.0,20.0,22.39,0
2025-11-15_file_simples,2025-11-15,file_simples,19.89,19.89,24.03,0
2025-11-15_picanha,2025-11-15,picanha,18.07,18.07,19.85,0
2025-11-15_file_mignon,2025-11-15,file_mignon,11.1,11.1,12.24,0
2025-11-15_alcatra,2025-11-15,alcatra,33.42,29.21,29.21,1
2025-11-15_fraldinha,2025-11-15,fraldinha,27.99,25.63,25.63,1
2025-11-15_coxao_mole,2025-11-15,coxao_mole,29.48,29.48,36.0,0
2025-11-15_lagarto,2025-11-15,lagarto,20.17,20.17,22.32,0
2025-11-15_costelao,2025-11-15,costelao,31.95,31.95,35.73,0
2025-11-15_maminha,2025-11-15,maminha,22.18,22.18,25.08,0
2025-11-15_coxao_duro,2025-11-15,coxao_duro,22.55,22.55,25.37,0
2025-11-15_vazio,2025-11-15,vazio,24.38,18.69,18.69,1
2025-11-15_patinho,2025-11-15,patinho,33.31,33.31,38.85,0
2025-11-15_musculo_traseiro,2025-11-15,musculo_traseiro,24.17,24.17,24.3,0
2025-11-16_pescoco,2025-11-16,pescoco,8.27,8.27,12.78,0
2025-11-16_acem,2025-11-16,acem,32.7,32.7,35.29,0
2025-11-16_ponta_de_peito,2025-11-16,ponta_de_peito,11.56,11.56,15.6,0
2025-11-16_paleta,2025-11-16,paleta,31.45,20.93,20.93,1
2025-11-16_musculo_dianteiro,2025-11-16,musculo_dianteiro,15.58,15.58,20.24,0
2025-11-16_cupim,2025-11-16,cupim,12.72,11.71,11.71,1
2025-11-16_capa_file,2025-11-16,capa_file,12.7,12.57,12.57,1
2025-11-16_file_agulha,2025-11-16,file_agulha,12.18,12.18,18.02,0
2025-11-16_file_simples,2025-11-16,file_simples,13.26,13.26,17.26,0
2025-11-16_picanha,2025-11-16,picanha,14.13,14.13,15.1,0
2025-11-16_file_mignon,2025-11-16,file_mignon,7.15,7.15,10.71,0
2025-11-16_alcatra,2025-11-16,alcatra,22.82,22.82,24.08,0
2025-11-16_fraldinha,2025-11-16,fraldinha,15.7,15.7,17.89,0
2025-11-16_coxao_mole,2025-11-16,coxao_mole,35.1,29.81,29.81,1
2025-11-16_lagarto,2025-11-16,lagarto,14.48,14.48,16.66,0
2025-11-16_costelao,2025-11-16,costelao,24.54,24.54,24.73,0
2025-11-16_maminha,2025-11-16,maminha,14.37,14.37,19.8,0
2025-11-16_coxao_duro,2025-11-16,coxao_duro,16.85,16.85,18.53,0
2025-11-16_vazio,2025-11-16,vazio,12.01,12.01,15.11,0
2025-11-16_patinho,2025-11-16,patinho,30.23,26.75,26.75,1
2025-11-16_musculo_traseiro,2025-11-16,musculo_traseiro,12.16,12.16,16.83,0
2025-11-17_pescoco,2025-11-17,pescoco,7.27,7.27,10.19,0
2025-11-17_acem,2025-11-17,acem,23.42,23.42,28.09,0
2025-11-17_ponta_de_peito,2025-11-17,ponta_de_peito,8.96,8.96,11.02,0
2025-11-17_paleta,2025-11-17,paleta,20.14,15.76,15.76,1
2025-11-17_musculo_dianteiro,2025-11-17,musculo_dianteiro,10.07,10.07,13.21,0
2025-11-17_cupim,2025-11-17,cupim,8.08,8.08,8.76,0
2025-11-17_capa_file,2025-11-17,capa_file,7.62,7.62,10.63,0
2025-11-17_file_agulha,2025-11-17,file_agulha,11.87,11.59,11.59,1
2025-11-17_file_simples,2025-11-17,file_simples,10.48,10.48,13.23,0
2025-11-17_picanha,2025-11-17,picanha,10.46,10.46,12.16,0
2025-11-17_file_mignon,2025-11-17,file_mignon,6.3,6.3,7.47,0
2025-11-17_alcatra,2025-11-17,alcatra,16.67,16.67,22.57,0
2025-11-17_fraldinha,2025-11-17,fraldinha,12.59,12.59,13.66,0
2025-11-17_coxao_mole,2025-11-17,coxao_mole,18.05,18.05,21.8,0
2025-11-17_lagarto,2025-11-17,lagarto,9.47,9.47,12.7,0
2025-11-17_costelao,2025-11-17,costelao,15.89,15.89,17.16,0
2025-11-17_maminha,2025-11-17,maminha,11.82,11.82,12.99,0
2025-11-17_coxao_duro,2025-11-17,coxao_duro,16.66,15.15,15.15,1
2025-11-17_vazio,2025-11-17,vazio,9.32,9.32,11.76,0
2025-11-17_patinho,2025-11-17,patinho,19.49,19.49,21.62,0
2025-11-17_musculo_traseiro,2025-11-17,musculo_traseiro,10.34,10.34,12.23,0
2025-11-18_pescoco,2025-11-18,pescoco,6.91,6.91,9.78,0
2025-11-18_acem,2025-11-18,acem,23.6,23.6,27.47,0
2025-11-18_ponta_de_peito,2025-11-18,ponta_de_peito,8.31,8.31,11.93,0
2025-11-18_paleta,2025-11-18,paleta,15.36,15.36,18.1,0
2025-11-18_musculo_dianteiro,2025-11-18,musculo_dianteiro,14.15,14.15,15.71,0
2025-11-18_cupim,2025-11-18,cupim,8.54,8.54,10.15,0
2025-11-18_capa_file,2025-11-18,capa_file,8.18,8.18,11.5,0
2025-11-18_file_agulha,2025-11-18,file_agulha,11.01,11.01,13.6,0
2025-11-18_file_simples,2025-11-18,file_simples,11.17,11.17,14.55,0
2025-11-18_picanha,2025-11-18,picanha,9.34,9.34,11.45,0
2025-11-18_file_mignon,2025-11-18,file_mignon,5.1,5.1,10.47,0
2025-11-18_alcatra,2025-11-18,alcatra,16.44,16.44,20.73,0
2025-11-18_fraldinha,2025-11-18,fraldinha,13.1,13.1,17.1,0
2025-11-18_coxao_mole,2025-11-18,coxao_mole,19.94,19.94,26.73,0
2025-11-18_lagarto,2025-11-18,lagarto,10.41,10.41,13.4,0
2025-11-18_costelao,2025-11-18,costelao,15.85,15.85,22.18,0
2025-11-18_maminha,2025-11-18,maminha,10.8,10.8,14.11,0
2025-11-18_coxao_duro,2025-11-18,coxao_duro,14.48,14.48,16.52,0
2025-11-18_vazio,2025-11-18,vazio,8.34,8.34,13.83,0
2025-11-18_patinho,2025-11-18,patinho,22.74,22.74,25.74,0
2025-11-18_musculo_traseiro,2025-11-18,musculo_traseiro,12.94,12.94,14.44,0
2025-11-19_pescoco,2025-11-19,pescoco,6.2,6.2,9.58,0
2025-11-19_acem,2025-11-19,acem,27.42,27.42,29.87,0
2025-11-19_ponta_de_peito,2025-11-19,ponta_de_peito,8.0,8.0,13.76,0
2025-11-19_paleta,2025-11-19,paleta,18.07,18.07,18.72,0
2025-11-19_musculo_dianteiro,2025-11-19,musculo_dianteiro,13.01,12.76,12.76,1
2025-11-19_cupim,2025-11-19,cupim,8.48,8.48,11.98,0
2025-11-19_capa_file,2025-11-19,capa_file,9.45,9.45,10.97,0
2025-11-19_file_agulha,2025-11-19,file_agulha,10.6,10.6,13.91,0
2025-11-19_file_simples,2025-11-19,file_simples,11.86,11.86,13.83,0
2025-11-19_picanha,2025-11-19,picanha,11.65,11.65,11.92,0
2025-11-19_file_mignon,2025-11-19,file_mignon,7.41,7.41,10.0,0
2025-11-19_alcatra,2025-11-19,alcatra,19.9,19.9,22.17,0
2025-11-19_fraldinha,2025-11-19,fraldinha,11.27,11.27,16.73,0
2025-11-19_coxao_mole,2025-11-19,coxao_mole,20.06,20.06,20.68,0
2025-11-19_lagarto,2025-11-19,lagarto,9.95,9.95,15.44,0
2025-11-19_costelao,2025-11-19,costelao,19.54,19.35,19.35,1
2025-11-19_maminha,2025-11-19,maminha,10.92,10.92,13.98,0
2025-11-19_coxao_duro,2025-11-19,coxao_duro,12.93,12.93,19.34,0
2025-11-19_vazio,2025-11-19,vazio,8.7,8.7,14.04,0
2025-11-19_patinho,2025-11-19,patinho,21.92,21.92,26.28,0
2025-11-19_musculo_traseiro,2025-11-19,musculo_traseiro,11.62,11.62,14.65,0
2025-11-20_pescoco,2025-11-20,pescoco,9.79,9.79,11.22,0
2025-11-20_acem,2025-11-20,acem,27.33,27.33,32.96,0
2025-11-20_ponta_de_peito,2025-11-20,ponta_de_peito,10.66,10.66,12.8,0
2025-11-20_paleta,2025-11-20,paleta,18.66,18.66,23.8,0
2025-11-20_musculo_dianteiro,2025-11-20,musculo_dianteiro,16.63,16.39,16.39,1
2025-11-20_cupim,2025-11-20,cupim,9.19,9.19,12.22,0
2025-11-20_capa_file,2025-11-20,capa_file,10.21,10.21,14.44,0
2025-11-20_file_agulha,2025-11-20,file_agulha,13.56,13.56,14.61,0
2025-11-20_file_simples,2025-11-20,file_simples,14.21,14.21,15.91,0
2025-11-20_picanha,2025-11-20,picanha,14.87,13.84,13.84,1
2025-11-20_file_mignon,2025-11-20,file_mignon,7.16,7.16,8.37,0
2025-11-20_alcatra,2025-11-20,alcatra,22.35,22.35,23.19,0
2025-11-20_fraldinha,2025-11-20,fraldinha,15.53,15.53,15.9,0
2025-11-20_coxao_mole,2025-11-20,coxao_mole,22.84,22.84,28.73,0
2025-11-20_lagarto,2025-11-20,lagarto,18.56,18.56,19.33,0
2025-11-20_costelao,2025-11-20,costelao,18.56,18.56,26.27,0
2025-11-20_maminha,2025-11-20,maminha,13.84,13.84,17.99,0
2025-11-20_coxao_duro,2025-11-20,coxao_duro,22.09,17.85,17.85,1
2025-11-20_vazio,2025-11-20,vazio,10.73,10.73,11.0,0
2025-11-20_patinho,2025-11-20,patinho,27.08,27.08,32.35,0
2025-11-20_musculo_traseiro,2025-11-20,musculo_traseiro,14.1,14.1,15.38,0
2025-11-21_pescoco,2025-11-21,pescoco,12.72,12.17,12.17,1
2025-11-21_acem,2025-11-21,acem,34.41,34.41,37.26,0
2025-11-21_ponta_de_peito,2025-11-21,ponta_de_peito,11.78,11.78,16.82,0
2025-11-21_paleta,2025-11-21,paleta,25.11,24.3,24.3,1
2025-11-21_musculo_dianteiro,2025-11-21,musculo_dianteiro,14.12,14.12,24.85,0
2025-11-21_cupim,2025-11-21,cupim,12.9,12.9,13.95,0
2025-11-21_capa_file,2025-11-21,capa_file,11.05,11.05,14.26,0
2025-11-21_file_agulha,2025-11-21,file_agulha,15.13,15.13,17.23,0
2025-11-21_file_simples,2025-11-21,file_simples,13.97,13.97,20.56,0
2025-11-21_picanha,2025-11-21,picanha,17.07,17.07,17.77,0
2025-11-21_file_mignon,2025-11-21,file_mignon,7.71,7.71,11.2,0
2025-11-21_alcatra,2025-11-21,alcatra,24.2,24.2,32.31,0
2025-11-21_fraldinha,2025-11-21,fraldinha,17.24,17.24,19.71,0
2025-11-21_coxao_mole,2025-11-21,coxao_mole,21.52,21.52,34.86,0
2025-11-21_lagarto,2025-11-21,lagarto,14.52,14.52,16.06,0
2025-11-21_costelao,2025-11-21,costelao,23.91,23.91,26.18,0
2025-11-21_maminha,2025-11-21,maminha,19.17,18.75,18.75,1
2025-11-21_coxao_duro,2025-11-21,coxao_duro,15.9,15.9,23.34,0
2025-11-21_vazio,2025-11-21,vazio,13.22,13.22,16.04,0
2025-11-21_patinho,2025-11-21,patinho,31.61,31.18,31.18,1
2025-11-21_musculo_traseiro,2025-11-21,musculo_traseiro,14.19,14.19,17.41,0
2025-11-22_pescoco,2025-11-22,pescoco,11.96,11.96,16.72,0
2025-11-22_acem,2025-11-22,acem,44.87,38.41,38.41,1
2025-11-22_ponta_de_peito,2025-11-22,ponta_de_peito,17.6,17.6,20.5,0
2025-11-22_paleta,2025-11-22,paleta,27.48,27.48,31.25,0
2025-11-22_musculo_dianteiro,2025-11-22,musculo_dianteiro,23.5,23.5,29.07,0
2025-11-22_cupim,2025-11-22,cupim,16.3,16.3,18.13,0
2025-11-22_capa_file,2025-11-22,capa_file,18.37,16.65,16.65,1
2025-11-22_file_agulha,2025-11-22,file_agulha,16.7,16.7,20.06,0
2025-11-22_file_simples,2025-11-22,file_simples,15.75,15.75,22.34,0
2025-11-22_picanha,2025-11-22,picanha,21.01,21.01,22.25,0
2025-11-22_file_mignon,2025-11-22,file_mignon,12.66,12.66,13.76,0
2025-11-22_alcatra,2025-11-22,alcatra,39.75,36.9,36.9,1
2025-11-22_fraldinha,2025-11-22,fraldinha,22.72,22.72,25.12,0
2025-11-22_coxao_mole,2025-11-22,coxao_mole,30.63,30.63,42.68,0
2025-11-22_lagarto,2025-11-22,lagarto,19.41,19.41,23.06,0
2025-11-22_costelao,2025-11-22,costelao,31.37,31.37,34.71,0
2025-11-22_maminha,2025-11-22,maminha,32.88,23.36,23.36,1
2025-11-22_coxao_duro,2025-11-22,coxao_duro,20.0,20.0,26.13,0
2025-11-22_vazio,2025-11-22,vazio,20.21,19.65,19.65,1
2025-11-22_patinho,2025-11-22,patinho,38.15,38.15,39.74,0
2025-11-22_musculo_traseiro,2025-11-22,musculo_traseiro,18.3,18.3,22.7,0
2025-11-23_pescoco,2025-11-23,pescoco,9.83,9.83,13.01,0
2025-11-23_acem,2025-11-23,acem,32.5,32.5,33.8,0
2025-11-23_ponta_de_peito,2025-11-23,ponta_de_peito,11.09,11.09,15.39,0
2025-11-23_paleta,2025-11-23,paleta,20.82,20.82,22.73,0
2025-11-23_musculo_dianteiro,2025-11-23,musculo_dianteiro,18.69,18.69,19.09,0
2025-11-23_cupim,2025-11-23,cupim,11.69,11.69,13.91,0
2025-11-23_capa_file,2025-11-23,capa_file,12.84,12.01,12.01,1
2025-11-23_file_agulha,2025-11-23,file_agulha,12.89,12.89,17.25,0
2025-11-23_file_simples,2025-11-23,file_simples,12.62,12.62,19.91,0
2025-11-23_picanha,2025-11-23,picanha,12.44,12.44,18.12,0
2025-11-23_file_mignon,2025-11-23,file_mignon,7.65,7.65,9.9,0
2025-11-23_alcatra,2025-11-23,alcatra,23.07,23.07,27.83,0
2025-11-23_fraldinha,2025-11-23,fraldinha,18.38,15.55,15.55,1
2025-11-23_coxao_mole,2025-11-23,coxao_mole,22.5,22.5,30.65,0
2025-11-23_lagarto,2025-11-23,lagarto,13.65,13.65,20.2,0
2025-11-23_costelao,2025-11-23,costelao,23.78,23.78,29.48,0
2025-11-23_maminha,2025-11-23,maminha,17.14,17.14,18.09,0
2025-11-23_coxao_duro,2025-11-23,coxao_duro,16.59,16.59,18.6,0
2025-11-23_vazio,2025-11-23,vazio,12.89,12.89,13.73,0
2025-11-23_patinho,2025-11-23,patinho,23.02,23.02,28.73,0
2025-11-23_musculo_traseiro,2025-11-23,musculo_traseiro,15.47,14.22,14.22,1
2025-11-24_pescoco,2025-11-24,pescoco,7.74,7.74,9.13,0
2025-11-24_acem,2025-11-24,acem,21.41,21.41,23.88,0
2025-11-24_ponta_de_peito,2025-11-24,ponta_de_peito,9.59,9.59,10.88,0
2025-11-24_paleta,2025-11-24,paleta,16.65,16.65,20.41,0
2025-11-24_musculo_dianteiro,2025-11-24,musculo_dianteiro,11.98,11.98,15.06,0
2025-11-24_cupim,2025-11-24,cupim,6.38,6.38,10.88,0
2025-11-24_capa_file,2025-11-24,capa_file,8.4,8.4,10.38,0
2025-11-24_file_agulha,2025-11-24,file_agulha,8.86,8.86,13.92,0
2025-11-24_file_simples,2025-11-24,file_simples,12.02,12.02,14.49,0
2025-11-24_picanha,2025-11-24,picanha,9.17,9.17,13.53,0
2025-11-24_file_mignon,2025-11-24,file_mignon,6.04,6.04,6.73,0
2025-11-24_alcatra,2025-11-24,alcatra,15.8,15.8,17.3,0
2025-11-24_fraldinha,2025-11-24,fraldinha,9.73,9.73,13.93,0
2025-11-24_coxao_mole,2025-11-24,coxao_mole,14.98,14.98,25.41,0
2025-11-24_lagarto,2025-11-24,lagarto,11.31,11.31,13.33,0
2025-11-24_costelao,2025-11-24,costelao,15.86,15.86,19.12,0
2025-11-24_maminha,2025-11-24,maminha,10.11,10.11,12.54,0
2025-11-24_coxao_duro,2025-11-24,coxao_duro,10.59,10.59,14.78,0
2025-11-24_vazio,2025-11-24,vazio,8.39,8.39,10.22,0
2025-11-24_patinho,2025-11-24,patinho,19.49,19.49,22.97,0
2025-11-24_musculo_traseiro,2025-11-24,musculo_traseiro,10.79,10.79,14.23,0
2025-11-25_pescoco,2025-11-25,pescoco,6.06,6.06,9.35,0
2025-11-25_acem,2025-11-25,acem,24.28,24.28,31.91,0
2025-11-25_ponta_de_peito,2025-11-25,ponta_de_peito,9.35,9.35,14.27,0
2025-11-25_paleta,2025-11-25,paleta,16.05,16.05,16.11,0
2025-11-25_musculo_dianteiro,2025-11-25,musculo_dianteiro,11.25,11.25,13.81,0
2025-11-25_cupim,2025-11-25,cupim,8.36,8.36,8.71,0
2025-11-25_capa_file,2025-11-25,capa_file,9.09,9.09,13.2,0
2025-11-25_file_agulha,2025-11-25,file_agulha,10.87,10.87,13.34,0
2025-11-25_file_simples,2025-11-25,file_simples,10.01,10.01,12.45,0
2025-11-25_picanha,2025-11-25,picanha,12.26,12.26,16.63,0
2025-11-25_file_mignon,2025-11-25,file_mignon,6.21,6.21,9.05,0
2025-11-25_alcatra,2025-11-25,alcatra,17.07,17.07,21.9,0
2025-11-25_fraldinha,2025-11-25,fraldinha,10.8,10.8,14.26,0
2025-11-25_coxao_mole,2025-11-25,coxao_mole,19.26,19.26,23.51,0
2025-11-25_lagarto,2025-11-25,lagarto,9.14,9.14,17.67,0
2025-11-25_costelao,2025-11-25,costelao,18.22,18.22,22.22,0
2025-11-25_maminha,2025-11-25,maminha,11.9,11.9,12.41,0
2025-11-25_coxao_duro,2025-11-25,coxao_duro,12.7,12.7,16.18,0
2025-11-25_vazio,2025-11-25,vazio,8.65,8.65,11.45,0
2025-11-25_patinho,2025-11-25,patinho,19.94,19.94,23.77,0
2025-11-25_musculo_traseiro,2025-11-25,musculo_traseiro,12.52,12.52,13.77,0
2025-11-26_pescoco,2025-11-26,pescoco,7.72,7.72,12.36,0
2025-11-26_acem,2025-11-26,acem,28.96,28.96,32.05,0
2025-11-26_ponta_de_peito,2025-11-26,ponta_de_peito,16.53,13.1,13.1,1
2025-11-26_paleta,2025-11-26,paleta,15.09,15.09,17.02,0
2025-11-26_musculo_dianteiro,2025-11-26,musculo_dianteiro,11.88,11.88,13.37,0
2025-11-26_cupim,2025-11-26,cupim,9.5,9.5,10.52,0
2025-11-26_capa_file,2025-11-26,capa_file,10.01,10.01,12.57,0
2025-11-26_file_agulha,2025-11-26,file_agulha,10.74,10.74,14.98,0
2025-11-26_file_simples,2025-11-26,file_simples,12.37,12.37,15.4,0
2025-11-26_picanha,2025-11-26,picanha,10.07,10.07,15.91,0
2025-11-26_file_mignon,2025-11-26,file_mignon,7.74,7.74,9.26,0
2025-11-26_alcatra,2025-11-26,alcatra,18.62,18.62,22.68,0
2025-11-26_fraldinha,2025-11-26,fraldinha,9.44,9.44,15.81,0
2025-11-26_coxao_mole,2025-11-26,coxao_mole,20.54,20.54,26.01,0
2025-11-26_lagarto,2025-11-26,lagarto,10.02,10.02,16.28,0
2025-11-26_costelao,2025-11-26,costelao,16.89,16.89,24.61,0
2025-11-26_maminha,2025-11-26,maminha,12.28,12.28,12.69,0
2025-11-26_coxao_duro,2025-11-26,coxao_duro,15.01,15.01,15.29,0
2025-11-26_vazio,2025-11-26,vazio,8.43,8.43,12.37,0
2025-11-26_patinho,2025-11-26,patinho,23.68,23.68,32.85,0
2025-11-26_musculo_traseiro,2025-11-26,musculo_traseiro,9.5,9.5,15.54,0
2025-11-27_pescoco,2025-11-27,pescoco,10.01,10.01,10.38,0
2025-11-27_acem,2025-11-27,acem,34.8,34.8,35.52,0
2025-11-27_ponta_de_peito,2025-11-27,ponta_de_peito,11.61,10.19,10.19,1
2025-11-27_paleta,2025-11-27,paleta,19.06,19.06,21.38,0
2025-11-27_musculo_dianteiro,2025-11-27,musculo_dianteiro,12.06,12.06,16.65,0
2025-11-27_cupim,2025-11-27,cupim,9.74,9.74,11.53,0
2025-11-27_capa_file,2025-11-27,capa_file,9.44,9.44,11.17,0
2025-11-27_file_agulha,2025-11-27,file_agulha,13.05,13.05,14.07,0
2025-11-27_file_simples,2025-11-27,file_simples,11.18,11.18,15.73,0
2025-11-27_picanha,2025-11-27,picanha,14.9,14.28,14.28,1
2025-11-27_file_mignon,2025-11-27,file_mignon,8.8,8.8,8.95,0
2025-11-27_alcatra,2025-11-27,alcatra,21.8,21.8,24.28,0
2025-11-27_fraldinha,2025-11-27,fraldinha,16.0,14.94,14.94,1
2025-11-27_coxao_mole,2025-11-27,coxao_mole,19.61,19.61,28.67,0
2025-11-27_lagarto,2025-11-27,lagarto,12.86,12.86,15.47,0
2025-11-27_costelao,2025-11-27,costelao,24.5,23.21,23.21,1
2025-11-27_maminha,2025-11-27,maminha,12.06,12.06,16.9,0
2025-11-27_coxao_duro,2025-11-27,coxao_duro,16.07,16.07,18.14,0
2025-11-27_vazio,2025-11-27,vazio,8.47,8.47,14.71,0
2025-11-27_patinho,2025-11-27,patinho,25.1,25.1,25.72,0
2025-11-27_musculo_traseiro,2025-11-27,musculo_traseiro,13.55,13.55,17.8,0
2025-11-28_pescoco,2025-11-28,pescoco,10.17,10.17,12.86,0
2025-11-28_acem,2025-11-28,acem,39.57,39.57,44.11,0
2025-11-28_ponta_de_peito,2025-11-28,ponta_de_peito,11.88,11.88,11.97,0
2025-11-28_paleta,2025-11-28,paleta,21.68,21.68,24.49,0
2025-11-28_musculo_dianteiro,2025-11-28,musculo_dianteiro,19.87,17.11,17.11,1
2025-11-28_cupim,2025-11-28,cupim,14.12,14.12,15.42,0
2025-11-28_capa_file,2025-11-28,capa_file,13.55,11.68,11.68,1
2025-11-28_file_agulha,2025-11-28,file_agulha,16.32,16.32,20.32,0
2025-11-28_file_simples,2025-11-28,file_simples,14.89,14.89,18.49,0
2025-11-28_picanha,2025-11-28,picanha,16.69,16.69,18.28,0
2025-11-28_file_mignon,2025-11-28,file_mignon,7.86,7.86,11.73,0
2025-11-28_alcatra,2025-11-28,alcatra,19.56,19.56,29.66,0
2025-11-28_fraldinha,2025-11-28,fraldinha,17.55,17.55,20.27,0
2025-11-28_coxao_mole,2025-11-28,coxao_mole,21.94,21.94,33.41,0
2025-11-28_lagarto,2025-11-28,lagarto,13.32,13.32,18.58,0
2025-11-28_costelao,2025-11-28,costelao,24.86,24.86,28.38,0
2025-11-28_maminha,2025-11-28,maminha,16.48,16.48,20.63,0
2025-11-28_coxao_duro,2025-11-28,coxao_duro,16.97,16.97,24.44,0
2025-11-28_vazio,2025-11-28,vazio,12.34,12.34,17.96,0
2025-11-28_patinho,2025-11-28,patinho,23.47,23.47,37.28,0
2025-11-28_musculo_traseiro,2025-11-28,musculo_traseiro,12.42,12.42,21.14,0
2025-11-29_pescoco,2025-11-29,pescoco,11.85,11.85,15.85,0
2025-11-29_acem,2025-11-29,acem,42.93,42.93,50.67,0
2025-11-29_ponta_de_peito,2025-11-29,ponta_de_peito,19.74,17.93,17.93,1
2025-11-29_paleta,2025-11-29,paleta,28.54,28.54,31.01,0
2025-11-29_musculo_dianteiro,2025-11-29,musculo_dianteiro,20.29,20.29,22.51,0
2025-11-29_cupim,2025-11-29,cupim,17.45,17.45,18.32,0
2025-11-29_capa_file,2025-11-29,capa_file,15.58,15.58,17.99,0
2025-11-29_file_agulha,2025-11-29,file_agulha,14.76,14.76,23.29,0
2025-11-29_file_simples,2025-11-29,file_simples,17.33,17.33,18.54,0
2025-11-29_picanha,2025-11-29,picanha,19.5,17.13,17.13,1
2025-11-29_file_mignon,2025-11-29,file_mignon,11.76,11.76,13.26,0
2025-11-29_alcatra,2025-11-29,alcatra,37.52,33.98,33.98,1
2025-11-29_fraldinha,2025-11-29,fraldinha,32.45,23.52,23.52,1
2025-11-29_coxao_mole,2025-11-29,coxao_mole,28.23,28.23,38.62,0
2025-11-29_lagarto,2025-11-29,lagarto,16.85,16.85,21.6,0
2025-11-29_costelao,2025-11-29,costelao,33.74,33.74,36.26,0
2025-11-29_maminha,2025-11-29,maminha,27.04,22.43,22.43,1
2025-11-29_coxao_duro,2025-11-29,coxao_duro,24.35,24.35,26.56,0
2025-11-29_vazio,2025-11-29,vazio,23.58,20.06,20.06,1
2025-11-29_patinho,2025-11-29,patinho,33.47,33.47,36.7,0
2025-11-29_musculo_traseiro,2025-11-29,musculo_traseiro,15.75,15.75,20.52,0
2025-11-30_pescoco,2025-11-30,pescoco,10.56,10.56,11.6,0
2025-11-30_acem,2025-11-30,acem,34.15,34.15,38.72,0
2025-11-30_ponta_de_peito,2025-11-30,ponta_de_peito,12.46,12.46,14.85,0
2025-11-30_paleta,2025-11-30,paleta,18.26,18.26,20.46,0
2025-11-30_musculo_dianteiro,2025-11-30,musculo_dianteiro,18.21,18.21,18.34,0
2025-11-30_cupim,2025-11-30,cupim,12.16,12.16,13.36,0
2025-11-30_capa_file,2025-11-30,capa_file,11.96,11.96,13.98,0
2025-11-30_file_agulha,2025-11-30,file_agulha,14.04,14.04,14.87,0
2025-11-30_file_simples,2025-11-30,file_simples,12.16,12.16,15.75,0
2025-11-30_picanha,2025-11-30,picanha,17.31,16.64,16.64,1
2025-11-30_file_mignon,2025-11-30,file_mignon,6.98,6.98,10.06,0
2025-11-30_alcatra,2025-11-30,alcatra,23.83,23.83,28.06,0
2025-11-30_fraldinha,2025-11-30,fraldinha,18.05,18.05,20.33,0
2025-11-30_coxao_mole,2025-11-30,coxao_mole,18.85,18.85,24.83,0
2025-11-30_lagarto,2025-11-30,lagarto,11.88,11.88,17.64,0
2025-11-30_costelao,2025-11-30,costelao,23.05,23.05,26.74,0
2025-11-30_maminha,2025-11-30,maminha,14.55,14.55,19.73,0
2025-11-30_coxao_duro,2025-11-30,coxao_duro,20.31,20.31,23.8,0
2025-11-30_vazio,2025-11-30,vazio,12.72,12.72,16.4,0
2025-11-30_patinho,2025-11-30,patinho,22.58,22.58,30.88,0
2025-11-30_musculo_traseiro,2025-11-30,musculo_traseiro,18.44,18.44,19.2,0
2025-12-01_pescoco,2025-12-01,pescoco,9.57,9.57,9.84,0
2025-12-01_acem,2025-12-01,acem,38.46,28.77,28.77,1
2025-12-01_ponta_de_peito,2025-12-01,ponta_de_peito,10.5,10.5,13.47,0
2025-12-01_paleta,2025-12-01,paleta,14.89,14.89,21.47,0
2025-12-01_musculo_dianteiro,2025-12-01,musculo_dianteiro,14.6,12.85,12.85,1
2025-12-01_cupim,2025-12-01,cupim,9.36,8.86,8.86,1
2025-12-01_capa_file,2025-12-01,capa_file,9.85,9.85,11.07,0
2025-12-01_file_agulha,2025-12-01,file_agulha,10.39,10.39,16.77,0
2025-12-01_file_simples,2025-12-01,file_simples,10.52,10.52,16.71,0
2025-12-01_picanha,2025-12-01,picanha,13.27,10.91,10.91,1
2025-12-01_file_mignon,2025-12-01,file_mignon,7.0,7.0,7.24,0
2025-12-01_alcatra,2025-12-01,alcatra,20.61,20.3,20.3,1
2025-12-01_fraldinha,2025-12-01,fraldinha,19.61,16.9,16.9,1
2025-12-01_coxao_mole,2025-12-01,coxao_mole,20.83,20.83,21.97,0
2025-12-01_lagarto,2025-12-01,lagarto,10.62,10.62,13.62,0
2025-12-01_costelao,2025-12-01,costelao,26.04,20.71,20.71,1
2025-12-01_maminha,2025-12-01,maminha,15.7,13.98,13.98,1
2025-12-01_coxao_duro,2025-12-01,coxao_duro,12.69,12.69,18.64,0
2025-12-01_vazio,2025-12-01,vazio,7.69,7.69,12.19,0
2025-12-01_patinho,2025-12-01,patinho,21.76,21.76,21.93,0
2025-12-01_musculo_traseiro,2025-12-01,musculo_traseiro,11.78,11.78,14.7,0
2025-12-02_pescoco,2025-12-02,pescoco,9.91,9.91,9.94,0
2025-12-02_acem,2025-12-02,acem,29.72,29.72,39.87,0
2025-12-02_ponta_de_peito,2025-12-02,ponta_de_peito,11.81,11.81,13.12,0
2025-12-02_paleta,2025-12-02,paleta,19.28,19.28,20.92,0
2025-12-02_musculo_dianteiro,2025-12-02,musculo_dianteiro,13.73,13.73,18.47,0
2025-12-02_cupim,2025-12-02,cupim,11.58,11.58,11.83,0
2025-12-02_capa_file,2025-12-02,capa_file,12.75,11.53,11.53,1
2025-12-02_file_agulha,2025-12-02,file_agulha,10.14,10.14,13.2,0
2025-12-02_file_simples,2025-12-02,file_simples,12.58,12.58,17.67,0
2025-12-02_picanha,2025-12-02,picanha,16.88,13.34,13.34,1
2025-12-02_file_mignon,2025-12-02,file_mignon,7.54,7.54,9.19,0
2025-12-02_alcatra,2025-12-02,alcatra,21.34,21.34,26.56,0
2025-12-02_fraldinha,2025-12-02,fraldinha,17.13,17.13,18.8,0
2025-12-02_coxao_mole,2025-12-02,coxao_mole,20.26,20.26,26.95,0
2025-12-02_lagarto,2025-12-02,lagarto,14.0,14.0,18.2,0
2025-12-02_costelao,2025-12-02,costelao,19.26,19.26,27.97,0
2025-12-02_maminha,2025-12-02,maminha,11.97,11.97,19.88,0
2025-12-02_coxao_duro,2025-12-02,coxao_duro,16.63,16.63,19.88,0
2025-12-02_vazio,2025-12-02,vazio,12.64,12.64,13.54,0
2025-12-02_patinho,2025-12-02,patinho,24.07,24.07,28.7,0
2025-12-02_musculo_traseiro,2025-12-02,musculo_traseiro,8.91,8.91,17.88,0
2025-12-03_pescoco,2025-12-03,pescoco,11.0,11.0,11.42,0
2025-12-03_acem,2025-12-03,acem,33.55,30.63,30.63,1
2025-12-03_ponta_de_peito,2025-12-03,ponta_de_peito,12.14,12.14,15.27,0
2025-12-03_paleta,2025-12-03,paleta,18.95,18.95,27.38,0
2025-12-03_musculo_dianteiro,2025-12-03,musculo_dianteiro,14.57,14.57,20.96,0
2025-12-03_cupim,2025-12-03,cupim,10.67,10.67,13.87,0
2025-12-03_capa_file,2025-12-03,capa_file,11.89,11.89,12.37,0
2025-12-03_file_agulha,2025-12-03,file_agulha,12.86,12.86,14.56,0
2025-12-03_file_simples,2025-12-03,file_simples,14.22,14.22,15.91,0
2025-12-03_picanha,2025-12-03,picanha,13.9,13.9,16.81,0
2025-12-03_file_mignon,2025-12-03,file_mignon,7.48,7.48,9.24,0
2025-12-03_alcatra,2025-12-03,alcatra,20.53,20.53,31.06,0
2025-12-03_fraldinha,2025-12-03,fraldinha,21.66,17.65,17.65,1
2025-12-03_coxao_mole,2025-12-03,coxao_mole,20.84,20.84,35.03,0
2025-12-03_lagarto,2025-12-03,lagarto,14.06,14.06,19.18,0
2025-12-03_costelao,2025-12-03,costelao,21.08,20.8,20.8,1
2025-12-03_maminha,2025-12-03,maminha,14.37,14.37,16.34,0
2025-12-03_coxao_duro,2025-12-03,coxao_duro,15.73,15.73,20.06,0
2025-12-03_vazio,2025-12-03,vazio,12.38,12.38,15.93,0
2025-12-03_patinho,2025-12-03,patinho,25.9,25.9,34.06,0
2025-12-03_musculo_traseiro,2025-12-03,musculo_traseiro,14.32,14.32,18.46,0
2025-12-04_pescoco,2025-12-04,pescoco,9.29,9.29,12.14,0
2025-12-04_acem,2025-12-04,acem,50.3,38.7,38.7,1
2025-12-04_ponta_de_peito,2025-12-04,ponta_de_peito,11.97,11.97,14.4,0
2025-12-04_paleta,2025-12-04,paleta,24.87,24.87,27.15,0
2025-12-04_musculo_dianteiro,2025-12-04,musculo_dianteiro,17.02,17.02,19.05,0
2025-12-04_cupim,2025-12-04,cupim,11.61,11.61,12.8,0
2025-12-04_capa_file,2025-12-04,capa_file,13.32,12.95,12.95,1
2025-12-04_file_agulha,2025-12-04,file_agulha,14.5,14.5,16.23,0
2025-12-04_file_simples,2025-12-04,file_simples,13.38,13.38,19.31,0
2025-12-04_picanha,2025-12-04,picanha,16.67,16.67,18.53,0
2025-12-04_file_mignon,2025-12-04,file_mignon,10.18,10.18,10.91,0
2025-12-04_alcatra,2025-12-04,alcatra,27.46,27.46,27.69,0
2025-12-04_fraldinha,2025-12-04,fraldinha,19.41,19.41,21.88,0
2025-12-04_coxao_mole,2025-12-04,coxao_mole,25.13,25.13,30.56,0
2025-12-04_lagarto,2025-12-04,lagarto,12.17,12.17,17.92,0
2025-12-04_costelao,2025-12-04,costelao,31.13,27.47,27.47,1
2025-12-04_maminha,2025-12-04,maminha,18.12,18.12,18.25,0
2025-12-04_coxao_duro,2025-12-04,coxao_duro,17.53,17.53,19.93,0
2025-12-04_vazio,2025-12-04,vazio,17.17,14.19,14.19,1
2025-12-04_patinho,2025-12-04,patinho,31.14,29.6,29.6,1
2025-12-04_musculo_traseiro,2025-12-04,musculo_traseiro,16.76,16.76,17.11,0
2025-12-05_pescoco,2025-12-05,pescoco,11.64,11.64,15.59,0
2025-12-05_acem,2025-12-05,acem,34.86,34.86,43.97,0
2025-12-05_ponta_de_peito,2025-12-05,ponta_de_peito,12.3,12.3,17.27,0
2025-12-05_paleta,2025-12-05,paleta,26.29,26.29,31.47,0
2025-12-05_musculo_dianteiro,2025-12-05,musculo_dianteiro,21.29,19.22,19.22,1
2025-12-05_cupim,2025-12-05,cupim,16.92,15.18,15.18,1
2025-12-05_capa_file,2025-12-05,capa_file,16.01,16.01,18.98,0
2025-12-05_file_agulha,2025-12-05,file_agulha,16.99,16.99,22.12,0
2025-12-05_file_simples,2025-12-05,file_simples,14.42,14.42,21.62,0
2025-12-05_picanha,2025-12-05,picanha,24.25,21.77,21.77,1
2025-12-05_file_mignon,2025-12-05,file_mignon,10.94,10.94,14.57,0
2025-12-05_alcatra,2025-12-05,alcatra,31.63,31.63,35.29,0
2025-12-05_fraldinha,2025-12-05,fraldinha,22.28,22.28,25.34,0
2025-12-05_coxao_mole,2025-12-05,coxao_mole,28.65,28.65,35.92,0
2025-12-05_lagarto,2025-12-05,lagarto,17.27,17.27,23.8,0
2025-12-05_costelao,2025-12-05,costelao,36.86,31.45,31.45,1
2025-12-05_maminha,2025-12-05,maminha,21.92,21.92,22.36,0
2025-12-05_coxao_duro,2025-12-05,coxao_duro,19.19,19.19,25.2,0
2025-12-05_vazio,2025-12-05,vazio,16.46,16.46,18.42,0
2025-12-05_patinho,2025-12-05,patinho,25.3,25.3,41.37,0
2025-12-05_musculo_traseiro,2025-12-05,musculo_traseiro,20.73,20.73,23.93,0
2025-12-06_pescoco,2025-12-06,pescoco,15.2,15.2,18.27,0
2025-12-06_acem,2025-12-06,acem,41.42,41.42,51.94,0
2025-12-06_ponta_de_peito,2025-12-06,ponta_de_peito,16.06,16.06,21.85,0
2025-12-06_paleta,2025-12-06,paleta,24.42,24.42,31.91,0
2025-12-06_musculo_dianteiro,2025-12-06,musculo_dianteiro,23.63,23.63,28.37,0
2025-12-06_cupim,2025-12-06,cupim,24.44,20.44,20.44,1
2025-12-06_capa_file,2025-12-06,capa_file,25.51,19.06,19.06,1
2025-12-06_file_agulha,2025-12-06,file_agulha,15.01,15.01,23.94,0
2025-12-06_file_simples,2025-12-06,file_simples,19.78,19.78,27.91,0
2025-12-06_picanha,2025-12-06,picanha,22.99,22.99,24.68,0
2025-12-06_file_mignon,2025-12-06,file_mignon,12.49,12.49,15.82,0
2025-12-06_alcatra,2025-12-06,alcatra,46.16,41.4,41.4,1
2025-12-06_fraldinha,2025-12-06,fraldinha,29.47,27.51,27.51,1
2025-12-06_coxao_mole,2025-12-06,coxao_mole,35.37,35.37,41.06,0
2025-12-06_lagarto,2025-12-06,lagarto,21.02,21.02,22.93,0
2025-12-06_costelao,2025-12-06,costelao,43.24,41.65,41.65,1
2025-12-06_maminha,2025-12-06,maminha,36.82,24.56,24.56,1
2025-12-06_coxao_duro,2025-12-06,coxao_duro,23.62,23.62,32.66,0
2025-12-06_vazio,2025-12-06,vazio,21.67,21.67,22.94,0
2025-12-06_patinho,2025-12-06,patinho,36.15,36.15,47.28,0
2025-12-06_musculo_traseiro,2025-12-06,musculo_traseiro,19.67,19.67,27.83,0
2025-12-07_pescoco,2025-12-07,pescoco,8.75,8.75,14.21,0
2025-12-07_acem,2025-12-07,acem,32.27,32.27,44.75,0
2025-12-07_ponta_de_peito,2025-12-07,ponta_de_peito,12.88,12.88,15.63,0
2025-12-07_paleta,2025-12-07,paleta,20.31,20.31,28.64,0
2025-12-07_musculo_dianteiro,2025-12-07,musculo_dianteiro,15.87,15.87,22.52,0
2025-12-07_cupim,2025-12-07,cupim,18.5,15.78,15.78,1
2025-12-07_capa_file,2025-12-07,capa_file,13.79,13.79,14.37,0
2025-12-07_file_agulha,2025-12-07,file_agulha,13.01,13.01,17.04,0
2025-12-07_file_simples,2025-12-07,file_simples,16.34,16.34,22.44,0
2025-12-07_picanha,2025-12-07,picanha,18.47,18.34,18.34,1
2025-12-07_file_mignon,2025-12-07,file_mignon,8.09,8.09,10.97,0
2025-12-07_alcatra,2025-12-07,alcatra,29.0,27.73,27.73,1
2025-12-07_fraldinha,2025-12-07,fraldinha,25.76,24.97,24.97,1
2025-12-07_coxao_mole,2025-12-07,coxao_mole,29.27,29.27,34.72,0
2025-12-07_lagarto,2025-12-07,lagarto,19.14,19.14,22.24,0
2025-12-07_costelao,2025-12-07,costelao,30.28,29.41,29.41,1
2025-12-07_maminha,2025-12-07,maminha,21.4,18.48,18.48,1
2025-12-07_coxao_duro,2025-12-07,coxao_duro,16.98,16.98,23.89,0
2025-12-07_vazio,2025-12-07,vazio,15.54,15.54,16.63,0
2025-12-07_patinho,2025-12-07,patinho,27.23,27.23,43.12,0
2025-12-07_musculo_traseiro,2025-12-07,musculo_traseiro,20.18,20.02,20.02,1
2025-12-08_pescoco,2025-12-08,pescoco,8.01,8.01,10.97,0
2025-12-08_acem,2025-12-08,acem,28.95,28.95,33.24,0
2025-12-08_ponta_de_peito,2025-12-08,ponta_de_peito,10.36,10.36,12.4,0
2025-12-08_paleta,2025-12-08,paleta,23.31,21.37,21.37,1
2025-12-08_musculo_dianteiro,2025-12-08,musculo_dianteiro,13.99,13.99,16.38,0
2025-12-08_cupim,2025-12-08,cupim,10.93,10.93,12.82,0
2025-12-08_capa_file,2025-12-08,capa_file,11.3,10.74,10.74,1
2025-12-08_file_agulha,2025-12-08,file_agulha,11.9,11.9,16.11,0
2025-12-08_file_simples,2025-12-08,file_simples,12.17,12.17,15.0,0
2025-12-08_picanha,2025-12-08,picanha,14.98,14.98,16.29,0
2025-12-08_file_mignon,2025-12-08,file_mignon,9.25,9.25,10.17,0
2025-12-08_alcatra,2025-12-08,alcatra,20.11,20.11,25.74,0
2025-12-08_fraldinha,2025-12-08,fraldinha,14.24,14.24,19.06,0
2025-12-08_coxao_mole,2025-12-08,coxao_mole,23.41,23.41,27.53,0
2025-12-08_lagarto,2025-12-08,lagarto,11.21,11.21,15.26,0
2025-12-08_costelao,2025-12-08,costelao,19.17,19.17,19.97,0
2025-12-08_maminha,2025-12-08,maminha,15.8,15.45,15.45,1
2025-12-08_coxao_duro,2025-12-08,coxao_duro,17.22,16.21,16.21,1
2025-12-08_vazio,2025-12-08,vazio,12.15,12.15,12.89,0
2025-12-08_patinho,2025-12-08,patinho,19.49,19.49,26.64,0
2025-12-08_musculo_traseiro,2025-12-08,musculo_traseiro,11.21,11.21,15.62,0
2025-12-09_pescoco,2025-12-09,pescoco,10.99,10.63,10.63,1
2025-12-09_acem,2025-12-09,acem,24.33,24.33,36.18,0
2025-12-09_ponta_de_peito,2025-12-09,ponta_de_peito,12.06,11.97,11.97,1
2025-12-09_paleta,2025-12-09,paleta,18.2,18.2,23.68,0
2025-12-09_musculo_dianteiro,2025-12-09,musculo_dianteiro,12.16,12.16,22.86,0
2025-12-09_cupim,2025-12-09,cupim,10.49,10.49,12.58,0
2025-12-09_capa_file,2025-12-09,capa_file,11.03,11.03,11.96,0
2025-12-09_file_agulha,2025-12-09,file_agulha,11.45,11.45,13.83,0
2025-12-09_file_simples,2025-12-09,file_simples,12.3,12.3,17.82,0
2025-12-09_picanha,2025-12-09,picanha,12.13,12.13,14.64,0
2025-12-09_file_mignon,2025-12-09,file_mignon,8.58,8.58,10.93,0
2025-12-09_alcatra,2025-12-09,alcatra,25.1,25.1,26.46,0
2025-12-09_fraldinha,2025-12-09,fraldinha,17.97,17.84,17.84,1
2025-12-09_coxao_mole,2025-12-09,coxao_mole,20.48,20.48,22.46,0
2025-12-09_lagarto,2025-12-09,lagarto,19.88,15.32,15.32,1
2025-12-09_costelao,2025-12-09,costelao,23.28,23.28,26.95,0
2025-12-09_maminha,2025-12-09,maminha,15.02,15.02,16.35,0
2025-12-09_coxao_duro,2025-12-09,coxao_duro,17.59,15.73,15.73,1
2025-12-09_vazio,2025-12-09,vazio,12.17,12.17,14.05,0
2025-12-09_patinho,2025-12-09,patinho,21.23,21.23,36.71,0
2025-12-09_musculo_traseiro,2025-12-09,musculo_traseiro,11.88,11.88,19.4,0
2025-12-10_pescoco,2025-12-10,pescoco,10.17,10.17,12.49,0
2025-12-10_acem,2025-12-10,acem,28.38,28.38,37.39,0
2025-12-10_ponta_de_peito,2025-12-10,ponta_de_peito,12.98,12.98,14.11,0
2025-12-10_paleta,2025-12-10,paleta,14.96,14.96,20.77,0
2025-12-10_musculo_dianteiro,2025-12-10,musculo_dianteiro,17.14,17.14,18.17,0
2025-12-10_cupim,2025-12-10,cupim,11.55,11.55,12.87,0
2025-12-10_capa_file,2025-12-10,capa_file,12.2,12.2,12.26,0
2025-12-10_file_agulha,2025-12-10,file_agulha,13.45,13.45,14.19,0
2025-12-10_file_simples,2025-12-10,file_simples,14.33,14.33,16.55,0
2025-12-10_picanha,2025-12-10,picanha,11.32,11.32,14.27,0
2025-12-10_file_mignon,2025-12-10,file_mignon,6.22,6.22,8.91,0
2025-12-10_alcatra,2025-12-10,alcatra,24.4,23.04,23.04,1
2025-12-10_fraldinha,2025-12-10,fraldinha,16.33,16.33,17.69,0
2025-12-10_coxao_mole,2025-12-10,coxao_mole,23.01,23.01,31.34,0
2025-12-10_lagarto,2025-12-10,lagarto,16.41,14.71,14.71,1
2025-12-10_costelao,2025-12-10,costelao,26.77,23.44,23.44,1
2025-12-10_maminha,2025-12-10,maminha,15.21,15.21,17.99,0
2025-12-10_coxao_duro,2025-12-10,coxao_duro,16.93,16.93,20.57,0
2025-12-10_vazio,2025-12-10,vazio,19.52,13.56,13.56,1
2025-12-10_patinho,2025-12-10,patinho,24.38,24.38,32.99,0
2025-12-10_musculo_traseiro,2025-12-10,musculo_traseiro,13.57,13.57,17.24,0
2025-12-11_pescoco,2025-12-11,pescoco,11.98,11.98,13.71,0
2025-12-11_acem,2025-12-11,acem,30.53,30.53,38.05,0
2025-12-11_ponta_de_peito,2025-12-11,ponta_de_peito,10.35,10.35,13.53,0
2025-12-11_paleta,2025-12-11,paleta,21.04,21.04,25.14,0
2025-12-11_musculo_dianteiro,2025-12-11,musculo_dianteiro,14.96,14.96,17.14,0
2025-12-11_cupim,2025-12-11,cupim,10.72,10.72,12.21,0
2025-12-11_capa_file,2025-12-11,capa_file,12.86,12.86,14.84,0
2025-12-11_file_agulha,2025-12-11,file_agulha,15.53,15.53,19.12,0
2025-12-11_file_simples,2025-12-11,file_simples,13.64,13.64,17.74,0
2025-12-11_picanha,2025-12-11,picanha,16.89,14.08,14.08,1
2025-12-11_file_mignon,2025-12-11,file_mignon,7.37,7.37,11.59,0
2025-12-11_alcatra,2025-12-11,alcatra,25.42,25.42,29.41,0
2025-12-11_fraldinha,2025-12-11,fraldinha,19.57,19.57,23.13,0
2025-12-11_coxao_mole,2025-12-11,coxao_mole,24.83,24.09,24.09,1
2025-12-11_lagarto,2025-12-11,lagarto,16.61,16.61,19.31,0
2025-12-11_costelao,2025-12-11,costelao,20.56,20.56,29.6,0
2025-12-11_maminha,2025-12-11,maminha,17.09,15.72,15.72,1
2025-12-11_coxao_duro,2025-12-11,coxao_duro,18.06,18.06,23.88,0
2025-12-11_vazio,2025-12-11,vazio,20.6,15.62,15.62,1
2025-12-11_patinho,2025-12-11,patinho,28.13,28.13,36.22,0
2025-12-11_musculo_traseiro,2025-12-11,musculo_traseiro,14.98,14.98,17.04,0
2025-12-12_pescoco,2025-12-12,pescoco,13.21,13.21,15.05,0
2025-12-12_acem,2025-12-12,acem,43.28,43.28,47.42,0
2025-12-12_ponta_de_peito,2025-12-12,ponta_de_peito,16.69,16.69,18.6,0
2025-12-12_paleta,2025-12-12,paleta,19.89,19.89,32.68,0
2025-12-12_musculo_dianteiro,2025-12-12,musculo_dianteiro,20.17,18.65,18.65,1
2025-12-12_cupim,2025-12-12,cupim,16.59,16.59,17.33,0
2025-12-12_capa_file,2025-12-12,capa_file,17.69,14.66,14.66,1
2025-12-12_file_agulha,2025-12-12,file_agulha,16.09,16.09,18.03,0
2025-12-12_file_simples,2025-12-12,file_simples,19.23,19.23,25.77,0
2025-12-12_picanha,2025-12-12,picanha,23.99,20.87,20.87,1
2025-12-12_file_mignon,2025-12-12,file_mignon,14.06,13.39,13.39,1
2025-12-12_alcatra,2025-12-12,alcatra,27.91,27.91,31.29,0
2025-12-12_fraldinha,2025-12-12,fraldinha,25.55,25.55,25.8,0
2025-12-12_coxao_mole,2025-12-12,coxao_mole,27.37,27.37,37.38,0
2025-12-12_lagarto,2025-12-12,lagarto,17.96,17.96,21.68,0
2025-12-12_costelao,2025-12-12,costelao,30.71,30.71,31.41,0
2025-12-12_maminha,2025-12-12,maminha,20.87,20.87,23.74,0
2025-12-12_coxao_duro,2025-12-12,coxao_duro,19.18,19.18,25.5,0
2025-12-12_vazio,2025-12-12,vazio,18.72,16.15,16.15,1
2025-12-12_patinho,2025-12-12,patinho,36.37,35.68,35.68,1
2025-12-12_musculo_traseiro,2025-12-12,musculo_traseiro,18.01,18.01,21.34,0
2025-12-13_pescoco,2025-12-13,pescoco,12.75,12.75,16.37,0
2025-12-13_acem,2025-12-13,acem,50.16,50.16,58.93,0
2025-12-13_ponta_de_peito,2025-12-13,ponta_de_peito,19.62,19.62,19.72,0
2025-12-13_paleta,2025-12-13,paleta,29.29,29.29,38.31,0
2025-12-13_musculo_dianteiro,2025-12-13,musculo_dianteiro,17.57,17.57,28.88,0
2025-12-13_cupim,2025-12-13,cupim,20.57,19.04,19.04,1
2025-12-13_capa_file,2025-12-13,capa_file,22.43,20.98,20.98,1
2025-12-13_file_agulha,2025-12-13,file_agulha,20.41,20.41,22.5,0
2025-12-13_file_simples,2025-12-13,file_simples,17.69,17.69,24.64,0
2025-12-13_picanha,2025-12-13,picanha,24.55,22.6,22.6,1
2025-12-13_file_mignon,2025-12-13,file_mignon,10.58,10.58,15.27,0
2025-12-13_alcatra,2025-12-13,alcatra,49.69,45.23,45.23,1
2025-12-13_fraldinha,2025-12-13,fraldinha,27.71,26.49,26.49,1
2025-12-13_coxao_mole,2025-12-13,coxao_mole,49.29,43.56,43.56,1
2025-12-13_lagarto,2025-12-13,lagarto,19.99,19.99,24.06,0
2025-12-13_costelao,2025-12-13,costelao,52.75,38.0,38.0,1
2025-12-13_maminha,2025-12-13,maminha,28.99,26.26,26.26,1
2025-12-13_coxao_duro,2025-12-13,coxao_duro,20.81,20.81,32.74,0
2025-12-13_vazio,2025-12-13,vazio,24.51,19.77,19.77,1
2025-12-13_patinho,2025-12-13,patinho,34.64,34.64,43.56,0
2025-12-13_musculo_traseiro,2025-12-13,musculo_traseiro,18.85,18.85,28.31,0
2025-12-14_pescoco,2025-12-14,pescoco,9.04,9.04,12.67,0
2025-12-14_acem,2025-12-14,acem,36.95,36.95,45.83,0
2025-12-14_ponta_de_peito,2025-12-14,ponta_de_peito,14.5,14.5,17.41,0
2025-12-14_paleta,2025-12-14,paleta,26.27,26.27,27.96,0
2025-12-14_musculo_dianteiro,2025-12-14,musculo_dianteiro,16.5,16.5,23.61,0
2025-12-14_cupim,2025-12-14,cupim,14.32,12.8,12.8,1
2025-12-14_capa_file,2025-12-14,capa_file,15.94,15.65,15.65,1
2025-12-14_file_agulha,2025-12-14,file_agulha,13.25,13.25,17.71,0
2025-12-14_file_simples,2025-12-14,file_simples,18.38,18.38,20.25,0
2025-12-14_picanha,2025-12-14,picanha,14.29,14.29,21.44,0
2025-12-14_file_mignon,2025-12-14,file_mignon,8.63,8.63,11.44,0
2025-12-14_alcatra,2025-12-14,alcatra,29.46,29.34,29.34,1
2025-12-14_fraldinha,2025-12-14,fraldinha,28.75,22.32,22.32,1
2025-12-14_coxao_mole,2025-12-14,coxao_mole,32.2,32.2,34.68,0
2025-12-14_lagarto,2025-12-14,lagarto,17.68,17.68,18.18,0
2025-12-14_costelao,2025-12-14,costelao,29.68,29.68,34.36,0
2025-12-14_maminha,2025-12-14,maminha,24.9,23.52,23.52,1
2025-12-14_coxao_duro,2025-12-14,coxao_duro,22.26,22.06,22.06,1
2025-12-14_vazio,2025-12-14,vazio,15.3,15.3,15.57,0
2025-12-14_patinho,2025-12-14,patinho,30.03,30.03,38.99,0
2025-12-14_musculo_traseiro,2025-12-14,musculo_traseiro,16.5,16.5,20.45,0
2025-12-15_pescoco,2025-12-15,pescoco,7.86,7.86,10.41,0
2025-12-15_acem,2025-12-15,acem,29.36,29.36,33.75,0
2025-12-15_ponta_de_peito,2025-12-15,ponta_de_peito,15.09,12.18,12.18,1
2025-12-15_paleta,2025-12-15,paleta,15.09,15.09,20.89,0
2025-12-15_musculo_dianteiro,2025-12-15,musculo_dianteiro,16.13,16.13,17.88,0
2025-12-15_cupim,2025-12-15,cupim,11.75,11.75,11.99,0
2025-12-15_capa_file,2025-12-15,capa_file,12.42,8.74,8.74,1
2025-12-15_file_agulha,2025-12-15,file_agulha,10.83,10.83,14.65,0
2025-12-15_file_simples,2025-12-15,file_simples,11.24,11.24,14.83,0
2025-12-15_picanha,2025-12-15,picanha,17.04,15.09,15.09,1
2025-12-15_file_mignon,2025-12-15,file_mignon,6.12,6.12,9.28,0
2025-12-15_alcatra,2025-12-15,alcatra,19.49,19.49,22.63,0
2025-12-15_fraldinha,2025-12-15,fraldinha,16.01,15.7,15.7,1
2025-12-15_coxao_mole,2025-12-15,coxao_mole,22.18,22.18,24.17,0
2025-12-15_lagarto,2025-12-15,lagarto,11.11,11.11,15.85,0
2025-12-15_costelao,2025-12-15,costelao,19.16,19.16,22.25,0
2025-12-15_maminha,2025-12-15,maminha,12.34,12.34,15.43,0
2025-12-15_coxao_duro,2025-12-15,coxao_duro,13.18,13.18,17.17,0
2025-12-15_vazio,2025-12-15,vazio,11.25,11.25,12.51,0
2025-12-15_patinho,2025-12-15,patinho,24.1,24.1,29.32,0
2025-12-15_musculo_traseiro,2025-12-15,musculo_traseiro,13.8,13.8,15.43,0
2025-12-16_pescoco,2025-12-16,pescoco,9.29,9.29,10.95,0
2025-12-16_acem,2025-12-16,acem,33.8,33.8,35.32,0
2025-12-16_ponta_de_peito,2025-12-16,ponta_de_peito,11.77,11.77,13.4,0
2025-12-16_paleta,2025-12-16,paleta,12.13,12.13,20.2,0
2025-12-16_musculo_dianteiro,2025-12-16,musculo_dianteiro,13.86,13.86,17.13,0
2025-12-16_cupim,2025-12-16,cupim,9.26,9.26,11.8,0
2025-12-16_capa_file,2025-12-16,capa_file,11.38,11.38,11.57,0
2025-12-16_file_agulha,2025-12-16,file_agulha,12.94,10.85,10.85,1
2025-12-16_file_simples,2025-12-16,file_simples,16.13,14.14,14.14,1
2025-12-16_picanha,2025-12-16,picanha,13.68,13.26,13.26,1
2025-12-16_file_mignon,2025-12-16,file_mignon,8.05,8.05,10.42,0
2025-12-16_alcatra,2025-12-16,alcatra,25.76,21.1,21.1,1
2025-12-16_fraldinha,2025-12-16,fraldinha,16.8,16.8,18.32,0
2025-12-16_coxao_mole,2025-12-16,coxao_mole,23.06,23.06,27.08,0
2025-12-16_lagarto,2025-12-16,lagarto,13.34,13.34,16.0,0
2025-12-16_costelao,2025-12-16,costelao,18.48,18.48,21.88,0
2025-12-16_maminha,2025-12-16,maminha,13.24,13.24,16.3,0
2025-12-16_coxao_duro,2025-12-16,coxao_duro,18.61,18.61,20.31,0
2025-12-16_vazio,2025-12-16,vazio,9.48,9.48,11.21,0
2025-12-16_patinho,2025-12-16,patinho,26.76,26.15,26.15,1
2025-12-16_musculo_traseiro,2025-12-16,musculo_traseiro,10.16,10.16,14.71,0
2025-12-17_pescoco,2025-12-17,pescoco,9.08,9.08,12.94,0
2025-12-17_acem,2025-12-17,acem,28.94,28.94,34.09,0
2025-12-17_ponta_de_peito,2025-12-17,ponta_de_peito,10.52,10.52,16.2,0
2025-12-17_paleta,2025-12-17,paleta,14.83,14.83,21.0,0
2025-12-17_musculo_dianteiro,2025-12-17,musculo_dianteiro,14.0,14.0,19.32,0
2025-12-17_cupim,2025-12-17,cupim,11.29,11.29,12.51,0
2025-12-17_capa_file,2025-12-17,capa_file,12.74,12.74,13.13,0
2025-12-17_file_agulha,2025-12-17,file_agulha,14.66,14.66,16.48,0
2025-12-17_file_simples,2025-12-17,file_simples,13.33,13.33,16.68,0
2025-12-17_picanha,2025-12-17,picanha,17.98,15.86,15.86,1
2025-12-17_file_mignon,2025-12-17,file_mignon,6.93,6.93,12.14,0
2025-12-17_alcatra,2025-12-17,alcatra,24.23,24.23,26.24,0
2025-12-17_fraldinha,2025-12-17,fraldinha,14.23,14.23,17.63,0
2025-12-17_coxao_mole,2025-12-17,coxao_mole,20.55,20.55,28.16,0
2025-12-17_lagarto,2025-12-17,lagarto,14.11,14.11,20.54,0
2025-12-17_costelao,2025-12-17,costelao,19.57,19.57,22.33,0
2025-12-17_maminha,2025-12-17,maminha,15.69,15.69,18.55,0
2025-12-17_coxao_duro,2025-12-17,coxao_duro,14.41,14.41,22.35,0
2025-12-17_vazio,2025-12-17,vazio,13.61,13.61,15.83,0
2025-12-17_patinho,2025-12-17,patinho,28.48,27.96,27.96,1
2025-12-17_musculo_traseiro,2025-12-17,musculo_traseiro,13.1,13.1,15.0,0
2025-12-18_pescoco,2025-12-18,pescoco,10.23,10.23,11.91,0
2025-12-18_acem,2025-12-18,acem,30.63,30.63,41.63,0
2025-12-18_ponta_de_peito,2025-12-18,ponta_de_peito,12.19,12.19,15.32,0
2025-12-18_paleta,2025-12-18,paleta,21.92,21.92,24.03,0
2025-12-18_musculo_dianteiro,2025-12-18,musculo_dianteiro,16.17,16.17,20.68,0
2025-12-18_cupim,2025-12-18,cupim,12.82,12.82,14.56,0
2025-12-18_capa_file,2025-12-18,capa_file,14.08,13.36,13.36,1
2025-12-18_file_agulha,2025-12-18,file_agulha,14.13,14.13,18.73,0
2025-12-18_file_simples,2025-12-18,file_simples,15.36,15.36,15.48,0
2025-12-18_picanha,2025-12-18,picanha,14.63,14.46,14.46,1
2025-12-18_file_mignon,2025-12-18,file_mignon,10.24,10.24,12.67,0
2025-12-18_alcatra,2025-12-18,alcatra,22.78,22.78,27.59,0
2025-12-18_fraldinha,2025-12-18,fraldinha,25.43,20.5,20.5,1
2025-12-18_coxao_mole,2025-12-18,coxao_mole,23.57,23.57,36.29,0
2025-12-18_lagarto,2025-12-18,lagarto,15.84,15.84,16.22,0
2025-12-18_costelao,2025-12-18,costelao,22.61,22.61,30.32,0
2025-12-18_maminha,2025-12-18,maminha,23.22,20.76,20.76,1
2025-12-18_coxao_duro,2025-12-18,coxao_duro,12.47,12.47,20.79,0
2025-12-18_vazio,2025-12-18,vazio,15.26,15.26,15.52,0
2025-12-18_patinho,2025-12-18,patinho,25.84,25.84,38.21,0
2025-12-18_musculo_traseiro,2025-12-18,musculo_traseiro,13.69,13.69,19.19,0
2025-12-19_pescoco,2025-12-19,pescoco,13.37,13.37,14.41,0
2025-12-19_acem,2025-12-19,acem,38.04,38.04,42.51,0
2025-12-19_ponta_de_peito,2025-12-19,ponta_de_peito,15.22,15.22,18.53,0
2025-12-19_paleta,2025-12-19,paleta,21.48,21.48,30.74,0
2025-12-19_musculo_dianteiro,2025-12-19,musculo_dianteiro,19.78,19.78,23.25,0
2025-12-19_cupim,2025-12-19,cupim,17.4,17.4,18.36,0
2025-12-19_capa_file,2025-12-19,capa_file,14.72,14.11,14.11,1
2025-12-19_file_agulha,2025-12-19,file_agulha,17.22,17.22,21.23,0
2025-12-19_file_simples,2025-12-19,file_simples,16.16,16.16,20.6,0
2025-12-19_picanha,2025-12-19,picanha,21.2,19.87,19.87,1
2025-12-19_file_mignon,2025-12-19,file_mignon,9.81,9.81,11.57,0
2025-12-19_alcatra,2025-12-19,alcatra,29.93,29.93,32.7,0
2025-12-19_fraldinha,2025-12-19,fraldinha,25.57,20.36,20.36,1
2025-12-19_coxao_mole,2025-12-19,coxao_mole,29.42,29.42,33.37,0
2025-12-19_lagarto,2025-12-19,lagarto,16.1,16.1,23.75,0
2025-12-19_costelao,2025-12-19,costelao,27.72,27.72,34.38,0
2025-12-19_maminha,2025-12-19,maminha,24.07,21.61,21.61,1
2025-12-19_coxao_duro,2025-12-19,coxao_duro,20.07,20.07,25.62,0
2025-12-19_vazio,2025-12-19,vazio,19.94,18.06,18.06,1
2025-12-19_patinho,2025-12-19,patinho,29.92,29.92,35.19,0
2025-12-19_musculo_traseiro,2025-12-19,musculo_traseiro,20.34,20.34,23.57,0
2025-12-20_pescoco,2025-12-20,pescoco,11.51,11.51,13.86,0
2025-12-20_acem,2025-12-20,acem,43.28,43.28,58.55,0
2025-12-20_ponta_de_peito,2025-12-20,ponta_de_peito,22.77,22.19,22.19,1
2025-12-20_paleta,2025-12-20,paleta,27.8,27.8,38.26,0
2025-12-20_musculo_dianteiro,2025-12-20,musculo_dianteiro,24.39,24.39,29.93,0
2025-12-20_cupim,2025-12-20,cupim,26.6,19.45,19.45,1
2025-12-20_capa_file,2025-12-20,capa_file,24.14,18.92,18.92,1
2025-12-20_file_agulha,2025-12-20,file_agulha,17.74,17.74,23.28,0
2025-12-20_file_simples,2025-12-20,file_simples,21.86,21.86,25.99,0
2025-12-20_picanha,2025-12-20,picanha,36.25,27.32,27.32,1
2025-12-20_file_mignon,2025-12-20,file_mignon,12.29,12.29,15.15,0
2025-12-20_alcatra,2025-12-20,alcatra,43.66,35.37,35.37,1
2025-12-20_fraldinha,2025-12-20,fraldinha,28.2,27.81,27.81,1
2025-12-20_coxao_mole,2025-12-20,coxao_mole,40.7,40.7,42.49,0
2025-12-20_lagarto,2025-12-20,lagarto,23.36,23.36,26.99,0
2025-12-20_costelao,2025-12-20,costelao,45.24,45.24,45.27,0
2025-12-20_maminha,2025-12-20,maminha,40.28,26.23,26.23,1
2025-12-20_coxao_duro,2025-12-20,coxao_duro,27.1,27.1,28.52,0
2025-12-20_vazio,2025-12-20,vazio,22.27,22.27,22.94,0
2025-12-20_patinho,2025-12-20,patinho,34.58,34.58,45.81,0
2025-12-20_musculo_traseiro,2025-12-20,musculo_traseiro,18.87,18.87,27.89,0
2025-12-21_pescoco,2025-12-21,pescoco,11.17,11.17,14.09,0
2025-12-21_acem,2025-12-21,acem,34.53,34.53,41.19,0
2025-12-21_ponta_de_peito,2025-12-21,ponta_de_peito,12.85,12.85,17.68,0
2025-12-21_paleta,2025-12-21,paleta,18.07,18.07,30.29,0
2025-12-21_musculo_dianteiro,2025-12-21,musculo_dianteiro,19.33,19.33,23.66,0
2025-12-21_cupim,2025-12-21,cupim,16.76,14.61,14.61,1
2025-12-21_capa_file,2025-12-21,capa_file,14.69,14.69,15.02,0
2025-12-21_file_agulha,2025-12-21,file_agulha,12.45,12.45,19.73,0
2025-12-21_file_simples,2025-12-21,file_simples,15.87,15.87,21.29,0
2025-12-21_picanha,2025-12-21,picanha,20.41,17.9,17.9,1
2025-12-21_file_mignon,2025-12-21,file_mignon,9.3,9.3,11.97,0
2025-12-21_alcatra,2025-12-21,alcatra,23.13,23.13,32.32,0
2025-12-21_fraldinha,2025-12-21,fraldinha,20.11,20.11,22.13,0
2025-12-21_coxao_mole,2025-12-21,coxao_mole,31.89,31.89,33.05,0
2025-12-21_lagarto,2025-12-21,lagarto,15.48,15.48,23.29,0
2025-12-21_costelao,2025-12-21,costelao,23.67,23.67,32.68,0
2025-12-21_maminha,2025-12-21,maminha,21.35,16.21,16.21,1
2025-12-21_coxao_duro,2025-12-21,coxao_duro,19.09,19.09,26.91,0
2025-12-21_vazio,2025-12-21,vazio,16.81,16.69,16.69,1
2025-12-21_patinho,2025-12-21,patinho,40.26,39.28,39.28,1
2025-12-21_musculo_traseiro,2025-12-21,musculo_traseiro,15.36,15.36,21.82,0
2025-12-22_pescoco,2025-12-22,pescoco,6.46,6.46,11.47,0
2025-12-22_acem,2025-12-22,acem,26.03,26.03,38.89,0
2025-12-22_ponta_de_peito,2025-12-22,ponta_de_peito,11.49,11.29,11.29,1
2025-12-22_paleta,2025-12-22,paleta,13.56,13.56,22.7,0
2025-12-22_musculo_dianteiro,2025-12-22,musculo_dianteiro,13.19,13.19,15.19,0
2025-12-22_cupim,2025-12-22,cupim,9.3,9.3,9.66,0
2025-12-22_capa_file,2025-12-22,capa_file,9.24,9.24,12.77,0
2025-12-22_file_agulha,2025-12-22,file_agulha,9.97,9.97,14.89,0
2025-12-22_file_simples,2025-12-22,file_simples,9.49,9.49,13.59,0
2025-12-22_picanha,2025-12-22,picanha,11.22,11.22,15.44,0
2025-12-22_file_mignon,2025-12-22,file_mignon,6.28,6.28,9.02,0
2025-12-22_alcatra,2025-12-22,alcatra,19.92,19.92,24.51,0
2025-12-22_fraldinha,2025-12-22,fraldinha,11.11,11.11,14.92,0
2025-12-22_coxao_mole,2025-12-22,coxao_mole,14.44,14.44,32.11,0
2025-12-22_lagarto,2025-12-22,lagarto,11.64,11.64,14.1,0
2025-12-22_costelao,2025-12-22,costelao,20.05,20.05,26.2,0
2025-12-22_maminha,2025-12-22,maminha,13.49,13.49,15.11,0
2025-12-22_coxao_duro,2025-12-22,coxao_duro,13.87,13.87,19.27,0
2025-12-22_vazio,2025-12-22,vazio,13.72,12.04,12.04,1
2025-12-22_patinho,2025-12-22,patinho,29.66,27.2,27.2,1
2025-12-22_musculo_traseiro,2025-12-22,musculo_traseiro,12.02,12.02,14.97,0
2025-12-23_pescoco,2025-12-23,pescoco,8.99,8.99,11.52,0
2025-12-23_acem,2025-12-23,acem,28.76,28.76,37.46,0
2025-12-23_ponta_de_peito,2025-12-23,ponta_de_peito,10.11,10.11,14.7,0
2025-12-23_paleta,2025-12-23,paleta,15.79,15.79,26.78,0
2025-12-23_musculo_dianteiro,2025-12-23,musculo_dianteiro,14.39,14.39,19.81,0
2025-12-23_cupim,2025-12-23,cupim,11.88,11.88,14.61,0
2025-12-23_capa_file,2025-12-23,capa_file,10.79,10.79,12.08,0
2025-12-23_file_agulha,2025-12-23,file_agulha,11.85,11.85,15.54,0
2025-12-23_file_simples,2025-12-23,file_simples,12.1,12.1,16.47,0
2025-12-23_picanha,2025-12-23,picanha,14.24,14.24,14.74,0
2025-12-23_file_mignon,2025-12-23,file_mignon,6.43,6.43,9.01,0
2025-12-23_alcatra,2025-12-23,alcatra,23.75,23.75,24.02,0
2025-12-23_fraldinha,2025-12-23,fraldinha,16.91,16.11,16.11,1
2025-12-23_coxao_mole,2025-12-23,coxao_mole,24.75,24.75,27.0,0
2025-12-23_lagarto,2025-12-23,lagarto,13.55,13.55,16.7,0
2025-12-23_costelao,2025-12-23,costelao,18.4,18.4,23.98,0
2025-12-23_maminha,2025-12-23,maminha,13.35,12.97,12.97,1
2025-12-23_coxao_duro,2025-12-23,coxao_duro,16.18,16.18,19.55,0
2025-12-23_vazio,2025-12-23,vazio,10.89,10.89,15.58,0
2025-12-23_patinho,2025-12-23,patinho,23.92,23.92,27.12,0
2025-12-23_musculo_traseiro,2025-12-23,musculo_traseiro,13.63,13.63,18.39,0
2025-12-24_pescoco,2025-12-24,pescoco,12.67,11.41,11.41,1
2025-12-24_acem,2025-12-24,acem,57.92,34.74,34.74,1
2025-12-24_ponta_de_peito,2025-12-24,ponta_de_peito,12.95,12.95,14.89,0
2025-12-24_paleta,2025-12-24,paleta,31.23,22.91,22.91,1
2025-12-24_musculo_dianteiro,2025-12-24,musculo_dianteiro,22.26,17.98,17.98,1
2025-12-24_cupim,2025-12-24,cupim,24.58,12.76,12.76,1
2025-12-24_capa_file,2025-12-24,capa_file,16.07,11.55,11.55,1
2025-12-24_file_agulha,2025-12-24,file_agulha,25.76,15.49,15.49,1
2025-12-24_file_simples,2025-12-24,file_simples,21.21,15.0,15.0,1
2025-12-24_picanha,2025-12-24,picanha,21.53,15.41,15.41,1
2025-12-24_file_mignon,2025-12-24,file_mignon,12.31,9.84,9.84,1
2025-12-24_alcatra,2025-12-24,alcatra,30.91,24.22,24.22,1
2025-12-24_fraldinha,2025-12-24,fraldinha,24.19,19.9,19.9,1
2025-12-24_coxao_mole,2025-12-24,coxao_mole,34.91,26.94,26.94,1
2025-12-24_lagarto,2025-12-24,lagarto,19.81,17.58,17.58,1
2025-12-24_costelao,2025-12-24,costelao,36.45,24.25,24.25,1
2025-12-24_maminha,2025-12-24,maminha,22.85,14.97,14.97,1
2025-12-24_coxao_duro,2025-12-24,coxao_duro,24.32,20.83,20.83,1
2025-12-24_vazio,2025-12-24,vazio,16.93,13.38,13.38,1
2025-12-24_patinho,2025-12-24,patinho,33.9,29.12,29.12,1
2025-12-24_musculo_traseiro,2025-12-24,musculo_traseiro,17.37,15.24,15.24,1
2025-12-25_pescoco,2025-12-25,pescoco,12.31,12.31,13.55,0
2025-12-25_acem,2025-12-25,acem,39.67,35.91,35.91,1
2025-12-25_ponta_de_peito,2025-12-25,ponta_de_peito,13.38,13.38,16.2,0
2025-12-25_paleta,2025-12-25,paleta,25.17,22.54,22.54,1
2025-12-25_musculo_dianteiro,2025-12-25,musculo_dianteiro,19.96,19.06,19.06,1
2025-12-25_cupim,2025-12-25,cupim,14.76,14.76,15.81,0
2025-12-25_capa_file,2025-12-25,capa_file,16.4,16.4,16.89,0
2025-12-25_file_agulha,2025-12-25,file_agulha,17.09,15.85,15.85,1
2025-12-25_file_simples,2025-12-25,file_simples,14.85,14.85,18.16,0
2025-12-25_picanha,2025-12-25,picanha,18.69,16.46,16.46,1
2025-12-25_file_mignon,2025-12-25,file_mignon,9.35,9.35,11.02,0
2025-12-25_alcatra,2025-12-25,alcatra,29.6,22.87,22.87,1
2025-12-25_fraldinha,2025-12-25,fraldinha,25.06,18.83,18.83,1
2025-12-25_coxao_mole,2025-12-25,coxao_mole,31.28,31.28,31.67,0
2025-12-25_lagarto,2025-12-25,lagarto,16.29,16.29,18.17,0
2025-12-25_costelao,2025-12-25,costelao,31.85,26.71,26.71,1
2025-12-25_maminha,2025-12-25,maminha,22.72,16.4,16.4,1
2025-12-25_coxao_duro,2025-12-25,coxao_duro,16.61,16.61,17.7,0
2025-12-25_vazio,2025-12-25,vazio,17.0,14.79,14.79,1
2025-12-25_patinho,2025-12-25,patinho,29.11,29.11,34.02,0
2025-12-25_musculo_traseiro,2025-12-25,musculo_traseiro,19.19,17.98,17.98,1
2025-12-26_pescoco,2025-12-26,pescoco,10.66,10.66,12.05,0
2025-12-26_acem,2025-12-26,acem,52.94,41.59,41.59,1
2025-12-26_ponta_de_peito,2025-12-26,ponta_de_peito,14.33,14.33,18.23,0
2025-12-26_paleta,2025-12-26,paleta,23.03,23.03,30.09,0
2025-12-26_musculo_dianteiro,2025-12-26,musculo_dianteiro,23.42,23.42,27.95,0
2025-12-26_cupim,2025-12-26,cupim,16.97,14.49,14.49,1
2025-12-26_capa_file,2025-12-26,capa_file,16.43,16.16,16.16,1
2025-12-26_file_agulha,2025-12-26,file_agulha,15.69,15.69,17.23,0
2025-12-26_file_simples,2025-12-26,file_simples,15.65,15.65,25.24,0
2025-12-26_picanha,2025-12-26,picanha,20.78,20.78,21.92,0
2025-12-26_file_mignon,2025-12-26,file_mignon,10.22,10.22,12.5,0
2025-12-26_alcatra,2025-12-26,alcatra,38.89,34.46,34.46,1
2025-12-26_fraldinha,2025-12-26,fraldinha,19.02,19.02,22.33,0
2025-12-26_coxao_mole,2025-12-26,coxao_mole,25.78,25.78,34.77,0
2025-12-26_lagarto,2025-12-26,lagarto,14.64,14.64,22.34,0
2025-12-26_costelao,2025-12-26,costelao,28.35,28.35,34.49,0
2025-12-26_maminha,2025-12-26,maminha,15.08,15.08,20.75,0
2025-12-26_coxao_duro,2025-12-26,coxao_duro,22.53,22.53,25.43,0
2025-12-26_vazio,2025-12-26,vazio,18.89,17.61,17.61,1
2025-12-26_patinho,2025-12-26,patinho,35.16,35.16,43.06,0
2025-12-26_musculo_traseiro,2025-12-26,musculo_traseiro,15.91,15.91,22.43,0
2025-12-27_pescoco,2025-12-27,pescoco,12.82,12.82,16.63,0
2025-12-27_acem,2025-12-27,acem,38.77,38.77,58.23,0
2025-12-27_ponta_de_peito,2025-12-27,ponta_de_peito,18.76,18.76,19.78,0
2025-12-27_paleta,2025-12-27,paleta,30.01,30.01,36.41,0
2025-12-27_musculo_dianteiro,2025-12-27,musculo_dianteiro,28.19,28.19,30.93,0
2025-12-27_cupim,2025-12-27,cupim,22.75,22.75,23.46,0
2025-12-27_capa_file,2025-12-27,capa_file,22.74,19.53,19.53,1
2025-12-27_file_agulha,2025-12-27,file_agulha,17.91,17.91,25.96,0
2025-12-27_file_simples,2025-12-27,file_simples,19.47,19.47,25.31,0
2025-12-27_picanha,2025-12-27,picanha,23.45,22.21,22.21,1
2025-12-27_file_mignon,2025-12-27,file_mignon,12.15,12.15,15.96,0
2025-12-27_alcatra,2025-12-27,alcatra,48.32,38.37,38.37,1
2025-12-27_fraldinha,2025-12-27,fraldinha,41.97,28.18,28.18,1
2025-12-27_coxao_mole,2025-12-27,coxao_mole,34.49,34.49,45.21,0
2025-12-27_lagarto,2025-12-27,lagarto,20.4,20.4,25.11,0
2025-12-27_costelao,2025-12-27,costelao,42.36,38.4,38.4,1
2025-12-27_maminha,2025-12-27,maminha,37.85,25.3,25.3,1
2025-12-27_coxao_duro,2025-12-27,coxao_duro,28.03,28.03,31.87,0
2025-12-27_vazio,2025-12-27,vazio,20.56,20.56,22.9,0
2025-12-27_patinho,2025-12-27,patinho,33.33,33.33,52.68,0
2025-12-27_musculo_traseiro,2025-12-27,musculo_traseiro,20.53,20.53,27.65,0
2025-12-28_pescoco,2025-12-28,pescoco,13.02,13.02,13.09,0
2025-12-28_acem,2025-12-28,acem,33.2,33.2,37.22,0
2025-12-28_ponta_de_peito,2025-12-28,ponta_de_peito,15.03,14.79,14.79,1
2025-12-28_paleta,2025-12-28,paleta,22.29,22.29,27.71,0
2025-12-28_musculo_dianteiro,2025-12-28,musculo_dianteiro,17.25,17.25,22.3,0
2025-12-28_cupim,2025-12-28,cupim,14.18,14.18,15.2,0
2025-12-28_capa_file,2025-12-28,capa_file,14.56,13.88,13.88,1
2025-12-28_file_agulha,2025-12-28,file_agulha,10.91,10.91,19.13,0
2025-12-28_file_simples,2025-12-28,file_simples,18.2,18.2,19.89,0
2025-12-28_picanha,2025-12-28,picanha,18.78,17.33,17.33,1
2025-12-28_file_mignon,2025-12-28,file_mignon,10.48,10.48,13.6,0
2025-12-28_alcatra,2025-12-28,alcatra,25.57,25.57,27.8,0
2025-12-28_fraldinha,2025-12-28,fraldinha,24.96,21.9,21.9,1
2025-12-28_coxao_mole,2025-12-28,coxao_mole,28.94,28.44,28.44,1
2025-12-28_lagarto,2025-12-28,lagarto,16.64,16.64,20.22,0
2025-12-28_costelao,2025-12-28,costelao,30.28,25.96,25.96,1
2025-12-28_maminha,2025-12-28,maminha,19.85,19.85,20.19,0
2025-12-28_coxao_duro,2025-12-28,coxao_duro,19.2,19.2,26.22,0
2025-12-28_vazio,2025-12-28,vazio,16.18,15.54,15.54,1
2025-12-28_patinho,2025-12-28,patinho,31.58,31.58,41.52,0
2025-12-28_musculo_traseiro,2025-12-28,musculo_traseiro,16.5,16.5,18.44,0
2025-12-29_pescoco,2025-12-29,pescoco,8.08,8.08,10.78,0
2025-12-29_acem,2025-12-29,acem,28.37,28.37,29.36,0
2025-12-29_ponta_de_peito,2025-12-29,ponta_de_peito,8.1,8.1,12.13,0
2025-12-29_paleta,2025-12-29,paleta,16.51,16.51,21.42,0
2025-12-29_musculo_dianteiro,2025-12-29,musculo_dianteiro,12.73,12.73,18.37,0
2025-12-29_cupim,2025-12-29,cupim,10.21,10.21,12.84,0
2025-12-29_capa_file,2025-12-29,capa_file,10.8,10.57,10.57,1
2025-12-29_file_agulha,2025-12-29,file_agulha,13.08,13.04,13.04,1
2025-12-29_file_simples,2025-12-29,file_simples,10.18,10.18,12.75,0
2025-12-29_picanha,2025-12-29,picanha,11.95,11.95,15.63,0
2025-12-29_file_mignon,2025-12-29,file_mignon,10.54,8.9,8.9,1
2025-12-29_alcatra,2025-12-29,alcatra,18.93,18.93,22.34,0
2025-12-29_fraldinha,2025-12-29,fraldinha,14.15,14.15,15.89,0
2025-12-29_coxao_mole,2025-12-29,coxao_mole,17.98,17.98,26.09,0
2025-12-29_lagarto,2025-12-29,lagarto,10.91,10.91,15.73,0
2025-12-29_costelao,2025-12-29,costelao,19.45,18.5,18.5,1
2025-12-29_maminha,2025-12-29,maminha,14.84,14.84,15.91,0
2025-12-29_coxao_duro,2025-12-29,coxao_duro,15.2,15.2,15.46,0
2025-12-29_vazio,2025-12-29,vazio,13.89,13.65,13.65,1
2025-12-29_patinho,2025-12-29,patinho,25.06,25.06,27.86,0
2025-12-29_musculo_traseiro,2025-12-29,musculo_traseiro,9.82,9.82,10.87,0
2025-12-30_pescoco,2025-12-30,pescoco,9.12,9.12,10.79,0
2025-12-30_acem,2025-12-30,acem,27.26,27.26,34.74,0
2025-12-30_ponta_de_peito,2025-12-30,ponta_de_peito,10.52,10.52,12.83,0
2025-12-30_paleta,2025-12-30,paleta,16.07,16.07,21.72,0
2025-12-30_musculo_dianteiro,2025-12-30,musculo_dianteiro,14.61,14.61,18.62,0
2025-12-30_cupim,2025-12-30,cupim,11.99,11.99,13.38,0
2025-12-30_capa_file,2025-12-30,capa_file,10.68,10.68,11.86,0
2025-12-30_file_agulha,2025-12-30,file_agulha,13.54,13.54,16.54,0
2025-12-30_file_simples,2025-12-30,file_simples,12.06,12.06,14.68,0
2025-12-30_picanha,2025-12-30,picanha,13.51,13.0,13.0,1
2025-12-30_file_mignon,2025-12-30,file_mignon,7.25,7.25,8.63,0
2025-12-30_alcatra,2025-12-30,alcatra,25.5,25.13,25.13,1
2025-12-30_fraldinha,2025-12-30,fraldinha,12.43,12.43,15.15,0
2025-12-30_coxao_mole,2025-12-30,coxao_mole,19.35,19.35,24.22,0
2025-12-30_lagarto,2025-12-30,lagarto,12.45,12.45,13.47,0
2025-12-30_costelao,2025-12-30,costelao,21.66,21.66,28.67,0
2025-12-30_maminha,2025-12-30,maminha,13.91,13.7,13.7,1
2025-12-30_coxao_duro,2025-12-30,coxao_duro,18.17,18.17,20.29,0
2025-12-30_vazio,2025-12-30,vazio,11.4,11.4,11.53,0
2025-12-30_patinho,2025-12-30,patinho,25.11,25.11,27.51,0
2025-12-30_musculo_traseiro,2025-12-30,musculo_traseiro,15.58,15.58,16.47,0
2025-12-31_pescoco,2025-12-31,pescoco,13.46,9.12,9.12,1
2025-12-31_acem,2025-12-31,acem,41.46,37.64,37.64,1
2025-12-31_ponta_de_peito,2025-12-31,ponta_de_peito,14.17,10.35,10.35,1
2025-12-31_paleta,2025-12-31,paleta,25.06,24.82,24.82,1
2025-12-31_musculo_dianteiro,2025-12-31,musculo_dianteiro,32.89,17.9,17.9,1
2025-12-31_cupim,2025-12-31,cupim,18.55,11.13,11.13,1
2025-12-31_capa_file,2025-12-31,capa_file,16.86,12.25,12.25,1
2025-12-31_file_agulha,2025-12-31,file_agulha,17.73,15.24,15.24,1
2025-12-31_file_simples,2025-12-31,file_simples,21.69,18.15,18.15,1
2025-12-31_picanha,2025-12-31,picanha,18.49,16.46,16.46,1
2025-12-31_file_mignon,2025-12-31,file_mignon,12.67,9.36,9.36,1
2025-12-31_alcatra,2025-12-31,alcatra,56.28,22.58,22.58,1
2025-12-31_fraldinha,2025-12-31,fraldinha,26.37,19.03,19.03,1
2025-12-31_coxao_mole,2025-12-31,coxao_mole,28.86,28.86,30.29,0
2025-12-31_lagarto,2025-12-31,lagarto,21.57,14.68,14.68,1
2025-12-31_costelao,2025-12-31,costelao,32.25,25.87,25.87,1
2025-12-31_maminha,2025-12-31,maminha,21.17,14.97,14.97,1
2025-12-31_coxao_duro,2025-12-31,coxao_duro,26.37,23.36,23.36,1
2025-12-31_vazio,2025-12-31,vazio,20.91,14.6,14.6,1
2025-12-31_patinho,2025-12-31,patinho,39.06,32.08,32.08,1
2025-12-31_musculo_traseiro,2025-12-31,musculo_traseiro,14.21,14.21,15.12,0
2026-01-01_pescoco,2026-01-01,pescoco,7.7,7.7,7.99,0
2026-01-01_acem,2026-01-01,acem,27.1,27.1,29.12,0
2026-01-01_ponta_de_peito,2026-01-01,ponta_de_peito,12.65,9.67,9.67,1
2026-01-01_paleta,2026-01-01,paleta,14.27,14.27,17.99,0
2026-01-01_musculo_dianteiro,2026-01-01,musculo_dianteiro,11.36,11.36,16.01,0
2026-01-01_cupim,2026-01-01,cupim,10.62,9.76,9.76,1
2026-01-01_capa_file,2026-01-01,capa_file,11.4,11.26,11.26,1
2026-01-01_file_agulha,2026-01-01,file_agulha,12.71,12.6,12.6,1
2026-01-01_file_simples,2026-01-01,file_simples,14.77,14.77,17.58,0
2026-01-01_picanha,2026-01-01,picanha,11.49,11.32,11.32,1
2026-01-01_file_mignon,2026-01-01,file_mignon,7.12,7.12,7.6,0
2026-01-01_alcatra,2026-01-01,alcatra,17.26,17.26,19.3,0
2026-01-01_fraldinha,2026-01-01,fraldinha,13.84,10.76,10.76,1
2026-01-01_coxao_mole,2026-01-01,coxao_mole,24.34,24.0,24.0,1
2026-01-01_lagarto,2026-01-01,lagarto,11.52,11.52,12.92,0
2026-01-01_costelao,2026-01-01,costelao,18.4,18.4,23.75,0
2026-01-01_maminha,2026-01-01,maminha,11.93,11.93,12.02,0
2026-01-01_coxao_duro,2026-01-01,coxao_duro,13.73,13.73,16.02,0
2026-01-01_vazio,2026-01-01,vazio,11.52,9.67,9.67,1
2026-01-01_patinho,2026-01-01,patinho,22.9,22.9,31.51,0
2026-01-01_musculo_traseiro,2026-01-01,musculo_traseiro,12.91,12.91,12.99,0
2026-01-02_pescoco,2026-01-02,pescoco,9.19,9.19,10.63,0
2026-01-02_acem,2026-01-02,acem,25.05,25.05,30.59,0
2026-01-02_ponta_de_peito,2026-01-02,ponta_de_peito,12.78,12.78,14.13,0
2026-01-02_paleta,2026-01-02,paleta,18.59,18.59,25.8,0
2026-01-02_musculo_dianteiro,2026-01-02,musculo_dianteiro,14.94,14.94,21.56,0
2026-01-02_cupim,2026-01-02,cupim,11.43,11.43,12.44,0
2026-01-02_capa_file,2026-01-02,capa_file,12.0,12.0,12.48,0
2026-01-02_file_agulha,2026-01-02,file_agulha,12.84,12.84,15.53,0
2026-01-02_file_simples,2026-01-02,file_simples,13.78,13.78,17.51,0
2026-01-02_picanha,2026-01-02,picanha,14.56,13.23,13.23,1
2026-01-02_file_mignon,2026-01-02,file_mignon,7.81,7.81,9.72,0
2026-01-02_alcatra,2026-01-02,alcatra,23.04,23.04,24.14,0
2026-01-02_fraldinha,2026-01-02,fraldinha,18.07,18.07,18.92,0
2026-01-02_coxao_mole,2026-01-02,coxao_mole,24.32,24.32,27.19,0
2026-01-02_lagarto,2026-01-02,lagarto,11.91,11.91,18.31,0
2026-01-02_costelao,2026-01-02,costelao,23.03,23.03,28.69,0
2026-01-02_maminha,2026-01-02,maminha,13.0,13.0,13.75,0
2026-01-02_coxao_duro,2026-01-02,coxao_duro,16.53,16.53,18.72,0
2026-01-02_vazio,2026-01-02,vazio,11.4,11.4,12.53,0
2026-01-02_patinho,2026-01-02,patinho,23.93,23.93,35.16,0
2026-01-02_musculo_traseiro,2026-01-02,musculo_traseiro,14.09,14.09,16.75,0
2026-01-03_pescoco,2026-01-03,pescoco,11.47,11.47,13.74,0
2026-01-03_acem,2026-01-03,acem,33.22,33.22,40.93,0
2026-01-03_ponta_de_peito,2026-01-03,ponta_de_peito,14.7,14.7,18.85,0
2026-01-03_paleta,2026-01-03,paleta,20.89,20.89,28.2,0
2026-01-03_musculo_dianteiro,2026-01-03,musculo_dianteiro,17.9,17.9,20.14,0
2026-01-03_cupim,2026-01-03,cupim,14.34,14.16,14.16,1
2026-01-03_capa_file,2026-01-03,capa_file,19.08,13.5,13.5,1
2026-01-03_file_agulha,2026-01-03,file_agulha,13.37,13.37,16.78,0
2026-01-03_file_simples,2026-01-03,file_simples,15.49,15.49,21.24,0
2026-01-03_picanha,2026-01-03,picanha,25.95,19.86,19.86,1
2026-01-03_file_mignon,2026-01-03,file_mignon,11.76,11.76,12.36,0
2026-01-03_alcatra,2026-01-03,alcatra,27.55,27.55,32.09,0
2026-01-03_fraldinha,2026-01-03,fraldinha,27.93,23.12,23.12,1
2026-01-03_coxao_mole,2026-01-03,coxao_mole,24.66,24.66,33.22,0
2026-01-03_lagarto,2026-01-03,lagarto,15.43,15.43,22.57,0
2026-01-03_costelao,2026-01-03,costelao,30.66,30.66,33.19,0
2026-01-03_maminha,2026-01-03,maminha,18.45,18.45,19.92,0
2026-01-03_coxao_duro,2026-01-03,coxao_duro,16.71,16.71,21.95,0
2026-01-03_vazio,2026-01-03,vazio,15.01,15.01,16.32,0
2026-01-03_patinho,2026-01-03,patinho,29.13,29.13,36.84,0
2026-01-03_musculo_traseiro,2026-01-03,musculo_traseiro,13.71,13.71,19.35,0
2026-01-04_pescoco,2026-01-04,pescoco,9.01,9.01,11.06,0
2026-01-04_acem,2026-01-04,acem,25.58,25.58,31.8,0
2026-01-04_ponta_de_peito,2026-01-04,ponta_de_peito,11.86,11.86,13.05,0
2026-01-04_paleta,2026-01-04,paleta,25.26,23.75,23.75,1
2026-01-04_musculo_dianteiro,2026-01-04,musculo_dianteiro,15.19,15.19,15.2,0
2026-01-04_cupim,2026-01-04,cupim,10.71,10.71,11.7,0
2026-01-04_capa_file,2026-01-04,capa_file,9.99,9.99,13.88,0
2026-01-04_file_agulha,2026-01-04,file_agulha,12.38,12.38,15.74,0
2026-01-04_file_simples,2026-01-04,file_simples,12.14,12.14,15.73,0
2026-01-04_picanha,2026-01-04,picanha,12.29,12.29,14.19,0
2026-01-04_file_mignon,2026-01-04,file_mignon,7.9,7.9,10.48,0
2026-01-04_alcatra,2026-01-04,alcatra,22.99,22.99,26.63,0
2026-01-04_fraldinha,2026-01-04,fraldinha,14.4,14.4,18.03,0
2026-01-04_coxao_mole,2026-01-04,coxao_mole,21.1,21.1,25.06,0
2026-01-04_lagarto,2026-01-04,lagarto,11.34,11.34,18.79,0
2026-01-04_costelao,2026-01-04,costelao,22.05,22.05,23.74,0
2026-01-04_maminha,2026-01-04,maminha,18.32,13.84,13.84,1
2026-01-04_coxao_duro,2026-01-04,coxao_duro,19.27,14.85,14.85,1
2026-01-04_vazio,2026-01-04,vazio,11.77,11.77,13.61,0
2026-01-04_patinho,2026-01-04,patinho,24.91,24.91,29.26,0
2026-01-04_musculo_traseiro,2026-01-04,musculo_traseiro,18.03,14.78,14.78,1
2026-01-05_pescoco,2026-01-05,pescoco,6.0,6.0,7.47,0
2026-01-05_acem,2026-01-05,acem,26.68,21.09,21.09,1
2026-01-05_ponta_de_peito,2026-01-05,ponta_de_peito,8.7,8.7,12.65,0
2026-01-05_paleta,2026-01-05,paleta,12.34,12.34,15.49,0
2026-01-05_musculo_dianteiro,2026-01-05,musculo_dianteiro,8.51,8.51,13.27,0
2026-01-05_cupim,2026-01-05,cupim,7.14,7.14,9.3,0
2026-01-05_capa_file,2026-01-05,capa_file,6.92,6.92,8.71,0
2026-01-05_file_agulha,2026-01-05,file_agulha,11.12,9.15,9.15,1
2026-01-05_file_simples,2026-01-05,file_simples,10.11,10.11,11.57,0
2026-01-05_picanha,2026-01-05,picanha,8.9,8.9,10.94,0
2026-01-05_file_mignon,2026-01-05,file_mignon,7.23,7.2,7.2,1
2026-01-05_alcatra,2026-01-05,alcatra,13.57,13.57,17.09,0
2026-01-05_fraldinha,2026-01-05,fraldinha,8.42,8.42,10.92,0
2026-01-05_coxao_mole,2026-01-05,coxao_mole,24.5,22.65,22.65,1
2026-01-05_lagarto,2026-01-05,lagarto,11.3,11.11,11.11,1
2026-01-05_costelao,2026-01-05,costelao,20.46,18.17,18.17,1
2026-01-05_maminha,2026-01-05,maminha,8.34,8.34,11.14,0
2026-01-05_coxao_duro,2026-01-05,coxao_duro,11.16,11.16,15.33,0
2026-01-05_vazio,2026-01-05,vazio,6.07,6.07,9.87,0
2026-01-05_patinho,2026-01-05,patinho,17.5,17.5,22.19,0
2026-01-05_musculo_traseiro,2026-01-05,musculo_traseiro,8.94,8.94,10.07,0
2026-01-06_pescoco,2026-01-06,pescoco,8.17,6.44,6.44,1
2026-01-06_acem,2026-01-06,acem,29.14,29.14,29.59,0
2026-01-06_ponta_de_peito,2026-01-06,ponta_de_peito,8.56,8.56,8.67,0
2026-01-06_paleta,2026-01-06,paleta,16.8,14.58,14.58,1
2026-01-06_musculo_dianteiro,2026-01-06,musculo_dianteiro,10.0,10.0,13.68,0
2026-01-06_cupim,2026-01-06,cupim,6.98,6.98,9.3,0
2026-01-06_capa_file,2026-01-06,capa_file,7.13,7.13,8.46,0
2026-01-06_file_agulha,2026-01-06,file_agulha,8.91,8.91,11.95,0
2026-01-06_file_simples,2026-01-06,file_simples,11.51,11.51,12.13,0
2026-01-06_picanha,2026-01-06,picanha,9.26,9.26,9.57,0
2026-01-06_file_mignon,2026-01-06,file_mignon,6.06,6.06,7.16,0
2026-01-06_alcatra,2026-01-06,alcatra,15.5,15.5,15.58,0
2026-01-06_fraldinha,2026-01-06,fraldinha,10.57,10.57,14.8,0
2026-01-06_coxao_mole,2026-01-06,coxao_mole,16.43,16.43,21.29,0
2026-01-06_lagarto,2026-01-06,lagarto,11.37,11.37,12.07,0
2026-01-06_costelao,2026-01-06,costelao,14.39,14.39,18.35,0
2026-01-06_maminha,2026-01-06,maminha,10.34,10.34,12.15,0
2026-01-06_coxao_duro,2026-01-06,coxao_duro,10.52,10.52,13.57,0
2026-01-06_vazio,2026-01-06,vazio,9.33,9.33,9.55,0
2026-01-06_patinho,2026-01-06,patinho,20.12,20.12,20.9,0
2026-01-06_musculo_traseiro,2026-01-06,musculo_traseiro,9.73,9.73,11.13,0
2026-01-07_pescoco,2026-01-07,pescoco,7.15,7.15,7.85,0
2026-01-07_acem,2026-01-07,acem,30.08,30.08,30.36,0
2026-01-07_ponta_de_peito,2026-01-07,ponta_de_peito,10.66,10.66,11.74,0
2026-01-07_paleta,2026-01-07,paleta,14.84,14.84,16.7,0
2026-01-07_musculo_dianteiro,2026-01-07,musculo_dianteiro,11.02,11.02,15.26,0
2026-01-07_cupim,2026-01-07,cupim,5.51,5.51,9.86,0
2026-01-07_capa_file,2026-01-07,capa_file,7.11,7.11,9.4,0
2026-01-07_file_agulha,2026-01-07,file_agulha,8.41,8.41,12.29,0
2026-01-07_file_simples,2026-01-07,file_simples,9.59,9.59,14.26,0
2026-01-07_picanha,2026-01-07,picanha,8.62,8.62,10.24,0
2026-01-07_file_mignon,2026-01-07,file_mignon,9.8,8.3,8.3,1
2026-01-07_alcatra,2026-01-07,alcatra,17.09,17.09,21.63,0
2026-01-07_fraldinha,2026-01-07,fraldinha,11.81,11.81,15.49,0
2026-01-07_coxao_mole,2026-01-07,coxao_mole,16.89,16.89,20.43,0
2026-01-07_lagarto,2026-01-07,lagarto,10.9,10.59,10.59,1
2026-01-07_costelao,2026-01-07,costelao,15.88,15.88,19.22,0
2026-01-07_maminha,2026-01-07,maminha,10.3,10.3,13.58,0
2026-01-07_coxao_duro,2026-01-07,coxao_duro,13.24,13.24,14.33,0
2026-01-07_vazio,2026-01-07,vazio,8.96,8.96,11.56,0
2026-01-07_patinho,2026-01-07,patinho,18.44,18.44,25.25,0
2026-01-07_musculo_traseiro,2026-01-07,musculo_traseiro,10.63,10.63,12.04,0
2026-01-08_pescoco,2026-01-08,pescoco,9.0,7.82,7.82,1
2026-01-08_acem,2026-01-08,acem,24.49,24.49,24.85,0
2026-01-08_ponta_de_peito,2026-01-08,ponta_de_peito,11.21,10.68,10.68,1
2026-01-08_paleta,2026-01-08,paleta,19.56,19.56,21.22,0
2026-01-08_musculo_dianteiro,2026-01-08,musculo_dianteiro,13.66,13.66,13.86,0
2026-01-08_cupim,2026-01-08,cupim,7.87,7.87,10.89,0
2026-01-08_capa_file,2026-01-08,capa_file,8.52,8.52,10.33,0
2026-01-08_file_agulha,2026-01-08,file_agulha,11.68,11.68,14.03,0
2026-01-08_file_simples,2026-01-08,file_simples,11.74,11.74,14.71,0
2026-01-08_picanha,2026-01-08,picanha,10.79,10.79,12.64,0
2026-01-08_file_mignon,2026-01-08,file_mignon,6.37,6.37,9.17,0
2026-01-08_alcatra,2026-01-08,alcatra,17.48,17.48,20.59,0
2026-01-08_fraldinha,2026-01-08,fraldinha,12.01,12.01,15.86,0
2026-01-08_coxao_mole,2026-01-08,coxao_mole,16.98,16.98,23.16,0
2026-01-08_lagarto,2026-01-08,lagarto,10.97,10.97,11.71,0
2026-01-08_costelao,2026-01-08,costelao,14.57,14.57,19.53,0
2026-01-08_maminha,2026-01-08,maminha,8.07,8.07,15.04,0
2026-01-08_coxao_duro,2026-01-08,coxao_duro,15.58,15.58,19.35,0
2026-01-08_vazio,2026-01-08,vazio,9.97,9.97,12.54,0
2026-01-08_patinho,2026-01-08,patinho,17.57,17.57,28.67,0
2026-01-08_musculo_traseiro,2026-01-08,musculo_traseiro,11.94,10.87,10.87,1
2026-01-09_pescoco,2026-01-09,pescoco,9.66,9.66,10.25,0
2026-01-09_acem,2026-01-09,acem,31.73,31.73,35.35,0
2026-01-09_ponta_de_peito,2026-01-09,ponta_de_peito,12.63,12.63,14.75,0
2026-01-09_paleta,2026-01-09,paleta,15.86,15.86,22.51,0
2026-01-09_musculo_dianteiro,2026-01-09,musculo_dianteiro,12.94,12.94,13.76,0
2026-01-09_cupim,2026-01-09,cupim,13.27,13.27,14.02,0
2026-01-09_capa_file,2026-01-09,capa_file,14.48,11.23,11.23,1
2026-01-09_file_agulha,2026-01-09,file_agulha,11.5,11.5,14.28,0
2026-01-09_file_simples,2026-01-09,file_simples,12.11,12.11,16.37,0
2026-01-09_picanha,2026-01-09,picanha,13.08,13.08,15.63,0
2026-01-09_file_mignon,2026-01-09,file_mignon,7.95,7.95,8.72,0
2026-01-09_alcatra,2026-01-09,alcatra,23.21,23.21,26.16,0
2026-01-09_fraldinha,2026-01-09,fraldinha,14.02,14.02,17.29,0
2026-01-09_coxao_mole,2026-01-09,coxao_mole,32.05,29.45,29.45,1
2026-01-09_lagarto,2026-01-09,lagarto,15.01,15.01,19.41,0
2026-01-09_costelao,2026-01-09,costelao,24.55,24.55,25.53,0
2026-01-09_maminha,2026-01-09,maminha,13.13,13.13,18.36,0
2026-01-09_coxao_duro,2026-01-09,coxao_duro,17.47,15.52,15.52,1
2026-01-09_vazio,2026-01-09,vazio,13.48,13.48,14.06,0
2026-01-09_patinho,2026-01-09,patinho,24.48,24.48,31.38,0
2026-01-09_musculo_traseiro,2026-01-09,musculo_traseiro,12.93,12.93,17.84,0
2026-01-10_pescoco,2026-01-10,pescoco,8.82,8.82,13.61,0
2026-01-10_acem,2026-01-10,acem,40.36,40.36,46.23,0
2026-01-10_ponta_de_peito,2026-01-10,ponta_de_peito,14.55,14.47,14.47,1
2026-01-10_paleta,2026-01-10,paleta,23.8,23.8,28.74,0
2026-01-10_musculo_dianteiro,2026-01-10,musculo_dianteiro,18.43,18.43,21.32,0
2026-01-10_cupim,2026-01-10,cupim,15.13,14.54,14.54,1
2026-01-10_capa_file,2026-01-10,capa_file,17.9,14.58,14.58,1
2026-01-10_file_agulha,2026-01-10,file_agulha,22.15,16.13,16.13,1
2026-01-10_file_simples,2026-01-10,file_simples,13.26,13.26,22.42,0
2026-01-10_picanha,2026-01-10,picanha,17.7,17.7,20.36,0
2026-01-10_file_mignon,2026-01-10,file_mignon,10.79,10.79,13.81,0
2026-01-10_alcatra,2026-01-10,alcatra,32.45,29.58,29.58,1
2026-01-10_fraldinha,2026-01-10,fraldinha,25.44,21.62,21.62,1
2026-01-10_coxao_mole,2026-01-10,coxao_mole,23.79,23.79,32.19,0
2026-01-10_lagarto,2026-01-10,lagarto,15.25,15.25,20.6,0
2026-01-10_costelao,2026-01-10,costelao,33.46,30.9,30.9,1
2026-01-10_maminha,2026-01-10,maminha,21.89,20.35,20.35,1
2026-01-10_coxao_duro,2026-01-10,coxao_duro,18.54,18.54,26.92,0
2026-01-10_vazio,2026-01-10,vazio,16.93,16.08,16.08,1
2026-01-10_patinho,2026-01-10,patinho,32.1,32.1,38.85,0
2026-01-10_musculo_traseiro,2026-01-10,musculo_traseiro,15.33,15.33,17.78,0
2026-01-11_pescoco,2026-01-11,pescoco,8.84,8.84,11.48,0
2026-01-11_acem,2026-01-11,acem,29.31,29.31,33.93,0
2026-01-11_ponta_de_peito,2026-01-11,ponta_de_peito,10.82,10.82,13.38,0
2026-01-11_paleta,2026-01-11,paleta,15.79,15.79,22.02,0
2026-01-11_musculo_dianteiro,2026-01-11,musculo_dianteiro,12.08,12.08,15.96,0
2026-01-11_cupim,2026-01-11,cupim,10.49,10.49,12.64,0
2026-01-11_capa_file,2026-01-11,capa_file,11.68,10.33,10.33,1
2026-01-11_file_agulha,2026-01-11,file_agulha,14.85,13.4,13.4,1
2026-01-11_file_simples,2026-01-11,file_simples,9.8,9.8,13.7,0
2026-01-11_picanha,2026-01-11,picanha,11.06,11.06,13.84,0
2026-01-11_file_mignon,2026-01-11,file_mignon,6.9,6.9,9.76,0
2026-01-11_alcatra,2026-01-11,alcatra,19.59,19.55,19.55,1
2026-01-11_fraldinha,2026-01-11,fraldinha,13.66,13.66,15.92,0
2026-01-11_coxao_mole,2026-01-11,coxao_mole,25.48,25.48,27.97,0
2026-01-11_lagarto,2026-01-11,lagarto,10.42,10.42,15.77,0
2026-01-11_costelao,2026-01-11,costelao,18.24,18.24,26.87,0
2026-01-11_maminha,2026-01-11,maminha,9.27,9.27,18.46,0
2026-01-11_coxao_duro,2026-01-11,coxao_duro,13.17,13.17,16.5,0
2026-01-11_vazio,2026-01-11,vazio,11.03,11.03,14.01,0
2026-01-11_patinho,2026-01-11,patinho,20.6,20.6,27.24,0
2026-01-11_musculo_traseiro,2026-01-11,musculo_traseiro,12.68,12.68,15.22,0
2026-01-12_pescoco,2026-01-12,pescoco,7.61,6.63,6.63,1
2026-01-12_acem,2026-01-12,acem,20.2,19.83,19.83,1
2026-01-12_ponta_de_peito,2026-01-12,ponta_de_peito,5.98,5.98,8.63,0
2026-01-12_paleta,2026-01-12,paleta,18.42,15.35,15.35,1
2026-01-12_musculo_dianteiro,2026-01-12,musculo_dianteiro,12.25,12.25,12.8,0
2026-01-12_cupim,2026-01-12,cupim,9.13,9.13,9.22,0
2026-01-12_capa_file,2026-01-12,capa_file,7.01,7.01,7.59,0
2026-01-12_file_agulha,2026-01-12,file_agulha,7.34,7.34,10.29,0
2026-01-12_file_simples,2026-01-12,file_simples,9.46,9.46,12.01,0
2026-01-12_picanha,2026-01-12,picanha,12.3,10.3,10.3,1
2026-01-12_file_mignon,2026-01-12,file_mignon,6.65,5.78,5.78,1
2026-01-12_alcatra,2026-01-12,alcatra,15.09,15.09,19.41,0
2026-01-12_fraldinha,2026-01-12,fraldinha,9.75,9.75,14.49,0
2026-01-12_coxao_mole,2026-01-12,coxao_mole,12.68,12.68,21.94,0
2026-01-12_lagarto,2026-01-12,lagarto,8.9,8.9,13.98,0
2026-01-12_costelao,2026-01-12,costelao,18.39,18.11,18.11,1
2026-01-12_maminha,2026-01-12,maminha,9.52,9.52,10.61,0
2026-01-12_coxao_duro,2026-01-12,coxao_duro,9.05,9.05,12.19,0
2026-01-12_vazio,2026-01-12,vazio,7.85,7.85,11.19,0
2026-01-12_patinho,2026-01-12,patinho,16.55,16.55,23.29,0
2026-01-12_musculo_traseiro,2026-01-12,musculo_traseiro,10.09,10.09,12.44,0
2026-01-13_pescoco,2026-01-13,pescoco,6.41,6.41,8.84,0
2026-01-13_acem,2026-01-13,acem,34.39,23.29,23.29,1
2026-01-13_ponta_de_peito,2026-01-13,ponta_de_peito,9.07,8.97,8.97,1
2026-01-13_paleta,2026-01-13,paleta,14.35,14.35,15.47,0
2026-01-13_musculo_dianteiro,2026-01-13,musculo_dianteiro,13.02,12.66,12.66,1
2026-01-13_cupim,2026-01-13,cupim,7.0,7.0,9.73,0
2026-01-13_capa_file,2026-01-13,capa_file,12.45,10.62,10.62,1
2026-01-13_file_agulha,2026-01-13,file_agulha,9.38,9.38,11.18,0
2026-01-13_file_simples,2026-01-13,file_simples,9.08,9.08,10.98,0
2026-01-13_picanha,2026-01-13,picanha,9.91,9.91,10.68,0
2026-01-13_file_mignon,2026-01-13,file_mignon,5.5,5.5,6.65,0
2026-01-13_alcatra,2026-01-13,alcatra,12.77,12.77,15.94,0
2026-01-13_fraldinha,2026-01-13,fraldinha,10.32,10.32,13.99,0
2026-01-13_coxao_mole,2026-01-13,coxao_mole,15.24,15.24,20.68,0
2026-01-13_lagarto,2026-01-13,lagarto,13.31,13.31,13.68,0
2026-01-13_costelao,2026-01-13,costelao,15.32,15.32,18.89,0
2026-01-13_maminha,2026-01-13,maminha,11.73,11.73,12.92,0
2026-01-13_coxao_duro,2026-01-13,coxao_duro,12.2,12.2,14.02,0
2026-01-13_vazio,2026-01-13,vazio,6.81,6.81,9.09,0
2026-01-13_patinho,2026-01-13,patinho,16.52,16.52,21.55,0
2026-01-13_musculo_traseiro,2026-01-13,musculo_traseiro,11.59,11.59,12.83,0
2026-01-14_pescoco,2026-01-14,pescoco,8.37,8.37,8.55,0
2026-01-14_acem,2026-01-14,acem,21.62,21.62,26.71,0
2026-01-14_ponta_de_peito,2026-01-14,ponta_de_peito,12.06,11.04,11.04,1
2026-01-14_paleta,2026-01-14,paleta,11.39,11.39,18.0,0
2026-01-14_musculo_dianteiro,2026-01-14,musculo_dianteiro,11.47,11.47,13.87,0
2026-01-14_cupim,2026-01-14,cupim,7.61,7.61,8.35,0
2026-01-14_capa_file,2026-01-14,capa_file,8.18,8.18,10.94,0
2026-01-14_file_agulha,2026-01-14,file_agulha,9.02,9.02,11.68,0
2026-01-14_file_simples,2026-01-14,file_simples,9.46,9.46,12.73,0
2026-01-14_picanha,2026-01-14,picanha,7.66,7.66,13.24,0
2026-01-14_file_mignon,2026-01-14,file_mignon,5.3,5.3,6.21,0
2026-01-14_alcatra,2026-01-14,alcatra,12.8,12.8,17.74,0
2026-01-14_fraldinha,2026-01-14,fraldinha,11.29,11.29,14.34,0
2026-01-14_coxao_mole,2026-01-14,coxao_mole,18.37,18.37,20.06,0
2026-01-14_lagarto,2026-01-14,lagarto,11.47,11.47,16.26,0
2026-01-14_costelao,2026-01-14,costelao,18.45,18.45,20.18,0
2026-01-14_maminha,2026-01-14,maminha,10.08,10.08,11.26,0
2026-01-14_coxao_duro,2026-01-14,coxao_duro,12.09,12.09,18.47,0
2026-01-14_vazio,2026-01-14,vazio,7.36,7.36,11.04,0
2026-01-14_patinho,2026-01-14,patinho,22.81,22.81,23.3,0
2026-01-14_musculo_traseiro,2026-01-14,musculo_traseiro,10.01,10.01,16.27,0
2026-01-15_pescoco,2026-01-15,pescoco,6.61,6.61,10.16,0
2026-01-15_acem,2026-01-15,acem,37.01,29.14,29.14,1
2026-01-15_ponta_de_peito,2026-01-15,ponta_de_peito,10.45,10.45,11.33,0
2026-01-15_paleta,2026-01-15,paleta,22.06,21.47,21.47,1
2026-01-15_musculo_dianteiro,2026-01-15,musculo_dianteiro,11.31,11.31,15.45,0
2026-01-15_cupim,2026-01-15,cupim,9.21,8.56,8.56,1
2026-01-15_capa_file,2026-01-15,capa_file,7.84,7.84,11.2,0
2026-01-15_file_agulha,2026-01-15,file_agulha,9.48,9.48,12.1,0
2026-01-15_file_simples,2026-01-15,file_simples,11.72,11.72,12.37,0
2026-01-15_picanha,2026-01-15,picanha,8.72,8.72,10.49,0
2026-01-15_file_mignon,2026-01-15,file_mignon,6.52,6.52,9.14,0
2026-01-15_alcatra,2026-01-15,alcatra,16.41,16.41,22.02,0
2026-01-15_fraldinha,2026-01-15,fraldinha,14.22,14.22,17.03,0
2026-01-15_coxao_mole,2026-01-15,coxao_mole,17.4,17.4,23.65,0
2026-01-15_lagarto,2026-01-15,lagarto,12.4,11.93,11.93,1
2026-01-15_costelao,2026-01-15,costelao,18.86,18.86,22.04,0
2026-01-15_maminha,2026-01-15,maminha,9.53,9.53,12.29,0
2026-01-15_coxao_duro,2026-01-15,coxao_duro,10.99,10.99,15.26,0
2026-01-15_vazio,2026-01-15,vazio,10.34,10.34,14.02,0
2026-01-15_patinho,2026-01-15,patinho,20.62,20.62,25.13,0
2026-01-15_musculo_traseiro,2026-01-15,musculo_traseiro,13.84,11.78,11.78,1
2026-01-16_pescoco,2026-01-16,pescoco,8.58,8.58,11.5,0
2026-01-16_acem,2026-01-16,acem,32.25,32.25,34.08,0
2026-01-16_ponta_de_peito,2026-01-16,ponta_de_peito,10.94,10.94,14.11,0
2026-01-16_paleta,2026-01-16,paleta,24.82,23.93,23.93,1
2026-01-16_musculo_dianteiro,2026-01-16,musculo_dianteiro,11.77,11.77,15.45,0
2026-01-16_cupim,2026-01-16,cupim,11.07,11.07,12.07,0
2026-01-16_capa_file,2026-01-16,capa_file,11.61,11.61,12.49,0
2026-01-16_file_agulha,2026-01-16,file_agulha,14.29,14.29,14.35,0
2026-01-16_file_simples,2026-01-16,file_simples,15.04,15.04,17.83,0
2026-01-16_picanha,2026-01-16,picanha,13.4,13.4,14.07,0
2026-01-16_file_mignon,2026-01-16,file_mignon,12.16,9.05,9.05,1
2026-01-16_alcatra,2026-01-16,alcatra,23.66,21.79,21.79,1
2026-01-16_fraldinha,2026-01-16,fraldinha,23.5,19.4,19.4,1
2026-01-16_coxao_mole,2026-01-16,coxao_mole,21.8,21.8,29.03,0
2026-01-16_lagarto,2026-01-16,lagarto,13.95,13.95,17.22,0
2026-01-16_costelao,2026-01-16,costelao,21.84,21.84,22.24,0
2026-01-16_maminha,2026-01-16,maminha,16.15,16.15,16.3,0
2026-01-16_coxao_duro,2026-01-16,coxao_duro,18.35,18.35,19.14,0
2026-01-16_vazio,2026-01-16,vazio,9.92,9.92,12.43,0
2026-01-16_patinho,2026-01-16,patinho,27.2,27.2,31.53,0
2026-01-16_musculo_traseiro,2026-01-16,musculo_traseiro,13.09,13.09,19.44,0
2026-01-17_pescoco,2026-01-17,pescoco,10.96,10.96,16.04,0
2026-01-17_acem,2026-01-17,acem,28.41,28.41,44.28,0
2026-01-17_ponta_de_peito,2026-01-17,ponta_de_peito,12.6,12.6,16.55,0
2026-01-17_paleta,2026-01-17,paleta,22.15,22.15,27.25,0
2026-01-17_musculo_dianteiro,2026-01-17,musculo_dianteiro,15.63,15.63,22.12,0
2026-01-17_cupim,2026-01-17,cupim,15.11,14.11,14.11,1
2026-01-17_capa_file,2026-01-17,capa_file,13.35,13.35,16.53,0
2026-01-17_file_agulha,2026-01-17,file_agulha,15.48,15.48,17.98,0
2026-01-17_file_simples,2026-01-17,file_simples,15.13,15.13,22.77,0
2026-01-17_picanha,2026-01-17,picanha,18.35,18.35,21.82,0
2026-01-17_file_mignon,2026-01-17,file_mignon,9.9,9.9,13.48,0
2026-01-17_alcatra,2026-01-17,alcatra,32.02,31.77,31.77,1
2026-01-17_fraldinha,2026-01-17,fraldinha,24.54,23.71,23.71,1
2026-01-17_coxao_mole,2026-01-17,coxao_mole,33.8,32.98,32.98,1
2026-01-17_lagarto,2026-01-17,lagarto,17.0,17.0,17.76,0
2026-01-17_costelao,2026-01-17,costelao,31.34,27.43,27.43,1
2026-01-17_maminha,2026-01-17,maminha,19.22,19.22,19.59,0
2026-01-17_coxao_duro,2026-01-17,coxao_duro,20.76,20.76,28.15,0
2026-01-17_vazio,2026-01-17,vazio,14.85,14.85,19.15,0
2026-01-17_patinho,2026-01-17,patinho,31.03,31.03,35.6,0
2026-01-17_musculo_traseiro,2026-01-17,musculo_traseiro,13.29,13.29,20.72,0
2026-01-18_pescoco,2026-01-18,pescoco,5.98,5.98,11.26,0
2026-01-18_acem,2026-01-18,acem,24.27,24.27,33.29,0
2026-01-18_ponta_de_peito,2026-01-18,ponta_de_peito,14.04,13.03,13.03,1
2026-01-18_paleta,2026-01-18,paleta,16.85,16.85,21.14,0
2026-01-18_musculo_dianteiro,2026-01-18,musculo_dianteiro,11.05,11.05,16.33,0
2026-01-18_cupim,2026-01-18,cupim,10.46,10.46,11.06,0
2026-01-18_capa_file,2026-01-18,capa_file,11.05,10.78,10.78,1
2026-01-18_file_agulha,2026-01-18,file_agulha,8.58,8.58,13.78,0
2026-01-18_file_simples,2026-01-18,file_simples,13.61,13.61,17.5,0
2026-01-18_picanha,2026-01-18,picanha,10.84,10.84,13.09,0
2026-01-18_file_mignon,2026-01-18,file_mignon,7.57,7.57,10.21,0
2026-01-18_alcatra,2026-01-18,alcatra,21.94,21.94,21.98,0
2026-01-18_fraldinha,2026-01-18,fraldinha,12.89,12.89,17.7,0
2026-01-18_coxao_mole,2026-01-18,coxao_mole,21.36,21.36,28.8,0
2026-01-18_lagarto,2026-01-18,lagarto,12.9,12.9,18.39,0
2026-01-18_costelao,2026-01-18,costelao,25.26,25.26,27.93,0
2026-01-18_maminha,2026-01-18,maminha,13.28,13.28,14.7,0
2026-01-18_coxao_duro,2026-01-18,coxao_duro,14.0,14.0,19.33,0
2026-01-18_vazio,2026-01-18,vazio,11.75,10.81,10.81,1
2026-01-18_patinho,2026-01-18,patinho,22.37,22.37,33.37,0
2026-01-18_musculo_traseiro,2026-01-18,musculo_traseiro,15.06,15.06,16.33,0
2026-01-19_pescoco,2026-01-19,pescoco,6.2,6.2,8.88,0
2026-01-19_acem,2026-01-19,acem,20.97,20.97,25.17,0
2026-01-19_ponta_de_peito,2026-01-19,ponta_de_peito,7.84,7.34,7.34,1
2026-01-19_paleta,2026-01-19,paleta,10.87,10.87,16.14,0
2026-01-19_musculo_dianteiro,2026-01-19,musculo_dianteiro,9.88,9.88,13.72,0
2026-01-19_cupim,2026-01-19,cupim,6.57,6.57,9.08,0
2026-01-19_capa_file,2026-01-19,capa_file,7.28,7.28,8.16,0
2026-01-19_file_agulha,2026-01-19,file_agulha,9.5,9.5,11.12,0
2026-01-19_file_simples,2026-01-19,file_simples,8.31,8.31,8.47,0
2026-01-19_picanha,2026-01-19,picanha,9.5,8.99,8.99,1
2026-01-19_file_mignon,2026-01-19,file_mignon,4.99,4.99,7.75,0
2026-01-19_alcatra,2026-01-19,alcatra,14.49,14.49,18.32,0
2026-01-19_fraldinha,2026-01-19,fraldinha,11.08,11.08,14.91,0
2026-01-19_coxao_mole,2026-01-19,coxao_mole,15.11,13.54,13.54,1
2026-01-19_lagarto,2026-01-19,lagarto,9.92,9.68,9.68,1
2026-01-19_costelao,2026-01-19,costelao,14.48,14.48,18.04,0
2026-01-19_maminha,2026-01-19,maminha,8.7,8.7,11.54,0
2026-01-19_coxao_duro,2026-01-19,coxao_duro,11.56,11.56,13.63,0
2026-01-19_vazio,2026-01-19,vazio,7.78,7.78,11.23,0
2026-01-19_patinho,2026-01-19,patinho,14.77,14.77,21.34,0
2026-01-19_musculo_traseiro,2026-01-19,musculo_traseiro,9.46,9.46,11.35,0
2026-01-20_pescoco,2026-01-20,pescoco,7.11,7.11,8.97,0
2026-01-20_acem,2026-01-20,acem,23.17,21.87,21.87,1
2026-01-20_ponta_de_peito,2026-01-20,ponta_de_peito,9.0,9.0,9.8,0
2026-01-20_paleta,2026-01-20,paleta,13.91,13.91,16.38,0
2026-01-20_musculo_dianteiro,2026-01-20,musculo_dianteiro,15.01,12.38,12.38,1
2026-01-20_cupim,2026-01-20,cupim,6.71,6.71,9.39,0
2026-01-20_capa_file,2026-01-20,capa_file,8.96,8.96,10.2,0
2026-01-20_file_agulha,2026-01-20,file_agulha,9.31,9.31,9.57,0
2026-01-20_file_simples,2026-01-20,file_simples,8.53,8.53,9.85,0
2026-01-20_picanha,2026-01-20,picanha,7.62,7.62,12.05,0
2026-01-20_file_mignon,2026-01-20,file_mignon,6.3,6.3,7.42,0
2026-01-20_alcatra,2026-01-20,alcatra,14.6,14.6,17.47,0
2026-01-20_fraldinha,2026-01-20,fraldinha,12.5,12.5,13.43,0
2026-01-20_coxao_mole,2026-01-20,coxao_mole,19.84,19.22,19.22,1
2026-01-20_lagarto,2026-01-20,lagarto,11.32,11.32,14.29,0
2026-01-20_costelao,2026-01-20,costelao,14.25,14.25,20.91,0
2026-01-20_maminha,2026-01-20,maminha,11.43,11.43,12.55,0
2026-01-20_coxao_duro,2026-01-20,coxao_duro,12.75,12.75,13.92,0
2026-01-20_vazio,2026-01-20,vazio,8.77,8.77,11.76,0
2026-01-20_patinho,2026-01-20,patinho,19.04,19.04,22.07,0
2026-01-20_musculo_traseiro,2026-01-20,musculo_traseiro,8.34,8.34,14.83,0
2026-01-21_pescoco,2026-01-21,pescoco,7.89,7.89,9.63,0
2026-01-21_acem,2026-01-21,acem,21.23,21.23,32.01,0
2026-01-21_ponta_de_peito,2026-01-21,ponta_de_peito,8.33,8.33,9.87,0
2026-01-21_paleta,2026-01-21,paleta,15.78,15.78,17.53,0
2026-01-21_musculo_dianteiro,2026-01-21,musculo_dianteiro,11.98,11.98,15.47,0
2026-01-21_cupim,2026-01-21,cupim,8.63,8.63,9.01,0
2026-01-21_capa_file,2026-01-21,capa_file,7.15,7.15,9.46,0
2026-01-21_file_agulha,2026-01-21,file_agulha,9.83,9.83,12.27,0
2026-01-21_file_simples,2026-01-21,file_simples,11.21,9.41,9.41,1
2026-01-21_picanha,2026-01-21,picanha,9.87,9.87,12.79,0
2026-01-21_file_mignon,2026-01-21,file_mignon,4.89,4.89,8.14,0
2026-01-21_alcatra,2026-01-21,alcatra,17.58,17.58,19.43,0
2026-01-21_fraldinha,2026-01-21,fraldinha,10.51,10.51,13.42,0
2026-01-21_coxao_mole,2026-01-21,coxao_mole,15.6,15.6,25.81,0
2026-01-21_lagarto,2026-01-21,lagarto,12.0,12.0,13.66,0
2026-01-21_costelao,2026-01-21,costelao,11.99,11.99,23.15,0
2026-01-21_maminha,2026-01-21,maminha,11.93,11.93,14.6,0
2026-01-21_coxao_duro,2026-01-21,coxao_duro,12.36,12.36,12.67,0
2026-01-21_vazio,2026-01-21,vazio,8.36,8.36,10.45,0
2026-01-21_patinho,2026-01-21,patinho,18.01,18.01,27.15,0
2026-01-21_musculo_traseiro,2026-01-21,musculo_traseiro,11.12,11.12,15.72,0
2026-01-22_pescoco,2026-01-22,pescoco,6.68,6.68,10.14,0
2026-01-22_acem,2026-01-22,acem,24.1,24.1,26.6,0
2026-01-22_ponta_de_peito,2026-01-22,ponta_de_peito,9.44,9.44,12.63,0
2026-01-22_paleta,2026-01-22,paleta,14.13,14.13,20.82,0
2026-01-22_musculo_dianteiro,2026-01-22,musculo_dianteiro,14.71,14.71,14.9,0
2026-01-22_cupim,2026-01-22,cupim,9.25,9.25,9.83,0
2026-01-22_capa_file,2026-01-22,capa_file,7.44,7.44,11.54,0
2026-01-22_file_agulha,2026-01-22,file_agulha,9.31,9.31,12.9,0
2026-01-22_file_simples,2026-01-22,file_simples,10.23,10.23,14.03,0
2026-01-22_picanha,2026-01-22,picanha,8.34,8.34,11.77,0
2026-01-22_file_mignon,2026-01-22,file_mignon,6.34,6.34,8.14,0
2026-01-22_alcatra,2026-01-22,alcatra,15.01,15.01,20.79,0
2026-01-22_fraldinha,2026-01-22,fraldinha,13.37,13.37,16.23,0
2026-01-22_coxao_mole,2026-01-22,coxao_mole,19.42,19.42,22.36,0
2026-01-22_lagarto,2026-01-22,lagarto,10.71,10.71,13.21,0
2026-01-22_costelao,2026-01-22,costelao,15.83,15.83,22.24,0
2026-01-22_maminha,2026-01-22,maminha,13.29,13.29,15.69,0
2026-01-22_coxao_duro,2026-01-22,coxao_duro,19.55,19.55,20.84,0
2026-01-22_vazio,2026-01-22,vazio,9.72,9.72,10.95,0
2026-01-22_patinho,2026-01-22,patinho,24.34,21.9,21.9,1
2026-01-22_musculo_traseiro,2026-01-22,musculo_traseiro,14.95,13.85,13.85,1
2026-01-23_pescoco,2026-01-23,pescoco,9.0,9.0,11.24,0
2026-01-23_acem,2026-01-23,acem,35.31,35.31,38.51,0
2026-01-23_ponta_de_peito,2026-01-23,ponta_de_peito,9.9,9.9,12.58,0
2026-01-23_paleta,2026-01-23,paleta,18.99,18.99,21.45,0
2026-01-23_musculo_dianteiro,2026-01-23,musculo_dianteiro,13.24,13.24,16.52,0
2026-01-23_cupim,2026-01-23,cupim,10.12,10.12,14.25,0
2026-01-23_capa_file,2026-01-23,capa_file,12.12,12.12,12.3,0
2026-01-23_file_agulha,2026-01-23,file_agulha,10.8,10.8,17.3,0
2026-01-23_file_simples,2026-01-23,file_simples,11.96,11.96,19.68,0
2026-01-23_picanha,2026-01-23,picanha,13.86,13.86,14.66,0
2026-01-23_file_mignon,2026-01-23,file_mignon,7.05,7.05,10.98,0
2026-01-23_alcatra,2026-01-23,alcatra,22.92,22.92,23.85,0
2026-01-23_fraldinha,2026-01-23,fraldinha,23.7,19.35,19.35,1
2026-01-23_coxao_mole,2026-01-23,coxao_mole,20.93,20.93,26.73,0
2026-01-23_lagarto,2026-01-23,lagarto,12.51,12.51,14.49,0
2026-01-23_costelao,2026-01-23,costelao,24.47,24.47,25.88,0
2026-01-23_maminha,2026-01-23,maminha,14.69,14.69,18.74,0
2026-01-23_coxao_duro,2026-01-23,coxao_duro,15.38,15.38,20.63,0
2026-01-23_vazio,2026-01-23,vazio,15.51,14.37,14.37,1
2026-01-23_patinho,2026-01-23,patinho,21.68,21.68,36.65,0
2026-01-23_musculo_traseiro,2026-01-23,musculo_traseiro,9.55,9.55,19.68,0
2026-01-24_pescoco,2026-01-24,pescoco,9.95,9.95,11.51,0
2026-01-24_acem,2026-01-24,acem,31.77,31.77,44.32,0
2026-01-24_ponta_de_peito,2026-01-24,ponta_de_peito,19.98,13.95,13.95,1
2026-01-24_paleta,2026-01-24,paleta,24.05,24.05,28.81,0
2026-01-24_musculo_dianteiro,2026-01-24,musculo_dianteiro,20.07,19.34,19.34,1
2026-01-24_cupim,2026-01-24,cupim,17.75,15.47,15.47,1
2026-01-24_capa_file,2026-01-24,capa_file,17.35,15.25,15.25,1
2026-01-24_file_agulha,2026-01-24,file_agulha,12.82,12.82,18.25,0
2026-01-24_file_simples,2026-01-24,file_simples,16.94,16.94,21.6,0
2026-01-24_picanha,2026-01-24,picanha,19.21,19.21,20.05,0
2026-01-24_file_mignon,2026-01-24,file_mignon,11.79,11.79,13.2,0
2026-01-24_alcatra,2026-01-24,alcatra,32.37,24.99,24.99,1
2026-01-24_fraldinha,2026-01-24,fraldinha,20.59,20.59,24.09,0
2026-01-24_coxao_mole,2026-01-24,coxao_mole,28.36,28.36,36.96,0
2026-01-24_lagarto,2026-01-24,lagarto,15.71,15.71,18.51,0
2026-01-24_costelao,2026-01-24,costelao,30.01,30.0,30.0,1
2026-01-24_maminha,2026-01-24,maminha,22.38,20.36,20.36,1
2026-01-24_coxao_duro,2026-01-24,coxao_duro,18.33,18.33,21.19,0
2026-01-24_vazio,2026-01-24,vazio,19.18,18.61,18.61,1
2026-01-24_patinho,2026-01-24,patinho,33.97,32.0,32.0,1
2026-01-24_musculo_traseiro,2026-01-24,musculo_traseiro,15.09,15.09,21.62,0
2026-01-25_pescoco,2026-01-25,pescoco,8.24,8.24,11.67,0
2026-01-25_acem,2026-01-25,acem,22.73,22.73,32.68,0
2026-01-25_ponta_de_peito,2026-01-25,ponta_de_peito,10.99,10.99,12.79,0
2026-01-25_paleta,2026-01-25,paleta,16.1,16.1,16.94,0
2026-01-25_musculo_dianteiro,2026-01-25,musculo_dianteiro,13.22,13.22,14.41,0
2026-01-25_cupim,2026-01-25,cupim,11.12,11.12,13.02,0
2026-01-25_capa_file,2026-01-25,capa_file,11.28,9.44,9.44,1
2026-01-25_file_agulha,2026-01-25,file_agulha,11.53,11.53,12.55,0
2026-01-25_file_simples,2026-01-25,file_simples,12.1,12.1,15.47,0
2026-01-25_picanha,2026-01-25,picanha,11.38,11.38,12.69,0
2026-01-25_file_mignon,2026-01-25,file_mignon,7.19,7.19,8.05,0
2026-01-25_alcatra,2026-01-25,alcatra,23.28,22.78,22.78,1
2026-01-25_fraldinha,2026-01-25,fraldinha,14.89,14.89,16.66,0
2026-01-25_coxao_mole,2026-01-25,coxao_mole,18.32,18.32,31.06,0
2026-01-25_lagarto,2026-01-25,lagarto,13.0,13.0,17.08,0
2026-01-25_costelao,2026-01-25,costelao,23.17,21.93,21.93,1
2026-01-25_maminha,2026-01-25,maminha,15.87,12.78,12.78,1
2026-01-25_coxao_duro,2026-01-25,coxao_duro,14.47,14.47,16.71,0
2026-01-25_vazio,2026-01-25,vazio,11.13,11.13,13.73,0
2026-01-25_patinho,2026-01-25,patinho,20.88,20.88,31.16,0
2026-01-25_musculo_traseiro,2026-01-25,musculo_traseiro,12.52,12.52,16.72,0
2026-01-26_pescoco,2026-01-26,pescoco,7.76,7.76,8.66,0
2026-01-26_acem,2026-01-26,acem,16.81,16.81,23.01,0
2026-01-26_ponta_de_peito,2026-01-26,ponta_de_peito,6.15,6.15,9.92,0
2026-01-26_paleta,2026-01-26,paleta,13.43,13.43,16.87,0
2026-01-26_musculo_dianteiro,2026-01-26,musculo_dianteiro,10.55,10.55,11.6,0
2026-01-26_cupim,2026-01-26,cupim,7.34,7.34,7.99,0
2026-01-26_capa_file,2026-01-26,capa_file,8.7,8.7,9.3,0
2026-01-26_file_agulha,2026-01-26,file_agulha,7.86,7.86,12.12,0
2026-01-26_file_simples,2026-01-26,file_simples,9.23,9.23,9.92,0
2026-01-26_picanha,2026-01-26,picanha,8.31,8.31,9.3,0
2026-01-26_file_mignon,2026-01-26,file_mignon,6.32,6.32,6.57,0
2026-01-26_alcatra,2026-01-26,alcatra,15.12,15.12,17.19,0
2026-01-26_fraldinha,2026-01-26,fraldinha,9.72,9.72,12.26,0
2026-01-26_coxao_mole,2026-01-26,coxao_mole,15.66,15.66,21.94,0
2026-01-26_lagarto,2026-01-26,lagarto,7.83,7.83,12.29,0
2026-01-26_costelao,2026-01-26,costelao,14.25,14.25,18.53,0
2026-01-26_maminha,2026-01-26,maminha,9.56,9.56,12.0,0
2026-01-26_coxao_duro,2026-01-26,coxao_duro,10.7,10.7,13.49,0
2026-01-26_vazio,2026-01-26,vazio,6.85,6.85,9.34,0
2026-01-26_patinho,2026-01-26,patinho,20.62,20.47,20.47,1
2026-01-26_musculo_traseiro,2026-01-26,musculo_traseiro,11.2,9.07,9.07,1
2026-01-27_pescoco,2026-01-27,pescoco,6.69,6.52,6.52,1
2026-01-27_acem,2026-01-27,acem,20.82,20.82,28.89,0
2026-01-27_ponta_de_peito,2026-01-27,ponta_de_peito,7.55,7.55,11.26,0
2026-01-27_paleta,2026-01-27,paleta,13.55,13.55,17.13,0
2026-01-27_musculo_dianteiro,2026-01-27,musculo_dianteiro,14.28,10.69,10.69,1
2026-01-27_cupim,2026-01-27,cupim,7.45,7.45,9.08,0
2026-01-27_capa_file,2026-01-27,capa_file,8.68,8.68,9.94,0
2026-01-27_file_agulha,2026-01-27,file_agulha,8.74,8.74,13.12,0
2026-01-27_file_simples,2026-01-27,file_simples,8.12,8.12,11.26,0
2026-01-27_picanha,2026-01-27,picanha,10.65,9.59,9.59,1
2026-01-27_file_mignon,2026-01-27,file_mignon,6.83,6.83,6.86,0
2026-01-27_alcatra,2026-01-27,alcatra,16.55,16.55,20.09,0
2026-01-27_fraldinha,2026-01-27,fraldinha,9.73,9.73,11.96,0
2026-01-27_coxao_mole,2026-01-27,coxao_mole,16.43,16.43,22.52,0
2026-01-27_lagarto,2026-01-27,lagarto,13.29,10.94,10.94,1
2026-01-27_costelao,2026-01-27,costelao,15.32,15.32,18.41,0
2026-01-27_maminha,2026-01-27,maminha,8.61,8.61,12.9,0
2026-01-27_coxao_duro,2026-01-27,coxao_duro,10.46,10.46,15.78,0
2026-01-27_vazio,2026-01-27,vazio,8.76,8.76,10.74,0
2026-01-27_patinho,2026-01-27,patinho,18.41,18.41,25.44,0
2026-01-27_musculo_traseiro,2026-01-27,musculo_traseiro,10.29,10.29,11.39,0
2026-01-28_pescoco,2026-01-28,pescoco,6.57,6.57,9.27,0
2026-01-28_acem,2026-01-28,acem,25.92,25.92,27.52,0
2026-01-28_ponta_de_peito,2026-01-28,ponta_de_peito,8.56,8.56,10.96,0
2026-01-28_paleta,2026-01-28,paleta,15.64,15.64,18.23,0
2026-01-28_musculo_dianteiro,2026-01-28,musculo_dianteiro,11.39,11.39,13.85,0
2026-01-28_cupim,2026-01-28,cupim,8.15,8.15,9.97,0
2026-01-28_capa_file,2026-01-28,capa_file,8.11,8.11,9.6,0
2026-01-28_file_agulha,2026-01-28,file_agulha,10.5,10.5,12.51,0
2026-01-28_file_simples,2026-01-28,file_simples,11.39,11.39,13.68,0
2026-01-28_picanha,2026-01-28,picanha,8.84,8.84,12.85,0
2026-01-28_file_mignon,2026-01-28,file_mignon,5.95,5.95,7.14,0
2026-01-28_alcatra,2026-01-28,alcatra,17.79,17.79,18.36,0
2026-01-28_fraldinha,2026-01-28,fraldinha,12.02,12.02,14.64,0
2026-01-28_coxao_mole,2026-01-28,coxao_mole,17.88,17.88,21.99,0
2026-01-28_lagarto,2026-01-28,lagarto,10.83,10.17,10.17,1
2026-01-28_costelao,2026-01-28,costelao,22.52,22.52,22.6,0
2026-01-28_maminha,2026-01-28,maminha,8.8,8.8,11.9,0
2026-01-28_coxao_duro,2026-01-28,coxao_duro,11.73,11.73,15.08,0
2026-01-28_vazio,2026-01-28,vazio,10.32,9.85,9.85,1
2026-01-28_patinho,2026-01-28,patinho,18.63,18.63,25.36,0
2026-01-28_musculo_traseiro,2026-01-28,musculo_traseiro,11.98,11.98,15.38,0
2026-01-29_pescoco,2026-01-29,pescoco,8.42,8.42,9.76,0
2026-01-29_acem,2026-01-29,acem,22.79,22.79,33.24,0
2026-01-29_ponta_de_peito,2026-01-29,ponta_de_peito,8.8,8.8,12.75,0
2026-01-29_paleta,2026-01-29,paleta,17.83,17.83,20.84,0
2026-01-29_musculo_dianteiro,2026-01-29,musculo_dianteiro,11.19,11.19,14.81,0
2026-01-29_cupim,2026-01-29,cupim,7.62,7.62,9.96,0
2026-01-29_capa_file,2026-01-29,capa_file,7.08,7.08,9.81,0
2026-01-29_file_agulha,2026-01-29,file_agulha,11.2,11.2,13.32,0
2026-01-29_file_simples,2026-01-29,file_simples,14.55,14.55,14.94,0
2026-01-29_picanha,2026-01-29,picanha,12.07,10.93,10.93,1
2026-01-29_file_mignon,2026-01-29,file_mignon,7.18,7.18,8.43,0
2026-01-29_alcatra,2026-01-29,alcatra,13.56,13.56,23.41,0
2026-01-29_fraldinha,2026-01-29,fraldinha,11.42,11.42,15.95,0
2026-01-29_coxao_mole,2026-01-29,coxao_mole,14.99,14.99,24.46,0
2026-01-29_lagarto,2026-01-29,lagarto,11.36,11.36,15.86,0
2026-01-29_costelao,2026-01-29,costelao,16.92,16.92,26.18,0
2026-01-29_maminha,2026-01-29,maminha,14.14,13.07,13.07,1
2026-01-29_coxao_duro,2026-01-29,coxao_duro,11.79,11.79,15.99,0
2026-01-29_vazio,2026-01-29,vazio,10.79,10.79,12.71,0
2026-01-29_patinho,2026-01-29,patinho,15.72,15.72,27.78,0
2026-01-29_musculo_traseiro,2026-01-29,musculo_traseiro,9.57,9.57,15.61,0
2026-01-30_pescoco,2026-01-30,pescoco,9.87,9.87,10.69,0
2026-01-30_acem,2026-01-30,acem,28.96,28.96,42.07,0
2026-01-30_ponta_de_peito,2026-01-30,ponta_de_peito,12.26,12.26,14.83,0
2026-01-30_paleta,2026-01-30,paleta,16.96,16.96,19.84,0
2026-01-30_musculo_dianteiro,2026-01-30,musculo_dianteiro,15.72,15.72,18.61,0
2026-01-30_cupim,2026-01-30,cupim,11.72,11.72,14.82,0
2026-01-30_capa_file,2026-01-30,capa_file,9.84,9.84,12.82,0
2026-01-30_file_agulha,2026-01-30,file_agulha,11.03,11.03,14.32,0
2026-01-30_file_simples,2026-01-30,file_simples,12.57,12.57,16.36,0
2026-01-30_picanha,2026-01-30,picanha,15.09,12.44,12.44,1
2026-01-30_file_mignon,2026-01-30,file_mignon,6.66,6.66,9.63,0
2026-01-30_alcatra,2026-01-30,alcatra,20.13,20.13,27.9,0
2026-01-30_fraldinha,2026-01-30,fraldinha,18.12,17.48,17.48,1
2026-01-30_coxao_mole,2026-01-30,coxao_mole,21.98,21.98,23.76,0
2026-01-30_lagarto,2026-01-30,lagarto,13.14,13.14,17.21,0
2026-01-30_costelao,2026-01-30,costelao,21.9,21.9,28.96,0
2026-01-30_maminha,2026-01-30,maminha,18.26,17.56,17.56,1
2026-01-30_coxao_duro,2026-01-30,coxao_duro,15.44,15.44,21.32,0
2026-01-30_vazio,2026-01-30,vazio,11.73,11.73,14.81,0
2026-01-30_patinho,2026-01-30,patinho,25.2,25.2,31.42,0
2026-01-30_musculo_traseiro,2026-01-30,musculo_traseiro,16.11,16.11,16.91,0
2026-01-31_pescoco,2026-01-31,pescoco,10.88,10.88,13.82,0
2026-01-31_acem,2026-01-31,acem,39.57,39.57,44.19,0
2026-01-31_ponta_de_peito,2026-01-31,ponta_de_peito,15.16,15.16,18.15,0
2026-01-31_paleta,2026-01-31,paleta,20.95,20.95,27.06,0
2026-01-31_musculo_dianteiro,2026-01-31,musculo_dianteiro,16.74,16.74,20.49,0
2026-01-31_cupim,2026-01-31,cupim,17.0,14.25,14.25,1
2026-01-31_capa_file,2026-01-31,capa_file,15.84,15.84,16.27,0
2026-01-31_file_agulha,2026-01-31,file_agulha,16.44,16.44,17.33,0
2026-01-31_file_simples,2026-01-31,file_simples,14.65,14.65,19.58,0
2026-01-31_picanha,2026-01-31,picanha,16.14,16.14,18.13,0
2026-01-31_file_mignon,2026-01-31,file_mignon,9.31,9.31,10.81,0
2026-01-31_alcatra,2026-01-31,alcatra,29.42,27.24,27.24,1
2026-01-31_fraldinha,2026-01-31,fraldinha,23.95,23.95,25.52,0
2026-01-31_coxao_mole,2026-01-31,coxao_mole,29.84,29.84,35.75,0
2026-01-31_lagarto,2026-01-31,lagarto,16.26,16.26,21.36,0
2026-01-31_costelao,2026-01-31,costelao,35.94,35.88,35.88,1
2026-01-31_maminha,2026-01-31,maminha,21.64,21.64,22.6,0
2026-01-31_coxao_duro,2026-01-31,coxao_duro,21.68,21.68,22.33,0
2026-01-31_vazio,2026-01-31,vazio,16.0,14.13,14.13,1
2026-01-31_patinho,2026-01-31,patinho,31.04,31.04,34.26,0
2026-01-31_musculo_traseiro,2026-01-31,musculo_traseiro,14.71,14.71,17.61,0
2026-02-01_pescoco,2026-02-01,pescoco,7.5,7.5,9.19,0
2026-02-01_acem,2026-02-01,acem,27.34,27.34,33.42,0
2026-02-01_ponta_de_peito,2026-02-01,ponta_de_peito,10.22,10.22,13.11,0
2026-02-01_paleta,2026-02-01,paleta,14.8,14.8,21.74,0
2026-02-01_musculo_dianteiro,2026-02-01,musculo_dianteiro,15.2,15.2,19.22,0
2026-02-01_cupim,2026-02-01,cupim,14.67,13.36,13.36,1
2026-02-01_capa_file,2026-02-01,capa_file,10.08,10.08,11.23,0
2026-02-01_file_agulha,2026-02-01,file_agulha,10.63,10.63,12.36,0
2026-02-01_file_simples,2026-02-01,file_simples,12.04,12.04,15.21,0
2026-02-01_picanha,2026-02-01,picanha,12.18,12.18,13.27,0
2026-02-01_file_mignon,2026-02-01,file_mignon,9.14,9.14,10.8,0
2026-02-01_alcatra,2026-02-01,alcatra,23.3,23.3,24.6,0
2026-02-01_fraldinha,2026-02-01,fraldinha,14.48,14.48,14.54,0
2026-02-01_coxao_mole,2026-02-01,coxao_mole,19.74,19.74,26.68,0
2026-02-01_lagarto,2026-02-01,lagarto,13.31,13.31,16.09,0
2026-02-01_costelao,2026-02-01,costelao,16.31,16.31,22.85,0
2026-02-01_maminha,2026-02-01,maminha,14.54,14.32,14.32,1
2026-02-01_coxao_duro,2026-02-01,coxao_duro,12.96,12.96,15.85,0
2026-02-01_vazio,2026-02-01,vazio,13.61,11.71,11.71,1
2026-02-01_patinho,2026-02-01,patinho,18.25,18.25,26.99,0
2026-02-01_musculo_traseiro,2026-02-01,musculo_traseiro,11.81,11.81,16.67,0
2026-02-02_pescoco,2026-02-02,pescoco,6.16,6.16,7.76,0
2026-02-02_acem,2026-02-02,acem,24.17,24.17,25.32,0
2026-02-02_ponta_de_peito,2026-02-02,ponta_de_peito,7.97,7.97,10.3,0
2026-02-02_paleta,2026-02-02,paleta,12.07,12.07,18.33,0
2026-02-02_musculo_dianteiro,2026-02-02,musculo_dianteiro,10.49,10.49,12.14,0
2026-02-02_cupim,2026-02-02,cupim,4.41,4.41,10.95,0
2026-02-02_capa_file,2026-02-02,capa_file,7.49,7.49,9.0,0
2026-02-02_file_agulha,2026-02-02,file_agulha,9.74,9.74,10.83,0
2026-02-02_file_simples,2026-02-02,file_simples,9.45,9.45,11.0,0
2026-02-02_picanha,2026-02-02,picanha,8.97,8.97,11.62,0
2026-02-02_file_mignon,2026-02-02,file_mignon,5.39,5.39,6.08,0
2026-02-02_alcatra,2026-02-02,alcatra,12.23,12.23,18.65,0
2026-02-02_fraldinha,2026-02-02,fraldinha,10.35,10.35,12.7,0
2026-02-02_coxao_mole,2026-02-02,coxao_mole,16.91,16.91,17.03,0
2026-02-02_lagarto,2026-02-02,lagarto,7.29,7.29,11.05,0
2026-02-02_costelao,2026-02-02,costelao,12.06,12.06,16.21,0
2026-02-02_maminha,2026-02-02,maminha,9.3,9.3,13.89,0
2026-02-02_coxao_duro,2026-02-02,coxao_duro,10.62,10.62,13.96,0
2026-02-02_vazio,2026-02-02,vazio,6.76,6.76,10.56,0
2026-02-02_patinho,2026-02-02,patinho,18.71,18.71,22.08,0
2026-02-02_musculo_traseiro,2026-02-02,musculo_traseiro,8.72,8.72,12.03,0
2026-02-03_pescoco,2026-02-03,pescoco,6.11,6.05,6.05,1
2026-02-03_acem,2026-02-03,acem,23.31,21.33,21.33,1
2026-02-03_ponta_de_peito,2026-02-03,ponta_de_peito,8.27,8.27,9.47,0
2026-02-03_paleta,2026-02-03,paleta,13.43,13.43,16.42,0
2026-02-03_musculo_dianteiro,2026-02-03,musculo_dianteiro,8.92,8.92,16.01,0
2026-02-03_cupim,2026-02-03,cupim,7.66,7.66,8.66,0
2026-02-03_capa_file,2026-02-03,capa_file,7.47,7.47,8.39,0
2026-02-03_file_agulha,2026-02-03,file_agulha,10.19,10.19,14.77,0
2026-02-03_file_simples,2026-02-03,file_simples,10.15,10.15,14.14,0
2026-02-03_picanha,2026-02-03,picanha,9.97,9.97,11.05,0
2026-02-03_file_mignon,2026-02-03,file_mignon,6.44,6.44,7.36,0
2026-02-03_alcatra,2026-02-03,alcatra,15.96,15.96,22.27,0
2026-02-03_fraldinha,2026-02-03,fraldinha,9.29,9.29,11.42,0
2026-02-03_coxao_mole,2026-02-03,coxao_mole,17.15,17.15,23.12,0
2026-02-03_lagarto,2026-02-03,lagarto,9.32,9.32,12.12,0
2026-02-03_costelao,2026-02-03,costelao,15.54,15.54,21.64,0
2026-02-03_maminha,2026-02-03,maminha,8.73,8.73,11.78,0
2026-02-03_coxao_duro,2026-02-03,coxao_duro,10.55,10.55,17.11,0
2026-02-03_vazio,2026-02-03,vazio,8.23,8.23,10.81,0
2026-02-03_patinho,2026-02-03,patinho,16.55,16.55,23.23,0
2026-02-03_musculo_traseiro,2026-02-03,musculo_traseiro,13.58,13.22,13.22,1
2026-02-04_pescoco,2026-02-04,pescoco,7.04,7.04,7.53,0
2026-02-04_acem,2026-02-04,acem,22.37,22.37,32.24,0
2026-02-04_ponta_de_peito,2026-02-04,ponta_de_peito,7.47,7.47,10.56,0
2026-02-04_paleta,2026-02-04,paleta,12.36,12.36,17.31,0
2026-02-04_musculo_dianteiro,2026-02-04,musculo_dianteiro,13.47,12.76,12.76,1
2026-02-04_cupim,2026-02-04,cupim,7.88,7.88,10.55,0
2026-02-04_capa_file,2026-02-04,capa_file,7.87,7.87,8.97,0
2026-02-04_file_agulha,2026-02-04,file_agulha,9.63,9.63,12.07,0
2026-02-04_file_simples,2026-02-04,file_simples,11.74,11.74,13.39,0
2026-02-04_picanha,2026-02-04,picanha,6.92,6.92,12.84,0
2026-02-04_file_mignon,2026-02-04,file_mignon,6.76,6.76,7.69,0
2026-02-04_alcatra,2026-02-04,alcatra,15.88,15.88,20.82,0
2026-02-04_fraldinha,2026-02-04,fraldinha,11.5,11.5,13.25,0
2026-02-04_coxao_mole,2026-02-04,coxao_mole,17.08,17.08,22.49,0
2026-02-04_lagarto,2026-02-04,lagarto,9.6,9.6,11.25,0
2026-02-04_costelao,2026-02-04,costelao,13.77,13.77,19.86,0
2026-02-04_maminha,2026-02-04,maminha,9.05,9.05,10.84,0
2026-02-04_coxao_duro,2026-02-04,coxao_duro,12.37,12.37,14.39,0
2026-02-04_vazio,2026-02-04,vazio,8.41,8.41,10.58,0
2026-02-04_patinho,2026-02-04,patinho,20.68,20.68,23.04,0
2026-02-04_musculo_traseiro,2026-02-04,musculo_traseiro,11.45,10.77,10.77,1
2026-02-05_pescoco,2026-02-05,pescoco,7.59,7.59,8.38,0
2026-02-05_acem,2026-02-05,acem,26.2,26.2,26.99,0
2026-02-05_ponta_de_peito,2026-02-05,ponta_de_peito,8.22,8.22,11.37,0
2026-02-05_paleta,2026-02-05,paleta,17.63,17.49,17.49,1
2026-02-05_musculo_dianteiro,2026-02-05,musculo_dianteiro,10.69,10.69,13.73,0
2026-02-05_cupim,2026-02-05,cupim,6.76,6.76,10.77,0
2026-02-05_capa_file,2026-02-05,capa_file,12.23,10.29,10.29,1
2026-02-05_file_agulha,2026-02-05,file_agulha,14.73,11.76,11.76,1
2026-02-05_file_simples,2026-02-05,file_simples,11.79,11.79,12.54,0
2026-02-05_picanha,2026-02-05,picanha,12.47,12.47,13.27,0
2026-02-05_file_mignon,2026-02-05,file_mignon,6.99,6.99,8.9,0
2026-02-05_alcatra,2026-02-05,alcatra,19.34,19.34,20.31,0
2026-02-05_fraldinha,2026-02-05,fraldinha,12.07,12.07,15.45,0
2026-02-05_coxao_mole,2026-02-05,coxao_mole,18.09,18.09,29.77,0
2026-02-05_lagarto,2026-02-05,lagarto,13.09,13.09,13.29,0
2026-02-05_costelao,2026-02-05,costelao,17.74,17.74,20.3,0
2026-02-05_maminha,2026-02-05,maminha,11.13,11.13,14.98,0
2026-02-05_coxao_duro,2026-02-05,coxao_duro,12.53,12.53,17.84,0
2026-02-05_vazio,2026-02-05,vazio,12.84,10.37,10.37,1
2026-02-05_patinho,2026-02-05,patinho,18.42,18.42,24.93,0
2026-02-05_musculo_traseiro,2026-02-05,musculo_traseiro,12.04,12.04,14.61,0
2026-02-06_pescoco,2026-02-06,pescoco,8.15,8.15,11.46,0
2026-02-06_acem,2026-02-06,acem,26.69,26.69,37.25,0
2026-02-06_ponta_de_peito,2026-02-06,ponta_de_peito,12.12,12.12,14.54,0
2026-02-06_paleta,2026-02-06,paleta,18.92,18.92,21.53,0
2026-02-06_musculo_dianteiro,2026-02-06,musculo_dianteiro,12.86,12.86,16.99,0
2026-02-06_cupim,2026-02-06,cupim,12.31,12.31,13.17,0
2026-02-06_capa_file,2026-02-06,capa_file,13.29,13.02,13.02,1
2026-02-06_file_agulha,2026-02-06,file_agulha,18.3,16.91,16.91,1
2026-02-06_file_simples,2026-02-06,file_simples,14.14,14.14,16.94,0
2026-02-06_picanha,2026-02-06,picanha,13.52,13.52,16.92,0
2026-02-06_file_mignon,2026-02-06,file_mignon,7.1,7.1,8.28,0
2026-02-06_alcatra,2026-02-06,alcatra,24.57,22.93,22.93,1
2026-02-06_fraldinha,2026-02-06,fraldinha,19.25,19.25,20.17,0
2026-02-06_coxao_mole,2026-02-06,coxao_mole,25.73,25.73,27.18,0
2026-02-06_lagarto,2026-02-06,lagarto,13.89,13.89,14.12,0
2026-02-06_costelao,2026-02-06,costelao,19.77,19.77,25.9,0
2026-02-06_maminha,2026-02-06,maminha,14.56,14.56,16.9,0
2026-02-06_coxao_duro,2026-02-06,coxao_duro,14.94,14.94,20.05,0
2026-02-06_vazio,2026-02-06,vazio,12.34,12.34,14.04,0
2026-02-06_patinho,2026-02-06,patinho,26.54,26.54,32.32,0
2026-02-06_musculo_traseiro,2026-02-06,musculo_traseiro,14.25,14.25,17.25,0
2026-02-07_pescoco,2026-02-07,pescoco,12.69,12.69,14.69,0
2026-02-07_acem,2026-02-07,acem,33.5,33.5,39.15,0
2026-02-07_ponta_de_peito,2026-02-07,ponta_de_peito,13.67,13.67,17.17,0
2026-02-07_paleta,2026-02-07,paleta,21.11,21.11,29.94,0
2026-02-07_musculo_dianteiro,2026-02-07,musculo_dianteiro,17.8,17.8,20.18,0
2026-02-07_cupim,2026-02-07,cupim,17.11,13.31,13.31,1
2026-02-07_capa_file,2026-02-07,capa_file,14.84,13.53,13.53,1
2026-02-07_file_agulha,2026-02-07,file_agulha,12.65,12.65,19.92,0
2026-02-07_file_simples,2026-02-07,file_simples,15.83,15.83,21.92,0
2026-02-07_picanha,2026-02-07,picanha,14.86,14.86,20.06,0
2026-02-07_file_mignon,2026-02-07,file_mignon,9.17,9.17,10.92,0
2026-02-07_alcatra,2026-02-07,alcatra,33.51,28.79,28.79,1
2026-02-07_fraldinha,2026-02-07,fraldinha,21.29,21.29,22.48,0
2026-02-07_coxao_mole,2026-02-07,coxao_mole,26.76,26.76,40.71,0
2026-02-07_lagarto,2026-02-07,lagarto,17.62,17.62,19.99,0
2026-02-07_costelao,2026-02-07,costelao,33.2,23.6,23.6,1
2026-02-07_maminha,2026-02-07,maminha,22.76,20.85,20.85,1
2026-02-07_coxao_duro,2026-02-07,coxao_duro,17.63,17.63,22.67,0
2026-02-07_vazio,2026-02-07,vazio,16.32,16.32,19.29,0
2026-02-07_patinho,2026-02-07,patinho,29.56,29.56,37.87,0
2026-02-07_musculo_traseiro,2026-02-07,musculo_traseiro,13.18,13.18,21.43,0
2026-02-08_pescoco,2026-02-08,pescoco,7.27,7.27,9.95,0
2026-02-08_acem,2026-02-08,acem,29.51,29.51,33.78,0
2026-02-08_ponta_de_peito,2026-02-08,ponta_de_peito,10.76,10.76,14.6,0
2026-02-08_paleta,2026-02-08,paleta,17.05,17.05,21.3,0
2026-02-08_musculo_dianteiro,2026-02-08,musculo_dianteiro,14.67,14.67,18.16,0
2026-02-08_cupim,2026-02-08,cupim,11.88,11.88,13.13,0
2026-02-08_capa_file,2026-02-08,capa_file,12.37,10.4,10.4,1
2026-02-08_file_agulha,2026-02-08,file_agulha,10.89,10.89,12.67,0
2026-02-08_file_simples,2026-02-08,file_simples,12.06,12.06,16.85,0
2026-02-08_picanha,2026-02-08,picanha,15.49,15.49,16.02,0
2026-02-08_file_mignon,2026-02-08,file_mignon,6.76,6.76,8.76,0
2026-02-08_alcatra,2026-02-08,alcatra,21.03,20.62,20.62,1
2026-02-08_fraldinha,2026-02-08,fraldinha,14.1,14.1,14.98,0
2026-02-08_coxao_mole,2026-02-08,coxao_mole,17.45,17.45,28.95,0
2026-02-08_lagarto,2026-02-08,lagarto,12.59,12.59,14.53,0
2026-02-08_costelao,2026-02-08,costelao,18.99,18.99,22.66,0
2026-02-08_maminha,2026-02-08,maminha,14.44,14.44,14.65,0
2026-02-08_coxao_duro,2026-02-08,coxao_duro,14.19,14.19,17.76,0
2026-02-08_vazio,2026-02-08,vazio,11.96,10.78,10.78,1
2026-02-08_patinho,2026-02-08,patinho,22.92,22.92,28.17,0
2026-02-08_musculo_traseiro,2026-02-08,musculo_traseiro,12.04,12.04,13.43,0
2026-02-09_pescoco,2026-02-09,pescoco,6.2,6.2,8.57,0
2026-02-09_acem,2026-02-09,acem,21.9,21.9,27.29,0
2026-02-09_ponta_de_peito,2026-02-09,ponta_de_peito,6.37,6.37,10.5,0
2026-02-09_paleta,2026-02-09,paleta,12.56,12.56,15.53,0
2026-02-09_musculo_dianteiro,2026-02-09,musculo_dianteiro,8.93,8.93,14.04,0
2026-02-09_cupim,2026-02-09,cupim,7.19,7.19,9.6,0
2026-02-09_capa_file,2026-02-09,capa_file,5.68,5.68,8.65,0
2026-02-09_file_agulha,2026-02-09,file_agulha,6.44,6.44,9.46,0
2026-02-09_file_simples,2026-02-09,file_simples,9.21,9.21,11.67,0
2026-02-09_picanha,2026-02-09,picanha,9.68,9.68,10.03,0
2026-02-09_file_mignon,2026-02-09,file_mignon,5.01,5.01,7.09,0
2026-02-09_alcatra,2026-02-09,alcatra,15.83,15.83,20.36,0
2026-02-09_fraldinha,2026-02-09,fraldinha,15.27,11.08,11.08,1
2026-02-09_coxao_mole,2026-02-09,coxao_mole,15.46,15.46,18.2,0
2026-02-09_lagarto,2026-02-09,lagarto,10.74,10.2,10.2,1
2026-02-09_costelao,2026-02-09,costelao,12.46,12.46,20.26,0
2026-02-09_maminha,2026-02-09,maminha,7.8,7.8,11.91,0
2026-02-09_coxao_duro,2026-02-09,coxao_duro,9.6,9.6,11.34,0
2026-02-09_vazio,2026-02-09,vazio,8.85,8.85,9.77,0
2026-02-09_patinho,2026-02-09,patinho,13.98,13.98,17.11,0
2026-02-09_musculo_traseiro,2026-02-09,musculo_traseiro,14.27,7.8,7.8,1
2026-02-10_pescoco,2026-02-10,pescoco,9.13,7.74,7.74,1
2026-02-10_acem,2026-02-10,acem,17.66,17.66,24.4,0
2026-02-10_ponta_de_peito,2026-02-10,ponta_de_peito,8.83,8.83,10.55,0
2026-02-10_paleta,2026-02-10,paleta,17.06,15.9,15.9,1
2026-02-10_musculo_dianteiro,2026-02-10,musculo_dianteiro,11.33,11.33,12.05,0
2026-02-10_cupim,2026-02-10,cupim,7.96,7.96,8.59,0
2026-02-10_capa_file,2026-02-10,capa_file,8.7,8.7,9.86,0
2026-02-10_file_agulha,2026-02-10,file_agulha,8.52,8.52,10.26,0
2026-02-10_file_simples,2026-02-10,file_simples,10.3,10.3,12.23,0
2026-02-10_picanha,2026-02-10,picanha,11.86,11.86,13.04,0
2026-02-10_file_mignon,2026-02-10,file_mignon,6.73,6.73,6.8,0
2026-02-10_alcatra,2026-02-10,alcatra,15.06,15.06,15.66,0
2026-02-10_fraldinha,2026-02-10,fraldinha,9.69,9.69,14.44,0
2026-02-10_coxao_mole,2026-02-10,coxao_mole,17.95,17.95,18.85,0
2026-02-10_lagarto,2026-02-10,lagarto,9.39,9.39,13.87,0
2026-02-10_costelao,2026-02-10,costelao,13.43,13.43,17.73,0
2026-02-10_maminha,2026-02-10,maminha,14.85,11.14,11.14,1
2026-02-10_coxao_duro,2026-02-10,coxao_duro,9.67,9.67,14.93,0
2026-02-10_vazio,2026-02-10,vazio,8.46,8.46,13.64,0
2026-02-10_patinho,2026-02-10,patinho,18.79,18.79,23.82,0
2026-02-10_musculo_traseiro,2026-02-10,musculo_traseiro,14.0,12.53,12.53,1
2026-02-11_pescoco,2026-02-11,pescoco,6.49,6.49,8.76,0
2026-02-11_acem,2026-02-11,acem,24.18,24.18,28.56,0
2026-02-11_ponta_de_peito,2026-02-11,ponta_de_peito,9.47,9.47,10.48,0
2026-02-11_paleta,2026-02-11,paleta,12.18,12.18,18.85,0
2026-02-11_musculo_dianteiro,2026-02-11,musculo_dianteiro,10.54,10.54,13.41,0
2026-02-11_cupim,2026-02-11,cupim,8.72,8.72,10.74,0
2026-02-11_capa_file,2026-02-11,capa_file,9.85,9.85,11.25,0
2026-02-11_file_agulha,2026-02-11,file_agulha,9.58,9.58,12.08,0
2026-02-11_file_simples,2026-02-11,file_simples,9.87,9.87,13.71,0
2026-02-11_picanha,2026-02-11,picanha,7.91,7.91,11.62,0
2026-02-11_file_mignon,2026-02-11,file_mignon,6.37,6.37,8.88,0
2026-02-11_alcatra,2026-02-11,alcatra,18.12,18.12,20.5,0
2026-02-11_fraldinha,2026-02-11,fraldinha,12.21,12.21,17.07,0
2026-02-11_coxao_mole,2026-02-11,coxao_mole,13.59,13.59,23.61,0
2026-02-11_lagarto,2026-02-11,lagarto,13.84,13.66,13.66,1
2026-02-11_costelao,2026-02-11,costelao,18.08,15.81,15.81,1
2026-02-11_maminha,2026-02-11,maminha,11.56,11.56,13.04,0
2026-02-11_coxao_duro,2026-02-11,coxao_duro,11.11,11.11,17.9,0
2026-02-11_vazio,2026-02-11,vazio,8.96,8.96,10.78,0
2026-02-11_patinho,2026-02-11,patinho,19.69,19.69,23.87,0
2026-02-11_musculo_traseiro,2026-02-11,musculo_traseiro,7.67,7.67,11.77,0
2026-02-12_pescoco,2026-02-12,pescoco,6.8,6.8,8.86,0
2026-02-12_acem,2026-02-12,acem,21.92,21.92,31.45,0
2026-02-12_ponta_de_peito,2026-02-12,ponta_de_peito,9.62,9.62,12.7,0
2026-02-12_paleta,2026-02-12,paleta,16.3,16.3,20.59,0
2026-02-12_musculo_dianteiro,2026-02-12,musculo_dianteiro,13.43,13.2,13.2,1
2026-02-12_cupim,2026-02-12,cupim,7.15,7.15,11.81,0
2026-02-12_capa_file,2026-02-12,capa_file,9.69,9.16,9.16,1
2026-02-12_file_agulha,2026-02-12,file_agulha,9.07,9.07,12.1,0
2026-02-12_file_simples,2026-02-12,file_simples,9.27,9.27,13.18,0
2026-02-12_picanha,2026-02-12,picanha,9.01,9.01,13.55,0
2026-02-12_file_mignon,2026-02-12,file_mignon,6.84,6.84,8.88,0
2026-02-12_alcatra,2026-02-12,alcatra,18.11,18.11,19.74,0
2026-02-12_fraldinha,2026-02-12,fraldinha,12.95,12.95,17.85,0
2026-02-12_coxao_mole,2026-02-12,coxao_mole,19.19,19.19,25.02,0
2026-02-12_lagarto,2026-02-12,lagarto,11.81,11.81,15.45,0
2026-02-12_costelao,2026-02-12,costelao,14.82,14.82,23.11,0
2026-02-12_maminha,2026-02-12,maminha,11.69,11.69,16.01,0
2026-02-12_coxao_duro,2026-02-12,coxao_duro,10.88,10.88,18.03,0
2026-02-12_vazio,2026-02-12,vazio,10.09,10.09,12.42,0
2026-02-12_patinho,2026-02-12,patinho,18.57,18.57,29.04,0
2026-02-12_musculo_traseiro,2026-02-12,musculo_traseiro,11.1,11.1,12.43,0
2026-02-13_pescoco,2026-02-13,pescoco,8.29,8.29,11.79,0
2026-02-13_acem,2026-02-13,acem,30.62,30.62,37.07,0
2026-02-13_ponta_de_peito,2026-02-13,ponta_de_peito,8.7,8.7,11.9,0
2026-02-13_paleta,2026-02-13,paleta,17.98,17.98,18.77,0
2026-02-13_musculo_dianteiro,2026-02-13,musculo_dianteiro,15.26,14.19,14.19,1
2026-02-13_cupim,2026-02-13,cupim,9.11,9.11,12.41,0
2026-02-13_capa_file,2026-02-13,capa_file,13.72,13.07,13.07,1
2026-02-13_file_agulha,2026-02-13,file_agulha,11.27,11.27,18.0,0
2026-02-13_file_simples,2026-02-13,file_simples,11.91,11.91,16.19,0
2026-02-13_picanha,2026-02-13,picanha,13.87,13.87,16.21,0
2026-02-13_file_mignon,2026-02-13,file_mignon,8.29,8.29,10.32,0
2026-02-13_alcatra,2026-02-13,alcatra,18.48,18.48,21.95,0
2026-02-13_fraldinha,2026-02-13,fraldinha,16.49,16.49,17.04,0
2026-02-13_coxao_mole,2026-02-13,coxao_mole,18.7,18.7,32.53,0
2026-02-13_lagarto,2026-02-13,lagarto,13.37,13.37,16.71,0
2026-02-13_costelao,2026-02-13,costelao,31.26,24.32,24.32,1
2026-02-13_maminha,2026-02-13,maminha,11.81,11.81,15.95,0
2026-02-13_coxao_duro,2026-02-13,coxao_duro,17.26,17.26,18.24,0
2026-02-13_vazio,2026-02-13,vazio,12.31,11.84,11.84,1
2026-02-13_patinho,2026-02-13,patinho,27.49,27.49,31.99,0
2026-02-13_musculo_traseiro,2026-02-13,musculo_traseiro,14.99,14.99,16.16,0
2026-02-14_pescoco,2026-02-14,pescoco,11.43,11.43,11.73,0
2026-02-14_acem,2026-02-14,acem,36.34,36.34,44.21,0
2026-02-14_ponta_de_peito,2026-02-14,ponta_de_peito,13.15,13.15,16.08,0
2026-02-14_paleta,2026-02-14,paleta,22.95,22.95,28.29,0
2026-02-14_musculo_dianteiro,2026-02-14,musculo_dianteiro,18.19,18.19,18.47,0
2026-02-14_cupim,2026-02-14,cupim,14.38,14.38,15.71,0
2026-02-14_capa_file,2026-02-14,capa_file,17.8,13.64,13.64,1
2026-02-14_file_agulha,2026-02-14,file_agulha,13.43,13.43,16.82,0
2026-02-14_file_simples,2026-02-14,file_simples,18.69,18.69,24.64,0
2026-02-14_picanha,2026-02-14,picanha,18.09,17.05,17.05,1
2026-02-14_file_mignon,2026-02-14,file_mignon,13.8,11.23,11.23,1
2026-02-14_alcatra,2026-02-14,alcatra,30.9,26.44,26.44,1
2026-02-14_fraldinha,2026-02-14,fraldinha,18.6,18.43,18.43,1
2026-02-14_coxao_mole,2026-02-14,coxao_mole,28.0,28.0,32.77,0
2026-02-14_lagarto,2026-02-14,lagarto,16.51,16.51,20.04,0
2026-02-14_costelao,2026-02-14,costelao,32.97,32.97,33.43,0
2026-02-14_maminha,2026-02-14,maminha,21.85,21.85,21.99,0
2026-02-14_coxao_duro,2026-02-14,coxao_duro,20.37,20.37,23.39,0
2026-02-14_vazio,2026-02-14,vazio,19.55,17.07,17.07,1
2026-02-14_patinho,2026-02-14,patinho,23.07,23.07,36.68,0
2026-02-14_musculo_traseiro,2026-02-14,musculo_traseiro,14.08,14.08,19.29,0
2026-02-15_pescoco,2026-02-15,pescoco,8.37,8.37,10.08,0
2026-02-15_acem,2026-02-15,acem,27.05,27.05,35.92,0
2026-02-15_ponta_de_peito,2026-02-15,ponta_de_peito,11.72,11.29,11.29,1
2026-02-15_paleta,2026-02-15,paleta,14.96,14.96,21.99,0
2026-02-15_musculo_dianteiro,2026-02-15,musculo_dianteiro,15.57,15.57,19.25,0
2026-02-15_cupim,2026-02-15,cupim,13.03,11.21,11.21,1
2026-02-15_capa_file,2026-02-15,capa_file,8.99,8.99,13.56,0
2026-02-15_file_agulha,2026-02-15,file_agulha,13.45,13.45,15.77,0
2026-02-15_file_simples,2026-02-15,file_simples,12.32,12.32,14.14,0
2026-02-15_picanha,2026-02-15,picanha,12.59,12.59,15.88,0
2026-02-15_file_mignon,2026-02-15,file_mignon,7.16,7.16,8.66,0
2026-02-15_alcatra,2026-02-15,alcatra,20.63,20.63,21.89,0
2026-02-15_fraldinha,2026-02-15,fraldinha,12.82,12.82,15.24,0
2026-02-15_coxao_mole,2026-02-15,coxao_mole,19.83,19.83,30.12,0
2026-02-15_lagarto,2026-02-15,lagarto,9.82,9.82,14.03,0
2026-02-15_costelao,2026-02-15,costelao,21.82,21.02,21.02,1
2026-02-15_maminha,2026-02-15,maminha,14.9,14.39,14.39,1
2026-02-15_coxao_duro,2026-02-15,coxao_duro,14.34,14.34,19.92,0
2026-02-15_vazio,2026-02-15,vazio,11.33,11.33,11.94,0
2026-02-15_patinho,2026-02-15,patinho,32.9,32.04,32.04,1
2026-02-15_musculo_traseiro,2026-02-15,musculo_traseiro,11.72,11.72,13.45,0
2026-02-16_pescoco,2026-02-16,pescoco,6.17,6.17,6.93,0
2026-02-16_acem,2026-02-16,acem,20.04,20.04,26.7,0
2026-02-16_ponta_de_peito,2026-02-16,ponta_de_peito,6.18,6.18,10.51,0
2026-02-16_paleta,2026-02-16,paleta,14.55,14.55,16.08,0
2026-02-16_musculo_dianteiro,2026-02-16,musculo_dianteiro,8.98,8.98,14.53,0
2026-02-16_cupim,2026-02-16,cupim,7.57,7.31,7.31,1
2026-02-16_capa_file,2026-02-16,capa_file,8.11,8.11,9.06,0
2026-02-16_file_agulha,2026-02-16,file_agulha,10.92,10.92,11.09,0
2026-02-16_file_simples,2026-02-16,file_simples,7.46,7.46,10.07,0
2026-02-16_picanha,2026-02-16,picanha,8.42,8.42,10.18,0
2026-02-16_file_mignon,2026-02-16,file_mignon,4.45,4.45,7.18,0
2026-02-16_alcatra,2026-02-16,alcatra,13.41,13.41,18.53,0
2026-02-16_fraldinha,2026-02-16,fraldinha,10.43,10.43,14.05,0
2026-02-16_coxao_mole,2026-02-16,coxao_mole,14.48,14.48,22.12,0
2026-02-16_lagarto,2026-02-16,lagarto,10.27,10.27,11.94,0
2026-02-16_costelao,2026-02-16,costelao,14.37,14.37,14.6,0
2026-02-16_maminha,2026-02-16,maminha,8.61,8.61,9.82,0
2026-02-16_coxao_duro,2026-02-16,coxao_duro,13.43,12.95,12.95,1
2026-02-16_vazio,2026-02-16,vazio,12.14,8.82,8.82,1
2026-02-16_patinho,2026-02-16,patinho,20.02,20.02,23.23,0
2026-02-16_musculo_traseiro,2026-02-16,musculo_traseiro,7.64,7.64,11.8,0
2026-02-17_pescoco,2026-02-17,pescoco,8.23,7.5,7.5,1
2026-02-17_acem,2026-02-17,acem,19.8,19.8,30.07,0
2026-02-17_ponta_de_peito,2026-02-17,ponta_de_peito,8.11,8.11,10.94,0
2026-02-17_paleta,2026-02-17,paleta,13.04,13.04,16.41,0
2026-02-17_musculo_dianteiro,2026-02-17,musculo_dianteiro,11.17,11.17,12.64,0
2026-02-17_cupim,2026-02-17,cupim,6.8,6.8,9.78,0
2026-02-17_capa_file,2026-02-17,capa_file,7.38,7.38,11.02,0
2026-02-17_file_agulha,2026-02-17,file_agulha,8.79,8.79,10.81,0
2026-02-17_file_simples,2026-02-17,file_simples,9.59,9.59,14.85,0
2026-02-17_picanha,2026-02-17,picanha,10.12,10.12,12.8,0
2026-02-17_file_mignon,2026-02-17,file_mignon,4.97,4.97,8.02,0
2026-02-17_alcatra,2026-02-17,alcatra,14.07,14.07,19.69,0
2026-02-17_fraldinha,2026-02-17,fraldinha,10.2,10.2,14.92,0
2026-02-17_coxao_mole,2026-02-17,coxao_mole,15.03,15.03,17.51,0
2026-02-17_lagarto,2026-02-17,lagarto,12.4,12.4,14.88,0
2026-02-17_costelao,2026-02-17,costelao,16.54,16.54,16.65,0
2026-02-17_maminha,2026-02-17,maminha,11.14,11.14,12.87,0
2026-02-17_coxao_duro,2026-02-17,coxao_duro,10.54,10.54,14.36,0
2026-02-17_vazio,2026-02-17,vazio,7.41,7.41,10.55,0
2026-02-17_patinho,2026-02-17,patinho,17.26,17.26,18.86,0
2026-02-17_musculo_traseiro,2026-02-17,musculo_traseiro,10.17,10.17,10.72,0
2026-02-18_pescoco,2026-02-18,pescoco,6.07,6.07,9.73,0
2026-02-18_acem,2026-02-18,acem,23.24,23.24,28.09,0
2026-02-18_ponta_de_peito,2026-02-18,ponta_de_peito,9.75,9.75,10.82,0
2026-02-18_paleta,2026-02-18,paleta,14.2,14.2,20.16,0
2026-02-18_musculo_dianteiro,2026-02-18,musculo_dianteiro,9.38,9.38,13.41,0
2026-02-18_cupim,2026-02-18,cupim,6.56,6.56,9.1,0
2026-02-18_capa_file,2026-02-18,capa_file,10.66,9.3,9.3,1
2026-02-18_file_agulha,2026-02-18,file_agulha,12.54,10.79,10.79,1
2026-02-18_file_simples,2026-02-18,file_simples,8.83,8.83,15.39,0
2026-02-18_picanha,2026-02-18,picanha,7.38,7.38,12.81,0
2026-02-18_file_mignon,2026-02-18,file_mignon,6.14,6.14,9.09,0
2026-02-18_alcatra,2026-02-18,alcatra,15.41,15.41,16.66,0
2026-02-18_fraldinha,2026-02-18,fraldinha,14.51,14.51,15.81,0
2026-02-18_coxao_mole,2026-02-18,coxao_mole,16.5,16.5,23.53,0
2026-02-18_lagarto,2026-02-18,lagarto,10.95,10.95,13.15,0
2026-02-18_costelao,2026-02-18,costelao,12.99,12.99,19.49,0
2026-02-18_maminha,2026-02-18,maminha,9.58,9.58,12.56,0
2026-02-18_coxao_duro,2026-02-18,coxao_duro,16.55,15.65,15.65,1
2026-02-18_vazio,2026-02-18,vazio,9.87,9.06,9.06,1
2026-02-18_patinho,2026-02-18,patinho,18.57,18.57,24.74,0
2026-02-18_musculo_traseiro,2026-02-18,musculo_traseiro,11.2,11.2,12.12,0
2026-02-19_pescoco,2026-02-19,pescoco,6.2,6.2,9.82,0
2026-02-19_acem,2026-02-19,acem,22.71,22.71,28.32,0
2026-02-19_ponta_de_peito,2026-02-19,ponta_de_peito,10.1,10.1,10.71,0
2026-02-19_paleta,2026-02-19,paleta,11.92,11.92,18.59,0
2026-02-19_musculo_dianteiro,2026-02-19,musculo_dianteiro,12.15,12.15,14.08,0
2026-02-19_cupim,2026-02-19,cupim,7.16,7.16,10.99,0
2026-02-19_capa_file,2026-02-19,capa_file,10.03,10.03,10.72,0
2026-02-19_file_agulha,2026-02-19,file_agulha,9.35,9.35,12.86,0
2026-02-19_file_simples,2026-02-19,file_simples,12.41,12.41,14.54,0
2026-02-19_picanha,2026-02-19,picanha,7.47,7.47,16.29,0
2026-02-19_file_mignon,2026-02-19,file_mignon,6.7,6.7,8.7,0
2026-02-19_alcatra,2026-02-19,alcatra,12.53,12.53,20.86,0
2026-02-19_fraldinha,2026-02-19,fraldinha,12.48,12.48,18.71,0
2026-02-19_coxao_mole,2026-02-19,coxao_mole,18.85,18.85,24.25,0
2026-02-19_lagarto,2026-02-19,lagarto,11.57,11.57,16.12,0
2026-02-19_costelao,2026-02-19,costelao,14.02,14.02,17.79,0
2026-02-19_maminha,2026-02-19,maminha,16.51,16.51,16.52,0
2026-02-19_coxao_duro,2026-02-19,coxao_duro,16.04,14.16,14.16,1
2026-02-19_vazio,2026-02-19,vazio,9.28,9.28,11.06,0
2026-02-19_patinho,2026-02-19,patinho,22.65,22.65,27.92,0
2026-02-19_musculo_traseiro,2026-02-19,musculo_traseiro,11.68,11.68,16.07,0
2026-02-20_pescoco,2026-02-20,pescoco,7.81,7.81,9.35,0
2026-02-20_acem,2026-02-20,acem,25.84,25.84,32.43,0
2026-02-20_ponta_de_peito,2026-02-20,ponta_de_peito,11.13,11.13,14.09,0
2026-02-20_paleta,2026-02-20,paleta,19.08,19.08,22.35,0
2026-02-20_musculo_dianteiro,2026-02-20,musculo_dianteiro,13.25,13.25,17.02,0
2026-02-20_cupim,2026-02-20,cupim,11.38,11.38,14.9,0
2026-02-20_capa_file,2026-02-20,capa_file,11.24,10.73,10.73,1
2026-02-20_file_agulha,2026-02-20,file_agulha,14.71,14.71,14.73,0
2026-02-20_file_simples,2026-02-20,file_simples,10.96,10.96,17.0,0
2026-02-20_picanha,2026-02-20,picanha,18.0,13.58,13.58,1
2026-02-20_file_mignon,2026-02-20,file_mignon,12.74,10.93,10.93,1
2026-02-20_alcatra,2026-02-20,alcatra,21.03,21.03,23.17,0
2026-02-20_fraldinha,2026-02-20,fraldinha,16.81,14.95,14.95,1
2026-02-20_coxao_mole,2026-02-20,coxao_mole,17.67,17.67,25.16,0
2026-02-20_lagarto,2026-02-20,lagarto,13.21,13.21,17.02,0
2026-02-20_costelao,2026-02-20,costelao,27.02,24.83,24.83,1
2026-02-20_maminha,2026-02-20,maminha,12.94,12.94,17.03,0
2026-02-20_coxao_duro,2026-02-20,coxao_duro,12.14,12.14,14.69,0
2026-02-20_vazio,2026-02-20,vazio,11.72,11.72,11.9,0
2026-02-20_patinho,2026-02-20,patinho,22.69,22.69,32.96,0
2026-02-20_musculo_traseiro,2026-02-20,musculo_traseiro,16.4,15.85,15.85,1
2026-02-21_pescoco,2026-02-21,pescoco,8.66,8.66,13.05,0
2026-02-21_acem,2026-02-21,acem,37.66,37.66,45.9,0
2026-02-21_ponta_de_peito,2026-02-21,ponta_de_peito,15.1,15.1,15.16,0
2026-02-21_paleta,2026-02-21,paleta,19.64,19.64,29.16,0
2026-02-21_musculo_dianteiro,2026-02-21,musculo_dianteiro,15.05,15.05,23.63,0
2026-02-21_cupim,2026-02-21,cupim,20.25,17.47,17.47,1
2026-02-21_capa_file,2026-02-21,capa_file,16.37,15.47,15.47,1
2026-02-21_file_agulha,2026-02-21,file_agulha,15.26,15.26,15.71,0
2026-02-21_file_simples,2026-02-21,file_simples,13.77,13.77,17.67,0
2026-02-21_picanha,2026-02-21,picanha,20.77,15.54,15.54,1
2026-02-21_file_mignon,2026-02-21,file_mignon,10.22,10.22,11.39,0
2026-02-21_alcatra,2026-02-21,alcatra,30.02,30.02,30.68,0
2026-02-21_fraldinha,2026-02-21,fraldinha,26.2,18.14,18.14,1
2026-02-21_coxao_mole,2026-02-21,coxao_mole,31.2,28.07,28.07,1
2026-02-21_lagarto,2026-02-21,lagarto,19.7,19.63,19.63,1
2026-02-21_costelao,2026-02-21,costelao,27.56,27.56,29.82,0
2026-02-21_maminha,2026-02-21,maminha,21.84,20.5,20.5,1
2026-02-21_coxao_duro,2026-02-21,coxao_duro,16.4,16.4,27.77,0
2026-02-21_vazio,2026-02-21,vazio,17.26,17.26,17.93,0
2026-02-21_patinho,2026-02-21,patinho,30.23,30.23,35.58,0
2026-02-21_musculo_traseiro,2026-02-21,musculo_traseiro,17.18,17.18,20.07,0
2026-02-22_pescoco,2026-02-22,pescoco,7.24,7.24,7.56,0
2026-02-22_acem,2026-02-22,acem,31.06,31.06,39.09,0
2026-02-22_ponta_de_peito,2026-02-22,ponta_de_peito,11.37,10.35,10.35,1
2026-02-22_paleta,2026-02-22,paleta,17.56,17.56,19.75,0
2026-02-22_musculo_dianteiro,2026-02-22,musculo_dianteiro,10.89,10.89,18.7,0
2026-02-22_cupim,2026-02-22,cupim,9.82,9.82,12.14,0
2026-02-22_capa_file,2026-02-22,capa_file,11.82,8.92,8.92,1
2026-02-22_file_agulha,2026-02-22,file_agulha,9.65,9.65,13.17,0
2026-02-22_file_simples,2026-02-22,file_simples,11.77,11.77,16.53,0
2026-02-22_picanha,2026-02-22,picanha,12.86,12.86,14.6,0
2026-02-22_file_mignon,2026-02-22,file_mignon,7.81,7.81,10.33,0
2026-02-22_alcatra,2026-02-22,alcatra,23.33,23.08,23.08,1
2026-02-22_fraldinha,2026-02-22,fraldinha,14.27,14.27,17.35,0
2026-02-22_coxao_mole,2026-02-22,coxao_mole,20.93,20.93,24.98,0
2026-02-22_lagarto,2026-02-22,lagarto,13.72,13.72,16.29,0
2026-02-22_costelao,2026-02-22,costelao,23.61,20.39,20.39,1
2026-02-22_maminha,2026-02-22,maminha,15.94,15.5,15.5,1
2026-02-22_coxao_duro,2026-02-22,coxao_duro,13.96,13.96,18.89,0
2026-02-22_vazio,2026-02-22,vazio,11.44,11.44,13.38,0
2026-02-22_patinho,2026-02-22,patinho,24.27,24.27,27.3,0
2026-02-22_musculo_traseiro,2026-02-22,musculo_traseiro,11.91,11.91,14.85,0
2026-02-23_pescoco,2026-02-23,pescoco,6.8,6.8,7.99,0
2026-02-23_acem,2026-02-23,acem,18.21,18.21,22.31,0
2026-02-23_ponta_de_peito,2026-02-23,ponta_de_peito,8.52,8.52,10.2,0
2026-02-23_paleta,2026-02-23,paleta,13.11,13.11,13.99,0
2026-02-23_musculo_dianteiro,2026-02-23,musculo_dianteiro,8.65,8.65,11.75,0
2026-02-23_cupim,2026-02-23,cupim,6.58,6.58,9.49,0
2026-02-23_capa_file,2026-02-23,capa_file,6.89,6.84,6.84,1
2026-02-23_file_agulha,2026-02-23,file_agulha,8.04,8.04,9.21,0
2026-02-23_file_simples,2026-02-23,file_simples,9.68,9.68,12.15,0
2026-02-23_picanha,2026-02-23,picanha,8.21,8.21,9.92,0
2026-02-23_file_mignon,2026-02-23,file_mignon,4.86,4.86,7.13,0
2026-02-23_alcatra,2026-02-23,alcatra,15.35,15.35,15.61,0
2026-02-23_fraldinha,2026-02-23,fraldinha,10.73,10.73,13.99,0
2026-02-23_coxao_mole,2026-02-23,coxao_mole,15.71,15.71,21.84,0
2026-02-23_lagarto,2026-02-23,lagarto,9.63,9.63,12.92,0
2026-02-23_costelao,2026-02-23,costelao,13.35,13.35,19.31,0
2026-02-23_maminha,2026-02-23,maminha,10.58,10.58,13.34,0
2026-02-23_coxao_duro,2026-02-23,coxao_duro,8.88,8.88,14.02,0
2026-02-23_vazio,2026-02-23,vazio,7.54,7.54,7.71,0
2026-02-23_patinho,2026-02-23,patinho,19.31,15.86,15.86,1
2026-02-23_musculo_traseiro,2026-02-23,musculo_traseiro,9.41,9.41,9.63,0
2026-02-24_pescoco,2026-02-24,pescoco,8.41,6.21,6.21,1
2026-02-24_acem,2026-02-24,acem,21.78,21.78,27.49,0
2026-02-24_ponta_de_peito,2026-02-24,ponta_de_peito,7.23,7.23,11.61,0
2026-02-24_paleta,2026-02-24,paleta,13.72,13.72,17.21,0
2026-02-24_musculo_dianteiro,2026-02-24,musculo_dianteiro,8.5,8.5,13.48,0
2026-02-24_cupim,2026-02-24,cupim,7.72,7.72,8.98,0
2026-02-24_capa_file,2026-02-24,capa_file,7.63,7.63,10.34,0
2026-02-24_file_agulha,2026-02-24,file_agulha,9.73,9.73,9.81,0
2026-02-24_file_simples,2026-02-24,file_simples,10.47,10.47,13.42,0
2026-02-24_picanha,2026-02-24,picanha,10.63,10.63,13.82,0
2026-02-24_file_mignon,2026-02-24,file_mignon,5.21,5.21,7.23,0
2026-02-24_alcatra,2026-02-24,alcatra,15.95,15.95,16.69,0
2026-02-24_fraldinha,2026-02-24,fraldinha,10.88,10.88,13.51,0
2026-02-24_coxao_mole,2026-02-24,coxao_mole,16.05,16.05,22.31,0
2026-02-24_lagarto,2026-02-24,lagarto,9.12,9.12,11.64,0
2026-02-24_costelao,2026-02-24,costelao,14.5,14.5,18.85,0
2026-02-24_maminha,2026-02-24,maminha,10.25,10.25,12.34,0
2026-02-24_coxao_duro,2026-02-24,coxao_duro,11.42,11.42,14.17,0
2026-02-24_vazio,2026-02-24,vazio,9.47,8.45,8.45,1
2026-02-24_patinho,2026-02-24,patinho,17.74,17.74,24.43,0
2026-02-24_musculo_traseiro,2026-02-24,musculo_traseiro,11.19,11.19,11.56,0
2026-02-25_pescoco,2026-02-25,pescoco,7.39,7.39,8.63,0
2026-02-25_acem,2026-02-25,acem,21.36,21.36,24.56,0
2026-02-25_ponta_de_peito,2026-02-25,ponta_de_peito,12.84,12.28,12.28,1
2026-02-25_paleta,2026-02-25,paleta,13.76,13.76,14.86,0
2026-02-25_musculo_dianteiro,2026-02-25,musculo_dianteiro,10.93,10.93,14.75,0
2026-02-25_cupim,2026-02-25,cupim,8.63,8.63,10.23,0
2026-02-25_capa_file,2026-02-25,capa_file,7.28,7.28,8.65,0
2026-02-25_file_agulha,2026-02-25,file_agulha,12.06,11.14,11.14,1
2026-02-25_file_simples,2026-02-25,file_simples,8.49,8.49,14.14,0
2026-02-25_picanha,2026-02-25,picanha,7.87,7.87,12.24,0
2026-02-25_file_mignon,2026-02-25,file_mignon,7.9,7.9,8.9,0
2026-02-25_alcatra,2026-02-25,alcatra,14.45,14.45,17.89,0
2026-02-25_fraldinha,2026-02-25,fraldinha,12.72,12.72,16.77,0
2026-02-25_coxao_mole,2026-02-25,coxao_mole,15.36,15.36,21.11,0
2026-02-25_lagarto,2026-02-25,lagarto,9.2,9.2,12.27,0
2026-02-25_costelao,2026-02-25,costelao,18.63,18.63,19.94,0
2026-02-25_maminha,2026-02-25,maminha,10.73,10.73,12.68,0
2026-02-25_coxao_duro,2026-02-25,coxao_duro,12.39,12.39,13.51,0
2026-02-25_vazio,2026-02-25,vazio,8.62,8.62,11.39,0
2026-02-25_patinho,2026-02-25,patinho,19.23,19.23,22.6,0
2026-02-25_musculo_traseiro,2026-02-25,musculo_traseiro,9.56,9.56,12.13,0
2026-02-26_pescoco,2026-02-26,pescoco,7.19,7.19,7.72,0
2026-02-26_acem,2026-02-26,acem,26.81,26.81,32.51,0
2026-02-26_ponta_de_peito,2026-02-26,ponta_de_peito,9.6,9.6,10.95,0
2026-02-26_paleta,2026-02-26,paleta,15.26,15.26,20.15,0
2026-02-26_musculo_dianteiro,2026-02-26,musculo_dianteiro,11.97,11.97,13.68,0
2026-02-26_cupim,2026-02-26,cupim,7.25,7.25,13.38,0
2026-02-26_capa_file,2026-02-26,capa_file,10.26,8.19,8.19,1
2026-02-26_file_agulha,2026-02-26,file_agulha,10.07,10.07,11.97,0
2026-02-26_file_simples,2026-02-26,file_simples,11.97,11.97,14.98,0
2026-02-26_picanha,2026-02-26,picanha,15.96,14.77,14.77,1
2026-02-26_file_mignon,2026-02-26,file_mignon,6.75,6.75,9.71,0
2026-02-26_alcatra,2026-02-26,alcatra,15.14,15.14,18.87,0
2026-02-26_fraldinha,2026-02-26,fraldinha,13.84,13.41,13.41,1
2026-02-26_coxao_mole,2026-02-26,coxao_mole,21.09,21.09,28.28,0
2026-02-26_lagarto,2026-02-26,lagarto,10.72,10.72,13.73,0
2026-02-26_costelao,2026-02-26,costelao,19.35,19.35,25.31,0
2026-02-26_maminha,2026-02-26,maminha,11.65,11.65,15.6,0
2026-02-26_coxao_duro,2026-02-26,coxao_duro,12.39,12.39,19.51,0
2026-02-26_vazio,2026-02-26,vazio,8.34,8.34,12.41,0
2026-02-26_patinho,2026-02-26,patinho,21.6,21.6,27.14,0
2026-02-26_musculo_traseiro,2026-02-26,musculo_traseiro,10.64,10.64,16.17,0
2026-02-27_pescoco,2026-02-27,pescoco,8.52,8.52,12.13,0
2026-02-27_acem,2026-02-27,acem,27.33,27.33,41.74,0
2026-02-27_ponta_de_peito,2026-02-27,ponta_de_peito,10.67,10.67,14.6,0
2026-02-27_paleta,2026-02-27,paleta,16.87,16.87,25.25,0
2026-02-27_musculo_dianteiro,2026-02-27,musculo_dianteiro,15.59,15.59,20.69,0
2026-02-27_cupim,2026-02-27,cupim,12.4,12.4,14.07,0
2026-02-27_capa_file,2026-02-27,capa_file,12.44,11.23,11.23,1
2026-02-27_file_agulha,2026-02-27,file_agulha,13.07,13.07,17.0,0
2026-02-27_file_simples,2026-02-27,file_simples,8.77,8.77,16.95,0
2026-02-27_picanha,2026-02-27,picanha,13.91,13.91,15.24,0
2026-02-27_file_mignon,2026-02-27,file_mignon,9.03,9.03,9.05,0
2026-02-27_alcatra,2026-02-27,alcatra,22.23,22.23,26.53,0
2026-02-27_fraldinha,2026-02-27,fraldinha,14.39,14.39,17.73,0
2026-02-27_coxao_mole,2026-02-27,coxao_mole,23.66,22.45,22.45,1
2026-02-27_lagarto,2026-02-27,lagarto,9.82,9.82,14.56,0
2026-02-27_costelao,2026-02-27,costelao,22.19,22.19,28.56,0
2026-02-27_maminha,2026-02-27,maminha,16.98,16.37,16.37,1
2026-02-27_coxao_duro,2026-02-27,coxao_duro,23.09,18.46,18.46,1
2026-02-27_vazio,2026-02-27,vazio,10.84,10.84,13.68,0
2026-02-27_patinho,2026-02-27,patinho,17.87,17.87,29.36,0
2026-02-27_musculo_traseiro,2026-02-27,musculo_traseiro,14.36,14.36,16.0,0
2026-02-28_pescoco,2026-02-28,pescoco,8.25,8.25,13.19,0
2026-02-28_acem,2026-02-28,acem,36.68,36.68,45.06,0
2026-02-28_ponta_de_peito,2026-02-28,ponta_de_peito,11.19,11.19,14.36,0
2026-02-28_paleta,2026-02-28,paleta,20.04,20.04,26.76,0
2026-02-28_musculo_dianteiro,2026-02-28,musculo_dianteiro,16.39,16.39,22.53,0
2026-02-28_cupim,2026-02-28,cupim,15.55,15.55,16.59,0
2026-02-28_capa_file,2026-02-28,capa_file,11.97,11.97,12.86,0
2026-02-28_file_agulha,2026-02-28,file_agulha,15.56,15.56,18.76,0
2026-02-28_file_simples,2026-02-28,file_simples,18.79,18.79,19.81,0
2026-02-28_picanha,2026-02-28,picanha,16.82,16.82,17.81,0
2026-02-28_file_mignon,2026-02-28,file_mignon,9.61,9.61,10.87,0
2026-02-28_alcatra,2026-02-28,alcatra,28.21,28.21,28.94,0
2026-02-28_fraldinha,2026-02-28,fraldinha,20.94,20.94,23.12,0
2026-02-28_coxao_mole,2026-02-28,coxao_mole,25.23,25.23,30.31,0
2026-02-28_lagarto,2026-02-28,lagarto,14.8,14.8,19.43,0
2026-02-28_costelao,2026-02-28,costelao,33.54,31.14,31.14,1
2026-02-28_maminha,2026-02-28,maminha,19.94,18.45,18.45,1
2026-02-28_coxao_duro,2026-02-28,coxao_duro,17.26,17.26,23.21,0
2026-02-28_vazio,2026-02-28,vazio,14.67,14.67,16.09,0
2026-02-28_patinho,2026-02-28,patinho,29.85,29.85,31.34,0
2026-02-28_musculo_traseiro,2026-02-28,musculo_traseiro,16.11,16.11,19.25,0
2026-03-01_pescoco,2026-03-01,pescoco,9.44,9.44,10.85,0
2026-03-01_acem,2026-03-01,acem,28.71,28.71,30.84,0
2026-03-01_ponta_de_peito,2026-03-01,ponta_de_peito,11.42,11.42,14.48,0
2026-03-01_paleta,2026-03-01,paleta,15.96,15.96,20.81,0
2026-03-01_musculo_dianteiro,2026-03-01,musculo_dianteiro,13.6,13.6,14.31,0
2026-03-01_cupim,2026-03-01,cupim,11.02,11.02,11.54,0
2026-03-01_capa_file,2026-03-01,capa_file,11.16,11.16,11.55,0
2026-03-01_file_agulha,2026-03-01,file_agulha,11.16,11.16,14.49,0
2026-03-01_file_simples,2026-03-01,file_simples,11.38,11.38,15.16,0
2026-03-01_picanha,2026-03-01,picanha,14.03,14.03,16.86,0
2026-03-01_file_mignon,2026-03-01,file_mignon,9.58,9.58,9.74,0
2026-03-01_alcatra,2026-03-01,alcatra,22.0,22.0,22.24,0
2026-03-01_fraldinha,2026-03-01,fraldinha,15.06,15.06,17.51,0
2026-03-01_coxao_mole,2026-03-01,coxao_mole,19.58,19.58,31.56,0
2026-03-01_lagarto,2026-03-01,lagarto,14.77,14.77,16.31,0
2026-03-01_costelao,2026-03-01,costelao,22.28,22.28,26.95,0
2026-03-01_maminha,2026-03-01,maminha,14.72,14.72,14.92,0
2026-03-01_coxao_duro,2026-03-01,coxao_duro,15.33,15.33,17.95,0
2026-03-01_vazio,2026-03-01,vazio,13.32,13.21,13.21,1
2026-03-01_patinho,2026-03-01,patinho,20.48,20.48,30.6,0
2026-03-01_musculo_traseiro,2026-03-01,musculo_traseiro,14.36,14.36,16.5,0
2026-03-02_pescoco,2026-03-02,pescoco,6.36,6.36,8.77,0
2026-03-02_acem,2026-03-02,acem,23.79,23.79,28.53,0
2026-03-02_ponta_de_peito,2026-03-02,ponta_de_peito,9.77,9.77,11.4,0
2026-03-02_paleta,2026-03-02,paleta,11.52,11.52,18.71,0
2026-03-02_musculo_dianteiro,2026-03-02,musculo_dianteiro,11.11,11.11,14.76,0
2026-03-02_cupim,2026-03-02,cupim,7.32,7.32,10.39,0
2026-03-02_capa_file,2026-03-02,capa_file,7.07,7.07,9.89,0
2026-03-02_file_agulha,2026-03-02,file_agulha,7.86,7.86,10.48,0
2026-03-02_file_simples,2026-03-02,file_simples,12.38,12.38,12.42,0
2026-03-02_picanha,2026-03-02,picanha,9.1,9.1,11.75,0
2026-03-02_file_mignon,2026-03-02,file_mignon,5.49,5.49,6.87,0
2026-03-02_alcatra,2026-03-02,alcatra,15.8,15.8,20.3,0
2026-03-02_fraldinha,2026-03-02,fraldinha,13.14,13.14,14.52,0
2026-03-02_coxao_mole,2026-03-02,coxao_mole,16.96,16.96,19.83,0
2026-03-02_lagarto,2026-03-02,lagarto,10.49,10.49,12.68,0
2026-03-02_costelao,2026-03-02,costelao,14.09,14.09,17.33,0
2026-03-02_maminha,2026-03-02,maminha,10.82,10.82,11.16,0
2026-03-02_coxao_duro,2026-03-02,coxao_duro,12.44,12.44,13.87,0
2026-03-02_vazio,2026-03-02,vazio,6.02,6.02,8.88,0
2026-03-02_patinho,2026-03-02,patinho,16.59,16.59,22.25,0
2026-03-02_musculo_traseiro,2026-03-02,musculo_traseiro,7.97,7.97,13.03,0
2026-03-03_pescoco,2026-03-03,pescoco,7.08,7.08,7.95,0
2026-03-03_acem,2026-03-03,acem,25.16,25.16,26.31,0
2026-03-03_ponta_de_peito,2026-03-03,ponta_de_peito,9.03,9.03,9.27,0
2026-03-03_paleta,2026-03-03,paleta,13.87,13.87,14.89,0
2026-03-03_musculo_dianteiro,2026-03-03,musculo_dianteiro,11.57,11.57,16.96,0
2026-03-03_cupim,2026-03-03,cupim,7.73,7.73,11.68,0
2026-03-03_capa_file,2026-03-03,capa_file,7.06,7.06,10.93,0
2026-03-03_file_agulha,2026-03-03,file_agulha,9.99,9.99,12.98,0
2026-03-03_file_simples,2026-03-03,file_simples,11.58,11.58,11.87,0
2026-03-03_picanha,2026-03-03,picanha,7.0,7.0,12.78,0
2026-03-03_file_mignon,2026-03-03,file_mignon,6.23,6.23,7.11,0
2026-03-03_alcatra,2026-03-03,alcatra,18.58,17.24,17.24,1
2026-03-03_fraldinha,2026-03-03,fraldinha,12.37,12.37,15.97,0
2026-03-03_coxao_mole,2026-03-03,coxao_mole,19.37,19.37,20.33,0
2026-03-03_lagarto,2026-03-03,lagarto,11.93,11.93,15.4,0
2026-03-03_costelao,2026-03-03,costelao,13.97,13.97,18.5,0
2026-03-03_maminha,2026-03-03,maminha,9.45,9.45,11.85,0
2026-03-03_coxao_duro,2026-03-03,coxao_duro,11.24,11.24,15.5,0
2026-03-03_vazio,2026-03-03,vazio,7.4,7.4,10.36,0
2026-03-03_patinho,2026-03-03,patinho,18.5,18.5,23.63,0
2026-03-03_musculo_traseiro,2026-03-03,musculo_traseiro,9.9,9.9,13.08,0
2026-03-04_pescoco,2026-03-04,pescoco,7.31,7.31,7.98,0
2026-03-04_acem,2026-03-04,acem,23.07,23.07,25.98,0
2026-03-04_ponta_de_peito,2026-03-04,ponta_de_peito,5.93,5.93,11.81,0
2026-03-04_paleta,2026-03-04,paleta,15.38,15.38,21.41,0
2026-03-04_musculo_dianteiro,2026-03-04,musculo_dianteiro,10.92,10.92,14.1,0
2026-03-04_cupim,2026-03-04,cupim,7.74,7.74,10.21,0
2026-03-04_capa_file,2026-03-04,capa_file,8.33,8.33,9.84,0
2026-03-04_file_agulha,2026-03-04,file_agulha,12.6,12.6,12.61,0
2026-03-04_file_simples,2026-03-04,file_simples,11.51,11.51,14.5,0
2026-03-04_picanha,2026-03-04,picanha,8.48,8.48,12.06,0
2026-03-04_file_mignon,2026-03-04,file_mignon,6.04,6.04,8.7,0
2026-03-04_alcatra,2026-03-04,alcatra,17.19,17.19,19.76,0
2026-03-04_fraldinha,2026-03-04,fraldinha,10.91,10.91,16.52,0
2026-03-04_coxao_mole,2026-03-04,coxao_mole,15.65,15.65,22.8,0
2026-03-04_lagarto,2026-03-04,lagarto,11.83,11.49,11.49,1
2026-03-04_costelao,2026-03-04,costelao,15.96,15.96,21.09,0
2026-03-04_maminha,2026-03-04,maminha,11.02,11.02,14.52,0
2026-03-04_coxao_duro,2026-03-04,coxao_duro,9.76,9.76,17.72,0
2026-03-04_vazio,2026-03-04,vazio,10.83,10.83,12.33,0
2026-03-04_patinho,2026-03-04,patinho,21.06,21.06,23.24,0
2026-03-04_musculo_traseiro,2026-03-04,musculo_traseiro,10.42,10.42,12.62,0
2026-03-05_pescoco,2026-03-05,pescoco,6.75,6.75,10.35,0
2026-03-05_acem,2026-03-05,acem,29.0,28.56,28.56,1
2026-03-05_ponta_de_peito,2026-03-05,ponta_de_peito,7.75,7.75,11.74,0
2026-03-05_paleta,2026-03-05,paleta,16.1,16.1,20.14,0
2026-03-05_musculo_dianteiro,2026-03-05,musculo_dianteiro,16.94,16.94,17.09,0
2026-03-05_cupim,2026-03-05,cupim,8.74,8.74,10.23,0
2026-03-05_capa_file,2026-03-05,capa_file,7.91,7.91,11.14,0
2026-03-05_file_agulha,2026-03-05,file_agulha,12.09,11.47,11.47,1
2026-03-05_file_simples,2026-03-05,file_simples,13.98,13.37,13.37,1
2026-03-05_picanha,2026-03-05,picanha,12.52,12.52,15.53,0
2026-03-05_file_mignon,2026-03-05,file_mignon,5.47,5.47,8.44,0
2026-03-05_alcatra,2026-03-05,alcatra,23.53,23.53,23.88,0
2026-03-05_fraldinha,2026-03-05,fraldinha,11.69,11.69,14.69,0
2026-03-05_coxao_mole,2026-03-05,coxao_mole,30.69,28.4,28.4,1
2026-03-05_lagarto,2026-03-05,lagarto,13.09,13.09,16.95,0
2026-03-05_costelao,2026-03-05,costelao,18.67,18.67,20.11,0
2026-03-05_maminha,2026-03-05,maminha,12.34,12.34,13.2,0
2026-03-05_coxao_duro,2026-03-05,coxao_duro,12.4,12.4,14.29,0
2026-03-05_vazio,2026-03-05,vazio,11.27,11.27,14.87,0
2026-03-05_patinho,2026-03-05,patinho,21.82,21.82,26.54,0
2026-03-05_musculo_traseiro,2026-03-05,musculo_traseiro,11.09,11.09,13.51,0
2026-03-06_pescoco,2026-03-06,pescoco,7.99,7.99,11.11,0
2026-03-06_acem,2026-03-06,acem,30.14,30.14,37.82,0
2026-03-06_ponta_de_peito,2026-03-06,ponta_de_peito,11.49,11.49,15.09,0
2026-03-06_paleta,2026-03-06,paleta,18.69,18.69,22.81,0
2026-03-06_musculo_dianteiro,2026-03-06,musculo_dianteiro,13.47,13.47,17.78,0
2026-03-06_cupim,2026-03-06,cupim,13.9,13.74,13.74,1
2026-03-06_capa_file,2026-03-06,capa_file,8.53,8.53,13.05,0
2026-03-06_file_agulha,2026-03-06,file_agulha,11.61,11.61,14.27,0
2026-03-06_file_simples,2026-03-06,file_simples,13.87,13.87,16.29,0
2026-03-06_picanha,2026-03-06,picanha,13.76,13.76,15.15,0
2026-03-06_file_mignon,2026-03-06,file_mignon,7.52,7.52,10.11,0
2026-03-06_alcatra,2026-03-06,alcatra,24.81,23.76,23.76,1
2026-03-06_fraldinha,2026-03-06,fraldinha,12.69,12.69,18.3,0
2026-03-06_coxao_mole,2026-03-06,coxao_mole,25.64,25.64,28.84,0
2026-03-06_lagarto,2026-03-06,lagarto,12.17,12.17,16.8,0
2026-03-06_costelao,2026-03-06,costelao,24.86,24.81,24.81,1
2026-03-06_maminha,2026-03-06,maminha,18.39,17.68,17.68,1
2026-03-06_coxao_duro,2026-03-06,coxao_duro,17.61,17.61,21.21,0
2026-03-06_vazio,2026-03-06,vazio,10.91,10.91,14.75,0
2026-03-06_patinho,2026-03-06,patinho,24.62,24.62,28.04,0
2026-03-06_musculo_traseiro,2026-03-06,musculo_traseiro,15.59,15.59,16.36,0
2026-03-07_pescoco,2026-03-07,pescoco,10.97,10.97,12.7,0
2026-03-07_acem,2026-03-07,acem,33.66,33.66,44.7,0
2026-03-07_ponta_de_peito,2026-03-07,ponta_de_peito,14.61,14.61,18.36,0
2026-03-07_paleta,2026-03-07,paleta,21.84,21.84,29.29,0
2026-03-07_musculo_dianteiro,2026-03-07,musculo_dianteiro,19.58,19.58,23.22,0
2026-03-07_cupim,2026-03-07,cupim,16.48,13.44,13.44,1
2026-03-07_capa_file,2026-03-07,capa_file,13.52,13.52,15.34,0
2026-03-07_file_agulha,2026-03-07,file_agulha,11.83,11.83,18.55,0
2026-03-07_file_simples,2026-03-07,file_simples,18.14,18.14,21.54,0
2026-03-07_picanha,2026-03-07,picanha,17.11,17.11,20.95,0
2026-03-07_file_mignon,2026-03-07,file_mignon,10.95,10.95,12.76,0
2026-03-07_alcatra,2026-03-07,alcatra,29.24,29.24,31.95,0
2026-03-07_fraldinha,2026-03-07,fraldinha,22.64,22.64,24.7,0
2026-03-07_coxao_mole,2026-03-07,coxao_mole,26.98,26.98,32.49,0
2026-03-07_lagarto,2026-03-07,lagarto,18.57,18.57,24.26,0
2026-03-07_costelao,2026-03-07,costelao,38.17,32.69,32.69,1
2026-03-07_maminha,2026-03-07,maminha,18.0,18.0,19.86,0
2026-03-07_coxao_duro,2026-03-07,coxao_duro,23.92,23.86,23.86,1
2026-03-07_vazio,2026-03-07,vazio,19.08,18.95,18.95,1
2026-03-07_patinho,2026-03-07,patinho,31.19,31.19,37.5,0
2026-03-07_musculo_traseiro,2026-03-07,musculo_traseiro,16.56,16.56,22.75,0
2026-03-08_pescoco,2026-03-08,pescoco,11.21,9.99,9.99,1
2026-03-08_acem,2026-03-08,acem,24.51,24.51,30.45,0
2026-03-08_ponta_de_peito,2026-03-08,ponta_de_peito,10.08,10.08,14.24,0
2026-03-08_paleta,2026-03-08,paleta,20.84,20.84,23.92,0
2026-03-08_musculo_dianteiro,2026-03-08,musculo_dianteiro,16.29,16.29,17.03,0
2026-03-08_cupim,2026-03-08,cupim,12.31,12.31,12.32,0
2026-03-08_capa_file,2026-03-08,capa_file,9.17,9.17,11.07,0
2026-03-08_file_agulha,2026-03-08,file_agulha,11.33,11.33,14.1,0
2026-03-08_file_simples,2026-03-08,file_simples,11.13,11.13,17.91,0
2026-03-08_picanha,2026-03-08,picanha,14.75,14.75,14.98,0
2026-03-08_file_mignon,2026-03-08,file_mignon,8.99,8.99,9.08,0
2026-03-08_alcatra,2026-03-08,alcatra,22.96,22.96,24.06,0
2026-03-08_fraldinha,2026-03-08,fraldinha,15.1,15.1,19.27,0
2026-03-08_coxao_mole,2026-03-08,coxao_mole,24.53,24.53,25.69,0
2026-03-08_lagarto,2026-03-08,lagarto,14.35,14.35,16.11,0
2026-03-08_costelao,2026-03-08,costelao,19.88,19.88,23.59,0
2026-03-08_maminha,2026-03-08,maminha,13.67,13.67,16.91,0
2026-03-08_coxao_duro,2026-03-08,coxao_duro,13.18,13.18,20.05,0
2026-03-08_vazio,2026-03-08,vazio,10.33,10.33,15.04,0
2026-03-08_patinho,2026-03-08,patinho,26.68,26.68,33.02,0
2026-03-08_musculo_traseiro,2026-03-08,musculo_traseiro,12.29,12.29,18.13,0
2026-03-09_pescoco,2026-03-09,pescoco,6.25,6.25,9.14,0
2026-03-09_acem,2026-03-09,acem,17.69,17.69,28.47,0
2026-03-09_ponta_de_peito,2026-03-09,ponta_de_peito,6.79,6.79,9.64,0
2026-03-09_paleta,2026-03-09,paleta,13.88,13.88,16.65,0
2026-03-09_musculo_dianteiro,2026-03-09,musculo_dianteiro,10.31,10.31,15.48,0
2026-03-09_cupim,2026-03-09,cupim,9.43,8.87,8.87,1
2026-03-09_capa_file,2026-03-09,capa_file,7.07,7.07,10.11,0
2026-03-09_file_agulha,2026-03-09,file_agulha,8.07,8.07,9.22,0
2026-03-09_file_simples,2026-03-09,file_simples,9.39,9.39,11.59,0
2026-03-09_picanha,2026-03-09,picanha,9.23,9.23,11.06,0
2026-03-09_file_mignon,2026-03-09,file_mignon,5.33,5.33,8.1,0
2026-03-09_alcatra,2026-03-09,alcatra,16.02,16.02,18.55,0
2026-03-09_fraldinha,2026-03-09,fraldinha,11.15,11.15,12.75,0
2026-03-09_coxao_mole,2026-03-09,coxao_mole,17.14,17.14,19.19,0
2026-03-09_lagarto,2026-03-09,lagarto,9.71,9.71,10.34,0
2026-03-09_costelao,2026-03-09,costelao,13.15,13.15,20.3,0
2026-03-09_maminha,2026-03-09,maminha,9.4,9.4,14.84,0
2026-03-09_coxao_duro,2026-03-09,coxao_duro,11.24,11.24,13.88,0
2026-03-09_vazio,2026-03-09,vazio,7.76,7.76,8.95,0
2026-03-09_patinho,2026-03-09,patinho,17.42,17.42,19.08,0
2026-03-09_musculo_traseiro,2026-03-09,musculo_traseiro,12.3,12.3,13.2,0
2026-03-10_pescoco,2026-03-10,pescoco,7.17,7.17,8.81,0
2026-03-10_acem,2026-03-10,acem,17.68,17.68,22.72,0
2026-03-10_ponta_de_peito,2026-03-10,ponta_de_peito,7.77,7.77,10.98,0
2026-03-10_paleta,2026-03-10,paleta,15.98,15.98,19.06,0
2026-03-10_musculo_dianteiro,2026-03-10,musculo_dianteiro,12.89,12.89,14.41,0
2026-03-10_cupim,2026-03-10,cupim,8.61,8.61,9.1,0
2026-03-10_capa_file,2026-03-10,capa_file,6.84,6.84,9.42,0
2026-03-10_file_agulha,2026-03-10,file_agulha,11.28,11.28,11.41,0
2026-03-10_file_simples,2026-03-10,file_simples,9.84,9.84,12.11,0
2026-03-10_picanha,2026-03-10,picanha,10.23,10.23,11.19,0
2026-03-10_file_mignon,2026-03-10,file_mignon,6.01,6.01,6.33,0
2026-03-10_alcatra,2026-03-10,alcatra,14.65,14.65,20.49,0
2026-03-10_fraldinha,2026-03-10,fraldinha,10.48,10.48,12.44,0
2026-03-10_coxao_mole,2026-03-10,coxao_mole,18.47,18.47,22.26,0
2026-03-10_lagarto,2026-03-10,lagarto,11.37,11.37,12.06,0
2026-03-10_costelao,2026-03-10,costelao,18.37,18.37,18.75,0
2026-03-10_maminha,2026-03-10,maminha,8.2,8.2,13.5,0
2026-03-10_coxao_duro,2026-03-10,coxao_duro,15.8,14.63,14.63,1
2026-03-10_vazio,2026-03-10,vazio,8.25,8.25,9.49,0
2026-03-10_patinho,2026-03-10,patinho,19.99,19.99,31.33,0
2026-03-10_musculo_traseiro,2026-03-10,musculo_traseiro,12.22,12.22,12.29,0
2026-03-11_pescoco,2026-03-11,pescoco,8.2,8.2,8.78,0
2026-03-11_acem,2026-03-11,acem,23.88,23.88,34.99,0
2026-03-11_ponta_de_peito,2026-03-11,ponta_de_peito,9.43,9.14,9.14,1
2026-03-11_paleta,2026-03-11,paleta,14.08,14.08,15.52,0
2026-03-11_musculo_dianteiro,2026-03-11,musculo_dianteiro,12.6,12.6,14.11,0
2026-03-11_cupim,2026-03-11,cupim,7.76,7.76,10.81,0
2026-03-11_capa_file,2026-03-11,capa_file,6.85,6.85,9.27,0
2026-03-11_file_agulha,2026-03-11,file_agulha,9.48,9.48,13.53,0
2026-03-11_file_simples,2026-03-11,file_simples,9.91,9.91,12.35,0
2026-03-11_picanha,2026-03-11,picanha,11.79,11.79,11.95,0
2026-03-11_file_mignon,2026-03-11,file_mignon,7.59,7.59,9.04,0
2026-03-11_alcatra,2026-03-11,alcatra,13.31,13.31,16.77,0
2026-03-11_fraldinha,2026-03-11,fraldinha,10.38,10.38,14.71,0
2026-03-11_coxao_mole,2026-03-11,coxao_mole,17.55,17.55,20.48,0
2026-03-11_lagarto,2026-03-11,lagarto,11.25,11.25,15.68,0
2026-03-11_costelao,2026-03-11,costelao,17.01,17.01,17.62,0
2026-03-11_maminha,2026-03-11,maminha,8.19,8.19,12.03,0
2026-03-11_coxao_duro,2026-03-11,coxao_duro,13.84,13.84,18.74,0
2026-03-11_vazio,2026-03-11,vazio,9.54,9.54,11.34,0
2026-03-11_patinho,2026-03-11,patinho,19.34,19.34,29.08,0
2026-03-11_musculo_traseiro,2026-03-11,musculo_traseiro,10.83,10.83,12.01,0
2026-03-12_pescoco,2026-03-12,pescoco,6.68,6.68,9.63,0
2026-03-12_acem,2026-03-12,acem,21.18,21.18,24.56,0
2026-03-12_ponta_de_peito,2026-03-12,ponta_de_peito,9.99,9.99,13.09,0
2026-03-12_paleta,2026-03-12,paleta,17.34,17.34,18.59,0
2026-03-12_musculo_dianteiro,2026-03-12,musculo_dianteiro,12.67,12.67,15.32,0
2026-03-12_cupim,2026-03-12,cupim,8.42,8.42,10.9,0
2026-03-12_capa_file,2026-03-12,capa_file,9.37,9.37,11.47,0
2026-03-12_file_agulha,2026-03-12,file_agulha,10.77,10.77,14.76,0
2026-03-12_file_simples,2026-03-12,file_simples,11.59,11.59,14.25,0
2026-03-12_picanha,2026-03-12,picanha,10.79,10.79,12.44,0
2026-03-12_file_mignon,2026-03-12,file_mignon,6.73,6.73,9.57,0
2026-03-12_alcatra,2026-03-12,alcatra,17.61,17.61,24.6,0
2026-03-12_fraldinha,2026-03-12,fraldinha,10.83,10.83,14.44,0
2026-03-12_coxao_mole,2026-03-12,coxao_mole,20.97,20.97,25.75,0
2026-03-12_lagarto,2026-03-12,lagarto,9.92,9.92,14.42,0
2026-03-12_costelao,2026-03-12,costelao,15.51,15.51,18.36,0
2026-03-12_maminha,2026-03-12,maminha,12.88,12.88,15.25,0
2026-03-12_coxao_duro,2026-03-12,coxao_duro,15.23,14.23,14.23,1
2026-03-12_vazio,2026-03-12,vazio,9.38,9.38,12.73,0
2026-03-12_patinho,2026-03-12,patinho,22.27,22.27,31.17,0
2026-03-12_musculo_traseiro,2026-03-12,musculo_traseiro,9.06,9.06,15.22,0
2026-03-13_pescoco,2026-03-13,pescoco,7.75,7.75,10.96,0
2026-03-13_acem,2026-03-13,acem,35.62,35.62,40.99,0
2026-03-13_ponta_de_peito,2026-03-13,ponta_de_peito,11.68,11.68,13.95,0
2026-03-13_paleta,2026-03-13,paleta,18.57,18.57,23.83,0
2026-03-13_musculo_dianteiro,2026-03-13,musculo_dianteiro,15.38,15.38,18.67,0
2026-03-13_cupim,2026-03-13,cupim,11.28,10.8,10.8,1
2026-03-13_capa_file,2026-03-13,capa_file,10.22,10.22,15.88,0
2026-03-13_file_agulha,2026-03-13,file_agulha,13.96,13.96,15.83,0
2026-03-13_file_simples,2026-03-13,file_simples,11.43,11.43,21.29,0
2026-03-13_picanha,2026-03-13,picanha,13.98,13.98,17.15,0
2026-03-13_file_mignon,2026-03-13,file_mignon,9.55,9.55,10.4,0
2026-03-13_alcatra,2026-03-13,alcatra,27.48,27.48,27.58,0
2026-03-13_fraldinha,2026-03-13,fraldinha,17.21,17.21,19.91,0
2026-03-13_coxao_mole,2026-03-13,coxao_mole,25.33,25.33,26.51,0
2026-03-13_lagarto,2026-03-13,lagarto,14.94,14.56,14.56,1
2026-03-13_costelao,2026-03-13,costelao,22.36,22.36,24.61,0
2026-03-13_maminha,2026-03-13,maminha,12.62,12.62,18.58,0
2026-03-13_coxao_duro,2026-03-13,coxao_duro,13.35,13.35,23.08,0
2026-03-13_vazio,2026-03-13,vazio,14.61,12.21,12.21,1
2026-03-13_patinho,2026-03-13,patinho,31.01,31.01,33.69,0
2026-03-13_musculo_traseiro,2026-03-13,musculo_traseiro,11.3,11.3,20.13,0
2026-03-14_pescoco,2026-03-14,pescoco,10.22,10.22,16.32,0
2026-03-14_acem,2026-03-14,acem,33.61,33.61,41.74,0
2026-03-14_ponta_de_peito,2026-03-14,ponta_de_peito,15.77,15.77,17.58,0
2026-03-14_paleta,2026-03-14,paleta,23.57,23.57,30.87,0
2026-03-14_musculo_dianteiro,2026-03-14,musculo_dianteiro,17.37,17.37,23.46,0
2026-03-14_cupim,2026-03-14,cupim,14.78,14.78,16.64,0
2026-03-14_capa_file,2026-03-14,capa_file,14.98,14.98,16.56,0
2026-03-14_file_agulha,2026-03-14,file_agulha,13.6,13.6,18.18,0
2026-03-14_file_simples,2026-03-14,file_simples,17.39,17.39,21.31,0
2026-03-14_picanha,2026-03-14,picanha,22.46,22.46,22.82,0
2026-03-14_file_mignon,2026-03-14,file_mignon,10.15,10.15,12.36,0
2026-03-14_alcatra,2026-03-14,alcatra,29.08,29.08,35.54,0
2026-03-14_fraldinha,2026-03-14,fraldinha,27.17,22.89,22.89,1
2026-03-14_coxao_mole,2026-03-14,coxao_mole,28.02,28.02,30.8,0
2026-03-14_lagarto,2026-03-14,lagarto,17.57,17.57,22.26,0
2026-03-14_costelao,2026-03-14,costelao,33.64,33.64,35.62,0
2026-03-14_maminha,2026-03-14,maminha,21.09,17.95,17.95,1
2026-03-14_coxao_duro,2026-03-14,coxao_duro,19.66,19.66,26.12,0
2026-03-14_vazio,2026-03-14,vazio,16.76,15.5,15.5,1
2026-03-14_patinho,2026-03-14,patinho,22.29,22.29,37.63,0
2026-03-14_musculo_traseiro,2026-03-14,musculo_traseiro,18.35,18.35,21.58,0
2026-03-15_pescoco,2026-03-15,pescoco,8.82,8.82,11.1,0
2026-03-15_acem,2026-03-15,acem,28.04,28.04,34.19,0
2026-03-15_ponta_de_peito,2026-03-15,ponta_de_peito,9.46,9.46,13.55,0
2026-03-15_paleta,2026-03-15,paleta,19.97,19.97,21.73,0
2026-03-15_musculo_dianteiro,2026-03-15,musculo_dianteiro,12.48,12.48,19.61,0
2026-03-15_cupim,2026-03-15,cupim,9.05,9.05,12.92,0
2026-03-15_capa_file,2026-03-15,capa_file,11.44,11.44,12.01,0
2026-03-15_file_agulha,2026-03-15,file_agulha,10.52,10.52,11.35,0
2026-03-15_file_simples,2026-03-15,file_simples,13.76,13.76,14.71,0
2026-03-15_picanha,2026-03-15,picanha,13.3,13.3,17.81,0
2026-03-15_file_mignon,2026-03-15,file_mignon,6.32,6.32,8.27,0
2026-03-15_alcatra,2026-03-15,alcatra,25.66,22.71,22.71,1
2026-03-15_fraldinha,2026-03-15,fraldinha,13.99,13.99,15.78,0
2026-03-15_coxao_mole,2026-03-15,coxao_mole,23.03,23.03,28.81,0
2026-03-15_lagarto,2026-03-15,lagarto,15.18,14.92,14.92,1
2026-03-15_costelao,2026-03-15,costelao,21.98,21.98,25.08,0
2026-03-15_maminha,2026-03-15,maminha,15.25,14.66,14.66,1
2026-03-15_coxao_duro,2026-03-15,coxao_duro,13.72,13.72,17.67,0
2026-03-15_vazio,2026-03-15,vazio,13.32,11.46,11.46,1
2026-03-15_patinho,2026-03-15,patinho,16.6,16.6,28.5,0
2026-03-15_musculo_traseiro,2026-03-15,musculo_traseiro,13.37,13.37,15.8,0
2026-03-16_pescoco,2026-03-16,pescoco,5.79,5.79,9.67,0
2026-03-16_acem,2026-03-16,acem,20.47,20.47,26.11,0
2026-03-16_ponta_de_peito,2026-03-16,ponta_de_peito,7.72,7.72,7.9,0
2026-03-16_paleta,2026-03-16,paleta,13.35,13.35,16.42,0
2026-03-16_musculo_dianteiro,2026-03-16,musculo_dianteiro,10.58,10.58,10.79,0
2026-03-16_cupim,2026-03-16,cupim,7.04,7.04,7.09,0
2026-03-16_capa_file,2026-03-16,capa_file,6.05,6.05,9.52,0
2026-03-16_file_agulha,2026-03-16,file_agulha,9.45,9.45,11.5,0
2026-03-16_file_simples,2026-03-16,file_simples,10.31,9.29,9.29,1
2026-03-16_picanha,2026-03-16,picanha,9.37,9.37,11.01,0
2026-03-16_file_mignon,2026-03-16,file_mignon,5.99,5.99,6.8,0
2026-03-16_alcatra,2026-03-16,alcatra,15.41,15.41,21.71,0
2026-03-16_fraldinha,2026-03-16,fraldinha,9.66,9.66,15.23,0
2026-03-16_coxao_mole,2026-03-16,coxao_mole,18.37,18.37,21.12,0
2026-03-16_lagarto,2026-03-16,lagarto,9.1,9.1,12.41,0
2026-03-16_costelao,2026-03-16,costelao,15.17,15.17,16.87,0
2026-03-16_maminha,2026-03-16,maminha,13.03,13.03,15.67,0
2026-03-16_coxao_duro,2026-03-16,coxao_duro,11.43,11.43,13.09,0
2026-03-16_vazio,2026-03-16,vazio,8.82,8.82,10.69,0
2026-03-16_patinho,2026-03-16,patinho,19.76,19.76,22.51,0
2026-03-16_musculo_traseiro,2026-03-16,musculo_traseiro,10.04,10.04,15.05,0
2026-03-17_pescoco,2026-03-17,pescoco,8.74,8.74,9.83,0
2026-03-17_acem,2026-03-17,acem,22.43,22.43,26.12,0
2026-03-17_ponta_de_peito,2026-03-17,ponta_de_peito,9.61,9.61,10.9,0
2026-03-17_paleta,2026-03-17,paleta,15.23,15.23,18.15,0
2026-03-17_musculo_dianteiro,2026-03-17,musculo_dianteiro,12.27,12.27,14.41,0
2026-03-17_cupim,2026-03-17,cupim,7.34,7.34,9.74,0
2026-03-17_capa_file,2026-03-17,capa_file,7.36,7.36,10.4,0
2026-03-17_file_agulha,2026-03-17,file_agulha,7.63,7.63,12.42,0
2026-03-17_file_simples,2026-03-17,file_simples,9.62,9.62,10.56,0
2026-03-17_picanha,2026-03-17,picanha,11.08,11.08,13.35,0
2026-03-17_file_mignon,2026-03-17,file_mignon,5.12,5.12,6.86,0
2026-03-17_alcatra,2026-03-17,alcatra,16.58,16.42,16.42,1
2026-03-17_fraldinha,2026-03-17,fraldinha,12.49,12.49,13.48,0
2026-03-17_coxao_mole,2026-03-17,coxao_mole,16.85,16.25,16.25,1
2026-03-17_lagarto,2026-03-17,lagarto,10.47,10.47,13.88,0
2026-03-17_costelao,2026-03-17,costelao,12.53,12.53,18.96,0
2026-03-17_maminha,2026-03-17,maminha,9.91,9.91,14.06,0
2026-03-17_coxao_duro,2026-03-17,coxao_duro,13.75,13.75,15.14,0
2026-03-17_vazio,2026-03-17,vazio,7.6,7.6,11.26,0
2026-03-17_patinho,2026-03-17,patinho,19.35,19.35,23.8,0
2026-03-17_musculo_traseiro,2026-03-17,musculo_traseiro,11.36,11.36,12.86,0
2026-03-18_pescoco,2026-03-18,pescoco,6.37,6.37,8.53,0
2026-03-18_acem,2026-03-18,acem,22.58,22.58,28.56,0
2026-03-18_ponta_de_peito,2026-03-18,ponta_de_peito,11.26,11.26,11.5,0
2026-03-18_paleta,2026-03-18,paleta,15.93,15.93,16.99,0
2026-03-18_musculo_dianteiro,2026-03-18,musculo_dianteiro,12.18,12.18,14.43,0
2026-03-18_cupim,2026-03-18,cupim,6.73,6.73,11.6,0
2026-03-18_capa_file,2026-03-18,capa_file,7.06,7.06,11.38,0
2026-03-18_file_agulha,2026-03-18,file_agulha,8.93,8.93,14.36,0
2026-03-18_file_simples,2026-03-18,file_simples,11.21,11.21,13.41,0
2026-03-18_picanha,2026-03-18,picanha,10.45,10.45,14.5,0
2026-03-18_file_mignon,2026-03-18,file_mignon,5.84,5.84,8.71,0
2026-03-18_alcatra,2026-03-18,alcatra,16.7,16.7,17.14,0
2026-03-18_fraldinha,2026-03-18,fraldinha,10.48,10.48,12.89,0
2026-03-18_coxao_mole,2026-03-18,coxao_mole,21.22,21.22,21.99,0
2026-03-18_lagarto,2026-03-18,lagarto,10.35,10.35,15.34,0
2026-03-18_costelao,2026-03-18,costelao,17.77,17.77,19.81,0
2026-03-18_maminha,2026-03-18,maminha,8.85,8.85,13.26,0
2026-03-18_coxao_duro,2026-03-18,coxao_duro,15.01,15.01,19.52,0
2026-03-18_vazio,2026-03-18,vazio,9.16,9.16,10.49,0
2026-03-18_patinho,2026-03-18,patinho,20.43,20.43,26.74,0
2026-03-18_musculo_traseiro,2026-03-18,musculo_traseiro,10.08,10.08,12.08,0
2026-03-19_pescoco,2026-03-19,pescoco,8.67,8.67,10.27,0
2026-03-19_acem,2026-03-19,acem,26.14,26.14,32.3,0
2026-03-19_ponta_de_peito,2026-03-19,ponta_de_peito,11.17,11.17,11.4,0
2026-03-19_paleta,2026-03-19,paleta,12.12,12.12,21.2,0
2026-03-19_musculo_dianteiro,2026-03-19,musculo_dianteiro,11.05,11.05,15.83,0
2026-03-19_cupim,2026-03-19,cupim,8.63,8.63,10.64,0
2026-03-19_capa_file,2026-03-19,capa_file,7.91,7.91,11.63,0
2026-03-19_file_agulha,2026-03-19,file_agulha,8.42,8.42,12.85,0
2026-03-19_file_simples,2026-03-19,file_simples,10.96,10.96,16.07,0
2026-03-19_picanha,2026-03-19,picanha,13.37,10.14,10.14,1
2026-03-19_file_mignon,2026-03-19,file_mignon,6.84,6.84,8.26,0
2026-03-19_alcatra,2026-03-19,alcatra,17.04,17.04,19.82,0
2026-03-19_fraldinha,2026-03-19,fraldinha,12.4,12.4,15.37,0
2026-03-19_coxao_mole,2026-03-19,coxao_mole,22.19,22.19,24.37,0
2026-03-19_lagarto,2026-03-19,lagarto,12.3,12.3,16.59,0
2026-03-19_costelao,2026-03-19,costelao,20.98,18.11,18.11,1
2026-03-19_maminha,2026-03-19,maminha,12.41,12.41,13.01,0
2026-03-19_coxao_duro,2026-03-19,coxao_duro,14.74,14.74,17.68,0
2026-03-19_vazio,2026-03-19,vazio,10.89,10.89,13.59,0
2026-03-19_patinho,2026-03-19,patinho,19.17,19.17,31.43,0
2026-03-19_musculo_traseiro,2026-03-19,musculo_traseiro,11.34,11.34,14.24,0
2026-03-20_pescoco,2026-03-20,pescoco,9.68,9.68,11.32,0
2026-03-20_acem,2026-03-20,acem,36.5,36.5,36.95,0
2026-03-20_ponta_de_peito,2026-03-20,ponta_de_peito,10.71,10.71,17.35,0
2026-03-20_paleta,2026-03-20,paleta,19.29,19.29,23.76,0
2026-03-20_musculo_dianteiro,2026-03-20,musculo_dianteiro,13.42,13.42,19.12,0
2026-03-20_cupim,2026-03-20,cupim,9.87,9.87,11.86,0
2026-03-20_capa_file,2026-03-20,capa_file,12.16,12.16,13.49,0
2026-03-20_file_agulha,2026-03-20,file_agulha,12.57,12.57,15.14,0
2026-03-20_file_simples,2026-03-20,file_simples,17.04,16.92,16.92,1
2026-03-20_picanha,2026-03-20,picanha,13.95,13.95,14.43,0
2026-03-20_file_mignon,2026-03-20,file_mignon,8.03,8.03,8.32,0
2026-03-20_alcatra,2026-03-20,alcatra,19.26,19.26,26.78,0
2026-03-20_fraldinha,2026-03-20,fraldinha,12.51,12.51,14.93,0
2026-03-20_coxao_mole,2026-03-20,coxao_mole,27.45,27.45,28.33,0
2026-03-20_lagarto,2026-03-20,lagarto,13.58,13.58,16.43,0
2026-03-20_costelao,2026-03-20,costelao,24.83,24.57,24.57,1
2026-03-20_maminha,2026-03-20,maminha,15.47,15.47,18.46,0
2026-03-20_coxao_duro,2026-03-20,coxao_duro,16.98,16.98,17.35,0
2026-03-20_vazio,2026-03-20,vazio,12.21,12.21,15.35,0
2026-03-20_patinho,2026-03-20,patinho,20.24,20.24,28.48,0
2026-03-20_musculo_traseiro,2026-03-20,musculo_traseiro,14.43,14.43,18.27,0
2026-03-21_pescoco,2026-03-21,pescoco,13.41,13.41,14.74,0
2026-03-21_acem,2026-03-21,acem,44.07,44.07,48.29,0
2026-03-21_ponta_de_peito,2026-03-21,ponta_de_peito,11.23,11.23,19.75,0
2026-03-21_paleta,2026-03-21,paleta,22.6,22.6,25.04,0
2026-03-21_musculo_dianteiro,2026-03-21,musculo_dianteiro,22.47,22.47,23.7,0
2026-03-21_cupim,2026-03-21,cupim,16.39,16.39,17.11,0
2026-03-21_capa_file,2026-03-21,capa_file,16.61,14.54,14.54,1
2026-03-21_file_agulha,2026-03-21,file_agulha,15.16,15.16,16.9,0
2026-03-21_file_simples,2026-03-21,file_simples,16.0,16.0,20.93,0
2026-03-21_picanha,2026-03-21,picanha,18.95,18.95,20.87,0
2026-03-21_file_mignon,2026-03-21,file_mignon,10.63,10.63,11.81,0
2026-03-21_alcatra,2026-03-21,alcatra,32.73,27.07,27.07,1
2026-03-21_fraldinha,2026-03-21,fraldinha,19.67,19.67,20.93,0
2026-03-21_coxao_mole,2026-03-21,coxao_mole,30.46,30.46,36.86,0
2026-03-21_lagarto,2026-03-21,lagarto,14.45,14.45,18.84,0
2026-03-21_costelao,2026-03-21,costelao,42.69,31.84,31.84,1
2026-03-21_maminha,2026-03-21,maminha,16.58,16.58,18.53,0
2026-03-21_coxao_duro,2026-03-21,coxao_duro,22.75,21.52,21.52,1
2026-03-21_vazio,2026-03-21,vazio,19.12,17.78,17.78,1
2026-03-21_patinho,2026-03-21,patinho,34.69,34.69,38.91,0
2026-03-21_musculo_traseiro,2026-03-21,musculo_traseiro,17.94,17.94,20.43,0
2026-03-22_pescoco,2026-03-22,pescoco,8.42,8.42,11.07,0
2026-03-22_acem,2026-03-22,acem,28.03,28.03,37.92,0
2026-03-22_ponta_de_peito,2026-03-22,ponta_de_peito,10.77,10.77,12.99,0
2026-03-22_paleta,2026-03-22,paleta,16.39,16.39,20.31,0
2026-03-22_musculo_dianteiro,2026-03-22,musculo_dianteiro,13.85,13.85,17.99,0
2026-03-22_cupim,2026-03-22,cupim,10.08,10.08,12.54,0
2026-03-22_capa_file,2026-03-22,capa_file,10.24,10.24,12.32,0
2026-03-22_file_agulha,2026-03-22,file_agulha,10.5,10.5,15.4,0
2026-03-22_file_simples,2026-03-22,file_simples,12.07,12.07,18.82,0
2026-03-22_picanha,2026-03-22,picanha,15.24,13.42,13.42,1
2026-03-22_file_mignon,2026-03-22,file_mignon,6.81,6.81,11.15,0
2026-03-22_alcatra,2026-03-22,alcatra,22.79,21.38,21.38,1
2026-03-22_fraldinha,2026-03-22,fraldinha,11.08,11.08,15.91,0
2026-03-22_coxao_mole,2026-03-22,coxao_mole,24.21,24.21,26.85,0
2026-03-22_lagarto,2026-03-22,lagarto,11.66,11.66,17.45,0
2026-03-22_costelao,2026-03-22,costelao,21.7,21.7,23.09,0
2026-03-22_maminha,2026-03-22,maminha,14.6,14.6,14.69,0
2026-03-22_coxao_duro,2026-03-22,coxao_duro,17.79,17.79,21.19,0
2026-03-22_vazio,2026-03-22,vazio,12.14,12.14,13.0,0
2026-03-22_patinho,2026-03-22,patinho,24.11,24.11,26.93,0
2026-03-22_musculo_traseiro,2026-03-22,musculo_traseiro,14.9,14.9,17.31,0
2026-03-23_pescoco,2026-03-23,pescoco,5.77,5.77,8.73,0
2026-03-23_acem,2026-03-23,acem,20.12,20.12,25.5,0
2026-03-23_ponta_de_peito,2026-03-23,ponta_de_peito,9.32,7.21,7.21,1
2026-03-23_paleta,2026-03-23,paleta,13.62,13.62,15.4,0
2026-03-23_musculo_dianteiro,2026-03-23,musculo_dianteiro,10.55,10.55,11.35,0
2026-03-23_cupim,2026-03-23,cupim,6.66,6.66,9.88,0
2026-03-23_capa_file,2026-03-23,capa_file,7.26,7.26,8.57,0
2026-03-23_file_agulha,2026-03-23,file_agulha,7.51,7.51,10.68,0
2026-03-23_file_simples,2026-03-23,file_simples,10.05,10.05,12.02,0
2026-03-23_picanha,2026-03-23,picanha,8.42,8.42,9.35,0
2026-03-23_file_mignon,2026-03-23,file_mignon,4.74,4.74,5.52,0
2026-03-23_alcatra,2026-03-23,alcatra,14.97,14.97,16.59,0
2026-03-23_fraldinha,2026-03-23,fraldinha,7.21,7.21,13.58,0
2026-03-23_coxao_mole,2026-03-23,coxao_mole,15.32,15.32,18.38,0
2026-03-23_lagarto,2026-03-23,lagarto,8.79,8.79,10.11,0
2026-03-23_costelao,2026-03-23,costelao,15.27,15.27,20.93,0
2026-03-23_maminha,2026-03-23,maminha,9.42,7.83,7.83,1
2026-03-23_coxao_duro,2026-03-23,coxao_duro,12.05,11.64,11.64,1
2026-03-23_vazio,2026-03-23,vazio,8.75,8.75,10.08,0
2026-03-23_patinho,2026-03-23,patinho,20.88,20.88,23.2,0
2026-03-23_musculo_traseiro,2026-03-23,musculo_traseiro,9.43,9.43,11.7,0
2026-03-24_pescoco,2026-03-24,pescoco,6.64,6.64,10.1,0
2026-03-24_acem,2026-03-24,acem,27.67,27.67,30.1,0
2026-03-24_ponta_de_peito,2026-03-24,ponta_de_peito,7.63,7.63,8.1,0
2026-03-24_paleta,2026-03-24,paleta,18.02,18.02,19.42,0
2026-03-24_musculo_dianteiro,2026-03-24,musculo_dianteiro,11.33,11.33,14.91,0
2026-03-24_cupim,2026-03-24,cupim,6.93,6.93,8.38,0
2026-03-24_capa_file,2026-03-24,capa_file,8.17,8.17,11.19,0
2026-03-24_file_agulha,2026-03-24,file_agulha,11.56,11.35,11.35,1
2026-03-24_file_simples,2026-03-24,file_simples,11.27,10.83,10.83,1
2026-03-24_picanha,2026-03-24,picanha,9.65,9.65,13.27,0
2026-03-24_file_mignon,2026-03-24,file_mignon,6.06,6.06,8.37,0
2026-03-24_alcatra,2026-03-24,alcatra,12.66,12.66,23.51,0
2026-03-24_fraldinha,2026-03-24,fraldinha,12.62,12.62,16.16,0
2026-03-24_coxao_mole,2026-03-24,coxao_mole,14.9,14.9,21.72,0
2026-03-24_lagarto,2026-03-24,lagarto,10.3,10.3,13.52,0
2026-03-24_costelao,2026-03-24,costelao,15.01,15.01,25.22,0
2026-03-24_maminha,2026-03-24,maminha,14.66,10.54,10.54,1
2026-03-24_coxao_duro,2026-03-24,coxao_duro,11.99,11.99,12.11,0
2026-03-24_vazio,2026-03-24,vazio,7.75,7.75,12.56,0
2026-03-24_patinho,2026-03-24,patinho,20.03,20.03,23.78,0
2026-03-24_musculo_traseiro,2026-03-24,musculo_traseiro,10.45,10.45,14.38,0
2026-03-25_pescoco,2026-03-25,pescoco,7.46,7.46,9.08,0
2026-03-25_acem,2026-03-25,acem,27.2,26.49,26.49,1
2026-03-25_ponta_de_peito,2026-03-25,ponta_de_peito,8.55,8.55,9.32,0
2026-03-25_paleta,2026-03-25,paleta,15.19,15.19,20.53,0
2026-03-25_musculo_dianteiro,2026-03-25,musculo_dianteiro,11.02,11.02,15.3,0
2026-03-25_cupim,2026-03-25,cupim,8.2,8.2,11.61,0
2026-03-25_capa_file,2026-03-25,capa_file,8.29,8.29,11.6,0
2026-03-25_file_agulha,2026-03-25,file_agulha,8.47,8.47,12.99,0
2026-03-25_file_simples,2026-03-25,file_simples,16.05,14.59,14.59,1
2026-03-25_picanha,2026-03-25,picanha,9.74,9.74,13.71,0
2026-03-25_file_mignon,2026-03-25,file_mignon,6.72,6.72,8.38,0
2026-03-25_alcatra,2026-03-25,alcatra,18.15,18.15,20.31,0
2026-03-25_fraldinha,2026-03-25,fraldinha,13.1,13.1,15.67,0
2026-03-25_coxao_mole,2026-03-25,coxao_mole,19.32,19.32,24.92,0
2026-03-25_lagarto,2026-03-25,lagarto,10.56,10.56,14.15,0
2026-03-25_costelao,2026-03-25,costelao,15.27,15.27,20.48,0
2026-03-25_maminha,2026-03-25,maminha,9.44,9.44,14.83,0
2026-03-25_coxao_duro,2026-03-25,coxao_duro,11.6,11.6,15.59,0
2026-03-25_vazio,2026-03-25,vazio,8.62,8.62,10.17,0
2026-03-25_patinho,2026-03-25,patinho,17.95,17.95,28.71,0
2026-03-25_musculo_traseiro,2026-03-25,musculo_traseiro,10.03,10.03,12.17,0
2026-03-26_pescoco,2026-03-26,pescoco,7.8,7.8,11.97,0
2026-03-26_acem,2026-03-26,acem,27.12,27.12,33.42,0
2026-03-26_ponta_de_peito,2026-03-26,ponta_de_peito,12.26,12.26,14.19,0
2026-03-26_paleta,2026-03-26,paleta,14.71,14.71,23.28,0
2026-03-26_musculo_dianteiro,2026-03-26,musculo_dianteiro,11.93,11.93,13.98,0
2026-03-26_cupim,2026-03-26,cupim,9.72,9.72,12.43,0
2026-03-26_capa_file,2026-03-26,capa_file,11.39,10.27,10.27,1
2026-03-26_file_agulha,2026-03-26,file_agulha,10.72,10.72,15.48,0
2026-03-26_file_simples,2026-03-26,file_simples,14.06,14.01,14.01,1
2026-03-26_picanha,2026-03-26,picanha,11.57,11.57,13.56,0
2026-03-26_file_mignon,2026-03-26,file_mignon,6.52,6.52,7.79,0
2026-03-26_alcatra,2026-03-26,alcatra,15.18,15.18,19.98,0
2026-03-26_fraldinha,2026-03-26,fraldinha,14.5,14.5,15.17,0
2026-03-26_coxao_mole,2026-03-26,coxao_mole,20.09,20.09,23.04,0
2026-03-26_lagarto,2026-03-26,lagarto,13.05,13.05,17.11,0
2026-03-26_costelao,2026-03-26,costelao,17.59,17.59,23.03,0
2026-03-26_maminha,2026-03-26,maminha,10.5,10.5,12.73,0
2026-03-26_coxao_duro,2026-03-26,coxao_duro,13.84,13.84,17.07,0
2026-03-26_vazio,2026-03-26,vazio,10.85,10.85,12.37,0
2026-03-26_patinho,2026-03-26,patinho,25.62,25.62,30.06,0
2026-03-26_musculo_traseiro,2026-03-26,musculo_traseiro,12.82,11.48,11.48,1
2026-03-27_pescoco,2026-03-27,pescoco,9.99,9.99,10.15,0
2026-03-27_acem,2026-03-27,acem,30.4,30.4,38.53,0
2026-03-27_ponta_de_peito,2026-03-27,ponta_de_peito,8.76,8.76,13.84,0
2026-03-27_paleta,2026-03-27,paleta,16.3,16.3,24.91,0
2026-03-27_musculo_dianteiro,2026-03-27,musculo_dianteiro,16.28,16.28,18.49,0
2026-03-27_cupim,2026-03-27,cupim,10.53,10.53,14.05,0
2026-03-27_capa_file,2026-03-27,capa_file,11.15,11.15,11.66,0
2026-03-27_file_agulha,2026-03-27,file_agulha,13.7,13.7,16.85,0
2026-03-27_file_simples,2026-03-27,file_simples,20.29,19.25,19.25,1
2026-03-27_picanha,2026-03-27,picanha,11.83,11.83,14.92,0
2026-03-27_file_mignon,2026-03-27,file_mignon,7.61,7.61,11.35,0
2026-03-27_alcatra,2026-03-27,alcatra,26.33,26.33,28.12,0
2026-03-27_fraldinha,2026-03-27,fraldinha,15.93,15.93,19.3,0
2026-03-27_coxao_mole,2026-03-27,coxao_mole,22.56,22.56,29.34,0
2026-03-27_lagarto,2026-03-27,lagarto,14.18,14.18,16.77,0
2026-03-27_costelao,2026-03-27,costelao,22.78,22.78,27.78,0
2026-03-27_maminha,2026-03-27,maminha,14.26,14.26,17.0,0
2026-03-27_coxao_duro,2026-03-27,coxao_duro,19.47,19.47,21.07,0
2026-03-27_vazio,2026-03-27,vazio,13.21,12.61,12.61,1
2026-03-27_patinho,2026-03-27,patinho,25.81,25.81,35.52,0
2026-03-27_musculo_traseiro,2026-03-27,musculo_traseiro,12.9,12.9,19.29,0
2026-03-28_pescoco,2026-03-28,pescoco,13.32,13.32,15.06,0
2026-03-28_acem,2026-03-28,acem,42.4,42.4,44.79,0
2026-03-28_ponta_de_peito,2026-03-28,ponta_de_peito,13.11,13.11,16.86,0
2026-03-28_paleta,2026-03-28,paleta,22.69,22.69,28.32,0
2026-03-28_musculo_dianteiro,2026-03-28,musculo_dianteiro,15.89,15.89,23.43,0
2026-03-28_cupim,2026-03-28,cupim,12.94,12.94,17.3,0
2026-03-28_capa_file,2026-03-28,capa_file,17.2,15.6,15.6,1
2026-03-28_file_agulha,2026-03-28,file_agulha,17.01,17.01,21.61,0
2026-03-28_file_simples,2026-03-28,file_simples,18.91,18.91,20.95,0
2026-03-28_picanha,2026-03-28,picanha,20.19,17.25,17.25,1
2026-03-28_file_mignon,2026-03-28,file_mignon,9.26,9.26,14.03,0
2026-03-28_alcatra,2026-03-28,alcatra,35.78,29.04,29.04,1
2026-03-28_fraldinha,2026-03-28,fraldinha,16.59,16.59,19.63,0
2026-03-28_coxao_mole,2026-03-28,coxao_mole,30.59,30.59,32.36,0
2026-03-28_lagarto,2026-03-28,lagarto,16.65,16.65,21.71,0
2026-03-28_costelao,2026-03-28,costelao,33.3,33.3,34.37,0
2026-03-28_maminha,2026-03-28,maminha,20.46,20.46,21.26,0
2026-03-28_coxao_duro,2026-03-28,coxao_duro,20.63,20.63,24.24,0
2026-03-28_vazio,2026-03-28,vazio,19.04,16.94,16.94,1
2026-03-28_patinho,2026-03-28,patinho,26.02,26.02,43.06,0
2026-03-28_musculo_traseiro,2026-03-28,musculo_traseiro,15.59,15.59,20.8,0
2026-03-29_pescoco,2026-03-29,pescoco,9.79,9.79,10.57,0
2026-03-29_acem,2026-03-29,acem,32.71,29.83,29.83,1
2026-03-29_ponta_de_peito,2026-03-29,ponta_de_peito,10.75,10.75,12.36,0
2026-03-29_paleta,2026-03-29,paleta,14.59,14.59,23.54,0
2026-03-29_musculo_dianteiro,2026-03-29,musculo_dianteiro,13.87,13.87,18.94,0
2026-03-29_cupim,2026-03-29,cupim,10.57,10.57,12.56,0
2026-03-29_capa_file,2026-03-29,capa_file,10.7,10.7,11.2,0
2026-03-29_file_agulha,2026-03-29,file_agulha,11.18,11.18,15.26,0
2026-03-29_file_simples,2026-03-29,file_simples,12.91,12.91,14.31,0
2026-03-29_picanha,2026-03-29,picanha,15.52,13.35,13.35,1
2026-03-29_file_mignon,2026-03-29,file_mignon,8.42,8.42,9.22,0
2026-03-29_alcatra,2026-03-29,alcatra,20.87,20.87,23.59,0
2026-03-29_fraldinha,2026-03-29,fraldinha,18.32,18.32,18.73,0
2026-03-29_coxao_mole,2026-03-29,coxao_mole,33.05,25.82,25.82,1
2026-03-29_lagarto,2026-03-29,lagarto,13.12,13.12,18.25,0
2026-03-29_costelao,2026-03-29,costelao,21.38,21.38,29.79,0
2026-03-29_maminha,2026-03-29,maminha,14.74,14.74,19.37,0
2026-03-29_coxao_duro,2026-03-29,coxao_duro,14.81,14.81,19.87,0
2026-03-29_vazio,2026-03-29,vazio,11.53,11.43,11.43,1
2026-03-29_patinho,2026-03-29,patinho,27.15,27.15,33.75,0
2026-03-29_musculo_traseiro,2026-03-29,musculo_traseiro,13.87,13.87,16.16,0
2026-03-30_pescoco,2026-03-30,pescoco,4.74,4.74,9.54,0
2026-03-30_acem,2026-03-30,acem,17.15,17.15,30.41,0
2026-03-30_ponta_de_peito,2026-03-30,ponta_de_peito,7.72,7.72,8.18,0
2026-03-30_paleta,2026-03-30,paleta,11.6,11.6,16.36,0
2026-03-30_musculo_dianteiro,2026-03-30,musculo_dianteiro,10.96,10.84,10.84,1
2026-03-30_cupim,2026-03-30,cupim,5.94,5.94,8.88,0
2026-03-30_capa_file,2026-03-30,capa_file,6.74,6.74,8.13,0
2026-03-30_file_agulha,2026-03-30,file_agulha,7.18,7.18,10.72,0
2026-03-30_file_simples,2026-03-30,file_simples,9.6,9.6,11.67,0
2026-03-30_picanha,2026-03-30,picanha,9.74,9.74,12.53,0
2026-03-30_file_mignon,2026-03-30,file_mignon,6.79,6.79,7.39,0
2026-03-30_alcatra,2026-03-30,alcatra,18.51,18.15,18.15,1
2026-03-30_fraldinha,2026-03-30,fraldinha,10.43,10.43,15.69,0
2026-03-30_coxao_mole,2026-03-30,coxao_mole,15.73,15.73,18.99,0
2026-03-30_lagarto,2026-03-30,lagarto,9.96,9.96,11.48,0
2026-03-30_costelao,2026-03-30,costelao,18.16,15.45,15.45,1
2026-03-30_maminha,2026-03-30,maminha,12.02,12.02,13.52,0
2026-03-30_coxao_duro,2026-03-30,coxao_duro,11.21,11.21,13.65,0
2026-03-30_vazio,2026-03-30,vazio,8.06,8.06,8.97,0
2026-03-30_patinho,2026-03-30,patinho,18.84,18.84,20.2,0
2026-03-30_musculo_traseiro,2026-03-30,musculo_traseiro,10.74,10.74,11.43,0
2026-03-31_pescoco,2026-03-31,pescoco,6.68,6.68,7.77,0
2026-03-31_acem,2026-03-31,acem,31.52,26.39,26.39,1
2026-03-31_ponta_de_peito,2026-03-31,ponta_de_peito,8.36,8.36,9.6,0
2026-03-31_paleta,2026-03-31,paleta,13.53,13.53,15.61,0
2026-03-31_musculo_dianteiro,2026-03-31,musculo_dianteiro,10.05,10.05,14.19,0
2026-03-31_cupim,2026-03-31,cupim,8.66,8.66,8.83,0
2026-03-31_capa_file,2026-03-31,capa_file,9.25,9.25,10.93,0
2026-03-31_file_agulha,2026-03-31,file_agulha,8.89,8.89,13.12,0
2026-03-31_file_simples,2026-03-31,file_simples,11.94,11.55,11.55,1
2026-03-31_picanha,2026-03-31,picanha,8.28,8.28,12.14,0
2026-03-31_file_mignon,2026-03-31,file_mignon,8.39,8.25,8.25,1
2026-03-31_alcatra,2026-03-31,alcatra,16.08,16.08,20.97,0
2026-03-31_fraldinha,2026-03-31,fraldinha,10.43,10.43,12.12,0
2026-03-31_coxao_mole,2026-03-31,coxao_mole,18.35,18.35,24.14,0
2026-03-31_lagarto,2026-03-31,lagarto,12.1,11.6,11.6,1
2026-03-31_costelao,2026-03-31,costelao,13.72,13.72,16.97,0
2026-03-31_maminha,2026-03-31,maminha,8.64,8.64,12.59,0
2026-03-31_coxao_duro,2026-03-31,coxao_duro,17.45,12.54,12.54,1
2026-03-31_vazio,2026-03-31,vazio,7.64,7.64,9.83,0
2026-03-31_patinho,2026-03-31,patinho,20.11,20.11,25.27,0
2026-03-31_musculo_traseiro,2026-03-31,musculo_traseiro,16.24,14.12,14.12,1
2026-04-01_pescoco,2026-04-01,pescoco,8.38,8.38,9.09,0
2026-04-01_acem,2026-04-01,acem,20.87,20.87,28.18,0
2026-04-01_ponta_de_peito,2026-04-01,ponta_de_peito,10.43,10.43,11.43,0
2026-04-01_paleta,2026-04-01,paleta,15.24,15.24,16.93,0
2026-04-01_musculo_dianteiro,2026-04-01,musculo_dianteiro,11.03,11.03,16.79,0
2026-04-01_cupim,2026-04-01,cupim,8.99,8.99,10.68,0
2026-04-01_capa_file,2026-04-01,capa_file,8.67,8.67,11.5,0
2026-04-01_file_agulha,2026-04-01,file_agulha,9.77,9.77,12.6,0
2026-04-01_file_simples,2026-04-01,file_simples,13.1,12.57,12.57,1
2026-04-01_picanha,2026-04-01,picanha,10.26,10.26,11.45,0
2026-04-01_file_mignon,2026-04-01,file_mignon,6.64,6.64,8.35,0
2026-04-01_alcatra,2026-04-01,alcatra,19.98,19.98,24.16,0
2026-04-01_fraldinha,2026-04-01,fraldinha,12.36,12.36,12.85,0
2026-04-01_coxao_mole,2026-04-01,coxao_mole,16.95,16.95,23.23,0
2026-04-01_lagarto,2026-04-01,lagarto,12.9,12.9,15.94,0
2026-04-01_costelao,2026-04-01,costelao,16.49,16.49,17.32,0
2026-04-01_maminha,2026-04-01,maminha,12.1,12.1,14.09,0
2026-04-01_coxao_duro,2026-04-01,coxao_duro,13.99,13.99,17.13,0
2026-04-01_vazio,2026-04-01,vazio,8.36,8.36,12.04,0
2026-04-01_patinho,2026-04-01,patinho,23.68,23.68,23.97,0
2026-04-01_musculo_traseiro,2026-04-01,musculo_traseiro,11.46,11.46,14.4,0
2026-04-02_pescoco,2026-04-02,pescoco,7.58,7.58,9.91,0
2026-04-02_acem,2026-04-02,acem,26.63,26.63,30.4,0
2026-04-02_ponta_de_peito,2026-04-02,ponta_de_peito,9.77,9.77,13.37,0
2026-04-02_paleta,2026-04-02,paleta,17.15,17.15,20.66,0
2026-04-02_musculo_dianteiro,2026-04-02,musculo_dianteiro,13.06,13.06,15.98,0
2026-04-02_cupim,2026-04-02,cupim,9.61,9.61,12.89,0
2026-04-02_capa_file,2026-04-02,capa_file,9.15,9.15,9.77,0
2026-04-02_file_agulha,2026-04-02,file_agulha,11.78,11.78,13.89,0
2026-04-02_file_simples,2026-04-02,file_simples,10.07,10.07,13.26,0
2026-04-02_picanha,2026-04-02,picanha,10.12,10.12,16.68,0
2026-04-02_file_mignon,2026-04-02,file_mignon,7.33,7.33,9.54,0
2026-04-02_alcatra,2026-04-02,alcatra,16.74,16.74,20.4,0
2026-04-02_fraldinha,2026-04-02,fraldinha,11.5,11.5,16.57,0
2026-04-02_coxao_mole,2026-04-02,coxao_mole,20.64,20.64,26.94,0
2026-04-02_lagarto,2026-04-02,lagarto,15.18,15.18,15.36,0
2026-04-02_costelao,2026-04-02,costelao,18.0,18.0,23.11,0
2026-04-02_maminha,2026-04-02,maminha,12.09,12.09,15.4,0
2026-04-02_coxao_duro,2026-04-02,coxao_duro,13.49,13.49,15.58,0
2026-04-02_vazio,2026-04-02,vazio,9.11,9.11,12.7,0
2026-04-02_patinho,2026-04-02,patinho,19.19,19.19,26.97,0
2026-04-02_musculo_traseiro,2026-04-02,musculo_traseiro,10.16,10.16,15.85,0
2026-04-03_pescoco,2026-04-03,pescoco,6.86,6.86,12.96,0
2026-04-03_acem,2026-04-03,acem,22.98,22.98,40.22,0
2026-04-03_ponta_de_peito,2026-04-03,ponta_de_peito,9.78,9.78,16.33,0
2026-04-03_paleta,2026-04-03,paleta,20.49,20.49,25.98,0
2026-04-03_musculo_dianteiro,2026-04-03,musculo_dianteiro,18.52,18.52,20.63,0
2026-04-03_cupim,2026-04-03,cupim,8.96,8.96,12.68,0
2026-04-03_capa_file,2026-04-03,capa_file,8.38,8.38,13.88,0
2026-04-03_file_agulha,2026-04-03,file_agulha,9.85,9.85,18.05,0
2026-04-03_file_simples,2026-04-03,file_simples,9.21,9.21,16.49,0
2026-04-03_picanha,2026-04-03,picanha,11.45,11.45,16.29,0
2026-04-03_file_mignon,2026-04-03,file_mignon,6.21,6.21,9.06,0
2026-04-03_alcatra,2026-04-03,alcatra,19.09,19.09,26.75,0
2026-04-03_fraldinha,2026-04-03,fraldinha,17.16,17.16,19.38,0
2026-04-03_coxao_mole,2026-04-03,coxao_mole,19.35,19.35,32.94,0
2026-04-03_lagarto,2026-04-03,lagarto,10.78,10.78,17.94,0
2026-04-03_costelao,2026-04-03,costelao,16.64,16.64,24.94,0
2026-04-03_maminha,2026-04-03,maminha,14.1,14.1,18.77,0
2026-04-03_coxao_duro,2026-04-03,coxao_duro,13.97,13.97,20.75,0
2026-04-03_vazio,2026-04-03,vazio,11.06,11.06,14.23,0
2026-04-03_patinho,2026-04-03,patinho,23.16,23.16,30.3,0
2026-04-03_musculo_traseiro,2026-04-03,musculo_traseiro,10.49,10.49,17.99,0
2026-04-04_pescoco,2026-04-04,pescoco,15.68,14.36,14.36,1
2026-04-04_acem,2026-04-04,acem,58.65,49.87,49.87,1
2026-04-04_ponta_de_peito,2026-04-04,ponta_de_peito,15.95,15.95,18.72,0
2026-04-04_paleta,2026-04-04,paleta,19.73,19.73,25.16,0
2026-04-04_musculo_dianteiro,2026-04-04,musculo_dianteiro,20.64,18.84,18.84,1
2026-04-04_cupim,2026-04-04,cupim,16.71,13.97,13.97,1
2026-04-04_capa_file,2026-04-04,capa_file,18.67,16.97,16.97,1
2026-04-04_file_agulha,2026-04-04,file_agulha,14.42,14.42,17.16,0
2026-04-04_file_simples,2026-04-04,file_simples,19.05,19.05,21.22,0
2026-04-04_picanha,2026-04-04,picanha,18.91,17.45,17.45,1
2026-04-04_file_mignon,2026-04-04,file_mignon,11.48,11.48,13.35,0
2026-04-04_alcatra,2026-04-04,alcatra,25.63,25.63,33.26,0
2026-04-04_fraldinha,2026-04-04,fraldinha,24.93,24.53,24.53,1
2026-04-04_coxao_mole,2026-04-04,coxao_mole,39.67,37.99,37.99,1
2026-04-04_lagarto,2026-04-04,lagarto,18.57,17.31,17.31,1
2026-04-04_costelao,2026-04-04,costelao,30.35,30.35,32.02,0
2026-04-04_maminha,2026-04-04,maminha,21.47,21.47,22.4,0
2026-04-04_coxao_duro,2026-04-04,coxao_duro,22.89,22.89,23.31,0
2026-04-04_vazio,2026-04-04,vazio,18.77,18.77,20.51,0
2026-04-04_patinho,2026-04-04,patinho,32.86,32.86,40.83,0
2026-04-04_musculo_traseiro,2026-04-04,musculo_traseiro,16.35,16.35,20.33,0
2026-04-05_pescoco,2026-04-05,pescoco,8.76,8.76,10.68,0
2026-04-05_acem,2026-04-05,acem,29.34,29.34,37.5,0
2026-04-05_ponta_de_peito,2026-04-05,ponta_de_peito,10.91,10.91,14.14,0
2026-04-05_paleta,2026-04-05,paleta,15.26,15.26,21.33,0
2026-04-05_musculo_dianteiro,2026-04-05,musculo_dianteiro,11.66,11.66,20.55,0
2026-04-05_cupim,2026-04-05,cupim,12.5,12.5,12.79,0
2026-04-05_capa_file,2026-04-05,capa_file,11.54,11.54,12.85,0
2026-04-05_file_agulha,2026-04-05,file_agulha,11.75,11.75,15.65,0
2026-04-05_file_simples,2026-04-05,file_simples,14.21,14.21,16.66,0
2026-04-05_picanha,2026-04-05,picanha,13.71,13.71,18.61,0
2026-04-05_file_mignon,2026-04-05,file_mignon,8.11,8.11,10.53,0
2026-04-05_alcatra,2026-04-05,alcatra,19.01,19.01,25.82,0
2026-04-05_fraldinha,2026-04-05,fraldinha,13.66,13.66,14.08,0
2026-04-05_coxao_mole,2026-04-05,coxao_mole,20.61,20.61,29.04,0
2026-04-05_lagarto,2026-04-05,lagarto,15.05,15.05,18.12,0
2026-04-05_costelao,2026-04-05,costelao,26.73,26.18,26.18,1
2026-04-05_maminha,2026-04-05,maminha,14.14,14.14,15.69,0
2026-04-05_coxao_duro,2026-04-05,coxao_duro,16.94,16.94,18.95,0
2026-04-05_vazio,2026-04-05,vazio,13.05,12.92,12.92,1
2026-04-05_patinho,2026-04-05,patinho,25.32,25.32,25.73,0
2026-04-05_musculo_traseiro,2026-04-05,musculo_traseiro,12.48,12.48,16.39,0
2026-04-06_pescoco,2026-04-06,pescoco,7.18,7.18,8.66,0
2026-04-06_acem,2026-04-06,acem,19.88,19.88,29.18,0
2026-04-06_ponta_de_peito,2026-04-06,ponta_de_peito,9.47,7.82,7.82,1
2026-04-06_paleta,2026-04-06,paleta,12.65,12.65,14.94,0
2026-04-06_musculo_dianteiro,2026-04-06,musculo_dianteiro,12.64,12.64,12.91,0
2026-04-06_cupim,2026-04-06,cupim,6.63,6.63,9.32,0
2026-04-06_capa_file,2026-04-06,capa_file,7.75,7.51,7.51,1
2026-04-06_file_agulha,2026-04-06,file_agulha,9.99,9.99,10.29,0
2026-04-06_file_simples,2026-04-06,file_simples,10.06,10.06,13.88,0
2026-04-06_picanha,2026-04-06,picanha,8.77,8.77,10.9,0
2026-04-06_file_mignon,2026-04-06,file_mignon,5.7,5.7,6.34,0
2026-04-06_alcatra,2026-04-06,alcatra,19.58,19.58,21.51,0
2026-04-06_fraldinha,2026-04-06,fraldinha,12.05,12.05,13.45,0
2026-04-06_coxao_mole,2026-04-06,coxao_mole,14.41,14.41,23.61,0
2026-04-06_lagarto,2026-04-06,lagarto,10.4,10.4,12.06,0
2026-04-06_costelao,2026-04-06,costelao,15.61,15.61,23.82,0
2026-04-06_maminha,2026-04-06,maminha,9.78,9.78,14.2,0
2026-04-06_coxao_duro,2026-04-06,coxao_duro,10.76,10.76,15.87,0
2026-04-06_vazio,2026-04-06,vazio,8.78,8.78,10.12,0
2026-04-06_patinho,2026-04-06,patinho,18.82,18.82,19.63,0
2026-04-06_musculo_traseiro,2026-04-06,musculo_traseiro,9.87,9.87,13.63,0
2026-04-07_pescoco,2026-04-07,pescoco,12.07,7.28,7.28,1
2026-04-07_acem,2026-04-07,acem,23.15,23.15,30.9,0
2026-04-07_ponta_de_peito,2026-04-07,ponta_de_peito,10.67,10.18,10.18,1
2026-04-07_paleta,2026-04-07,paleta,15.37,15.37,17.57,0
2026-04-07_musculo_dianteiro,2026-04-07,musculo_dianteiro,12.91,12.91,14.1,0
2026-04-07_cupim,2026-04-07,cupim,9.81,9.81,10.0,0
2026-04-07_capa_file,2026-04-07,capa_file,9.28,8.46,8.46,1
2026-04-07_file_agulha,2026-04-07,file_agulha,9.17,9.17,11.26,0
2026-04-07_file_simples,2026-04-07,file_simples,10.22,10.22,13.01,0
2026-04-07_picanha,2026-04-07,picanha,9.5,9.5,11.85,0
2026-04-07_file_mignon,2026-04-07,file_mignon,6.43,6.43,7.81,0
2026-04-07_alcatra,2026-04-07,alcatra,16.33,16.33,17.66,0
2026-04-07_fraldinha,2026-04-07,fraldinha,9.86,9.86,12.47,0
2026-04-07_coxao_mole,2026-04-07,coxao_mole,16.67,16.67,24.18,0
2026-04-07_lagarto,2026-04-07,lagarto,10.46,10.46,15.09,0
2026-04-07_costelao,2026-04-07,costelao,18.68,18.68,18.86,0
2026-04-07_maminha,2026-04-07,maminha,10.4,10.4,13.45,0
2026-04-07_coxao_duro,2026-04-07,coxao_duro,11.46,11.46,14.08,0
2026-04-07_vazio,2026-04-07,vazio,8.1,8.1,11.28,0
2026-04-07_patinho,2026-04-07,patinho,20.71,20.71,23.35,0
2026-04-07_musculo_traseiro,2026-04-07,musculo_traseiro,10.89,10.89,11.09,0
2026-04-08_pescoco,2026-04-08,pescoco,7.03,7.03,7.22,0
2026-04-08_acem,2026-04-08,acem,22.19,22.19,27.89,0
2026-04-08_ponta_de_peito,2026-04-08,ponta_de_peito,9.62,9.62,12.69,0
2026-04-08_paleta,2026-04-08,paleta,13.47,13.47,19.62,0
2026-04-08_musculo_dianteiro,2026-04-08,musculo_dianteiro,10.49,10.49,18.27,0
2026-04-08_cupim,2026-04-08,cupim,10.69,10.69,11.54,0
2026-04-08_capa_file,2026-04-08,capa_file,6.76,6.76,11.84,0
2026-04-08_file_agulha,2026-04-08,file_agulha,10.37,10.37,12.85,0
2026-04-08_file_simples,2026-04-08,file_simples,14.05,14.05,15.55,0
2026-04-08_picanha,2026-04-08,picanha,10.2,10.2,12.31,0
2026-04-08_file_mignon,2026-04-08,file_mignon,6.74,6.74,7.26,0
2026-04-08_alcatra,2026-04-08,alcatra,16.32,16.32,20.34,0
2026-04-08_fraldinha,2026-04-08,fraldinha,12.14,12.14,15.44,0
2026-04-08_coxao_mole,2026-04-08,coxao_mole,16.86,16.86,22.77,0
2026-04-08_lagarto,2026-04-08,lagarto,11.63,11.63,14.14,0
2026-04-08_costelao,2026-04-08,costelao,16.74,16.74,22.49,0
2026-04-08_maminha,2026-04-08,maminha,15.95,12.75,12.75,1
2026-04-08_coxao_duro,2026-04-08,coxao_duro,11.85,11.85,15.96,0
2026-04-08_vazio,2026-04-08,vazio,11.13,10.78,10.78,1
2026-04-08_patinho,2026-04-08,patinho,21.17,21.17,30.34,0
2026-04-08_musculo_traseiro,2026-04-08,musculo_traseiro,10.83,10.83,11.63,0
2026-04-09_pescoco,2026-04-09,pescoco,7.2,7.2,10.26,0
2026-04-09_acem,2026-04-09,acem,24.38,24.38,28.61,0
2026-04-09_ponta_de_peito,2026-04-09,ponta_de_peito,9.72,9.72,11.97,0
2026-04-09_paleta,2026-04-09,paleta,15.81,15.81,21.98,0
2026-04-09_musculo_dianteiro,2026-04-09,musculo_dianteiro,13.99,13.99,14.8,0
2026-04-09_cupim,2026-04-09,cupim,9.33,9.33,12.24,0
2026-04-09_capa_file,2026-04-09,capa_file,9.21,9.21,12.65,0
2026-04-09_file_agulha,2026-04-09,file_agulha,9.89,9.89,15.52,0
2026-04-09_file_simples,2026-04-09,file_simples,10.75,10.75,16.45,0
2026-04-09_picanha,2026-04-09,picanha,10.54,10.54,14.0,0
2026-04-09_file_mignon,2026-04-09,file_mignon,6.46,6.46,9.12,0
2026-04-09_alcatra,2026-04-09,alcatra,17.36,17.36,24.4,0
2026-04-09_fraldinha,2026-04-09,fraldinha,16.51,15.98,15.98,1
2026-04-09_coxao_mole,2026-04-09,coxao_mole,19.02,19.02,21.25,0
2026-04-09_lagarto,2026-04-09,lagarto,11.65,11.65,14.05,0
2026-04-09_costelao,2026-04-09,costelao,21.63,21.63,24.9,0
2026-04-09_maminha,2026-04-09,maminha,12.63,12.63,16.48,0
2026-04-09_coxao_duro,2026-04-09,coxao_duro,15.21,15.21,17.56,0
2026-04-09_vazio,2026-04-09,vazio,7.16,7.16,12.4,0
2026-04-09_patinho,2026-04-09,patinho,20.51,20.51,29.06,0
2026-04-09_musculo_traseiro,2026-04-09,musculo_traseiro,11.05,11.05,13.76,0
2026-04-10_pescoco,2026-04-10,pescoco,10.82,10.82,13.64,0
2026-04-10_acem,2026-04-10,acem,32.89,32.24,32.24,1
2026-04-10_ponta_de_peito,2026-04-10,ponta_de_peito,14.66,12.65,12.65,1
2026-04-10_paleta,2026-04-10,paleta,16.43,16.43,25.02,0
2026-04-10_musculo_dianteiro,2026-04-10,musculo_dianteiro,14.35,14.35,20.89,0
2026-04-10_cupim,2026-04-10,cupim,12.53,12.53,13.39,0
2026-04-10_capa_file,2026-04-10,capa_file,11.54,11.54,12.33,0
2026-04-10_file_agulha,2026-04-10,file_agulha,13.44,13.44,17.26,0
2026-04-10_file_simples,2026-04-10,file_simples,13.09,13.09,17.8,0
2026-04-10_picanha,2026-04-10,picanha,14.71,14.61,14.61,1
2026-04-10_file_mignon,2026-04-10,file_mignon,8.32,8.32,8.8,0
2026-04-10_alcatra,2026-04-10,alcatra,24.5,24.5,24.99,0
2026-04-10_fraldinha,2026-04-10,fraldinha,20.6,16.38,16.38,1
2026-04-10_coxao_mole,2026-04-10,coxao_mole,25.67,25.67,28.65,0
2026-04-10_lagarto,2026-04-10,lagarto,17.23,17.23,19.24,0
2026-04-10_costelao,2026-04-10,costelao,30.76,23.22,23.22,1
2026-04-10_maminha,2026-04-10,maminha,15.08,15.08,19.7,0
2026-04-10_coxao_duro,2026-04-10,coxao_duro,16.12,16.12,19.74,0
2026-04-10_vazio,2026-04-10,vazio,11.84,11.84,13.64,0
2026-04-10_patinho,2026-04-10,patinho,22.74,22.74,29.93,0
2026-04-10_musculo_traseiro,2026-04-10,musculo_traseiro,15.74,15.74,16.73,0
2026-04-11_pescoco,2026-04-11,pescoco,11.68,11.68,14.7,0
2026-04-11_acem,2026-04-11,acem,40.14,40.14,44.45,0
2026-04-11_ponta_de_peito,2026-04-11,ponta_de_peito,14.99,14.99,19.27,0
2026-04-11_paleta,2026-04-11,paleta,21.77,21.77,28.57,0
2026-04-11_musculo_dianteiro,2026-04-11,musculo_dianteiro,19.68,19.68,20.01,0
2026-04-11_cupim,2026-04-11,cupim,17.74,17.72,17.72,1
2026-04-11_capa_file,2026-04-11,capa_file,14.37,14.37,15.8,0
2026-04-11_file_agulha,2026-04-11,file_agulha,21.71,21.71,21.84,0
2026-04-11_file_simples,2026-04-11,file_simples,17.24,17.24,22.37,0
2026-04-11_picanha,2026-04-11,picanha,23.27,17.97,17.97,1
2026-04-11_file_mignon,2026-04-11,file_mignon,10.92,10.92,11.31,0
2026-04-11_alcatra,2026-04-11,alcatra,34.29,34.29,34.77,0
2026-04-11_fraldinha,2026-04-11,fraldinha,24.43,24.35,24.35,1
2026-04-11_coxao_mole,2026-04-11,coxao_mole,28.29,28.29,33.4,0
2026-04-11_lagarto,2026-04-11,lagarto,16.53,16.53,18.94,0
2026-04-11_costelao,2026-04-11,costelao,38.48,33.03,33.03,1
2026-04-11_maminha,2026-04-11,maminha,21.21,21.21,21.77,0
2026-04-11_coxao_duro,2026-04-11,coxao_duro,18.91,18.91,26.61,0
2026-04-11_vazio,2026-04-11,vazio,17.13,17.13,17.77,0
2026-04-11_patinho,2026-04-11,patinho,28.01,28.01,36.94,0
2026-04-11_musculo_traseiro,2026-04-11,musculo_traseiro,18.18,18.18,21.13,0
2026-04-12_pescoco,2026-04-12,pescoco,8.63,8.63,10.05,0
2026-04-12_acem,2026-04-12,acem,28.98,28.98,45.86,0
2026-04-12_ponta_de_peito,2026-04-12,ponta_de_peito,10.3,10.3,12.74,0
2026-04-12_paleta,2026-04-12,paleta,15.94,15.94,19.91,0
2026-04-12_musculo_dianteiro,2026-04-12,musculo_dianteiro,12.85,12.85,19.4,0
2026-04-12_cupim,2026-04-12,cupim,10.59,10.59,12.85,0
2026-04-12_capa_file,2026-04-12,capa_file,11.63,10.96,10.96,1
2026-04-12_file_agulha,2026-04-12,file_agulha,12.57,12.57,13.54,0
2026-04-12_file_simples,2026-04-12,file_simples,12.14,12.14,17.66,0
2026-04-12_picanha,2026-04-12,picanha,15.01,14.08,14.08,1
2026-04-12_file_mignon,2026-04-12,file_mignon,6.68,6.68,9.62,0
2026-04-12_alcatra,2026-04-12,alcatra,22.78,22.78,23.13,0
2026-04-12_fraldinha,2026-04-12,fraldinha,17.5,17.5,17.66,0
2026-04-12_coxao_mole,2026-04-12,coxao_mole,21.24,21.24,31.05,0
2026-04-12_lagarto,2026-04-12,lagarto,15.71,15.32,15.32,1
2026-04-12_costelao,2026-04-12,costelao,24.11,24.11,24.85,0
2026-04-12_maminha,2026-04-12,maminha,13.95,13.95,17.38,0
2026-04-12_coxao_duro,2026-04-12,coxao_duro,12.95,12.95,15.69,0
2026-04-12_vazio,2026-04-12,vazio,11.02,11.02,14.27,0
2026-04-12_patinho,2026-04-12,patinho,31.26,30.34,30.34,1
2026-04-12_musculo_traseiro,2026-04-12,musculo_traseiro,11.29,11.29,16.75,0
2026-04-13_pescoco,2026-04-13,pescoco,6.28,6.28,7.36,0
2026-04-13_acem,2026-04-13,acem,21.36,21.36,21.89,0
2026-04-13_ponta_de_peito,2026-04-13,ponta_de_peito,8.61,8.61,8.62,0
2026-04-13_paleta,2026-04-13,paleta,13.04,13.04,15.97,0
2026-04-13_musculo_dianteiro,2026-04-13,musculo_dianteiro,8.81,8.81,14.56,0
2026-04-13_cupim,2026-04-13,cupim,10.99,9.08,9.08,1
2026-04-13_capa_file,2026-04-13,capa_file,7.55,7.55,9.21,0
2026-04-13_file_agulha,2026-04-13,file_agulha,9.28,8.56,8.56,1
2026-04-13_file_simples,2026-04-13,file_simples,8.94,8.94,12.22,0
2026-04-13_picanha,2026-04-13,picanha,7.69,7.69,10.39,0
2026-04-13_file_mignon,2026-04-13,file_mignon,4.86,4.86,7.54,0
2026-04-13_alcatra,2026-04-13,alcatra,15.8,15.8,19.35,0
2026-04-13_fraldinha,2026-04-13,fraldinha,8.56,8.56,15.41,0
2026-04-13_coxao_mole,2026-04-13,coxao_mole,16.74,16.74,18.86,0
2026-04-13_lagarto,2026-04-13,lagarto,9.02,9.02,12.64,0
2026-04-13_costelao,2026-04-13,costelao,13.77,13.77,20.15,0
2026-04-13_maminha,2026-04-13,maminha,10.64,10.64,11.3,0
2026-04-13_coxao_duro,2026-04-13,coxao_duro,8.64,8.64,15.5,0
2026-04-13_vazio,2026-04-13,vazio,8.94,8.94,9.51,0
2026-04-13_patinho,2026-04-13,patinho,22.18,22.18,24.25,0
2026-04-13_musculo_traseiro,2026-04-13,musculo_traseiro,9.26,9.26,11.31,0
2026-04-14_pescoco,2026-04-14,pescoco,7.88,7.88,8.7,0
2026-04-14_acem,2026-04-14,acem,24.78,24.78,27.0,0
2026-04-14_ponta_de_peito,2026-04-14,ponta_de_peito,9.57,9.57,10.55,0
2026-04-14_paleta,2026-04-14,paleta,13.52,13.52,18.18,0
2026-04-14_musculo_dianteiro,2026-04-14,musculo_dianteiro,10.24,10.24,13.99,0
2026-04-14_cupim,2026-04-14,cupim,7.03,7.03,9.52,0
2026-04-14_capa_file,2026-04-14,capa_file,9.41,9.41,10.43,0
2026-04-14_file_agulha,2026-04-14,file_agulha,8.57,8.57,11.64,0
2026-04-14_file_simples,2026-04-14,file_simples,10.09,10.09,16.66,0
2026-04-14_picanha,2026-04-14,picanha,10.79,10.79,12.77,0
2026-04-14_file_mignon,2026-04-14,file_mignon,6.19,6.19,7.04,0
2026-04-14_alcatra,2026-04-14,alcatra,17.1,17.1,21.89,0
2026-04-14_fraldinha,2026-04-14,fraldinha,12.65,12.65,15.52,0
2026-04-14_coxao_mole,2026-04-14,coxao_mole,21.87,21.5,21.5,1
2026-04-14_lagarto,2026-04-14,lagarto,11.62,11.62,11.96,0
2026-04-14_costelao,2026-04-14,costelao,18.74,16.53,16.53,1
2026-04-14_maminha,2026-04-14,maminha,12.88,12.88,13.55,0
2026-04-14_coxao_duro,2026-04-14,coxao_duro,13.19,13.19,16.04,0
2026-04-14_vazio,2026-04-14,vazio,7.4,7.4,10.41,0
2026-04-14_patinho,2026-04-14,patinho,20.05,20.05,27.84,0
2026-04-14_musculo_traseiro,2026-04-14,musculo_traseiro,9.21,9.21,12.81,0
2026-04-15_pescoco,2026-04-15,pescoco,8.81,8.81,10.09,0
2026-04-15_acem,2026-04-15,acem,27.08,27.08,31.19,0
2026-04-15_ponta_de_peito,2026-04-15,ponta_de_peito,9.14,9.14,12.62,0
2026-04-15_paleta,2026-04-15,paleta,20.06,16.81,16.81,1
2026-04-15_musculo_dianteiro,2026-04-15,musculo_dianteiro,12.24,12.24,14.89,0
2026-04-15_cupim,2026-04-15,cupim,8.28,8.28,9.18,0
2026-04-15_capa_file,2026-04-15,capa_file,9.34,9.34,9.4,0
2026-04-15_file_agulha,2026-04-15,file_agulha,10.33,10.33,15.04,0
2026-04-15_file_simples,2026-04-15,file_simples,11.04,11.04,12.75,0
2026-04-15_picanha,2026-04-15,picanha,9.76,9.76,13.49,0
2026-04-15_file_mignon,2026-04-15,file_mignon,7.42,7.42,8.38,0
2026-04-15_alcatra,2026-04-15,alcatra,14.37,14.37,18.41,0
2026-04-15_fraldinha,2026-04-15,fraldinha,11.4,11.4,13.9,0
2026-04-15_coxao_mole,2026-04-15,coxao_mole,18.83,18.83,26.76,0
2026-04-15_lagarto,2026-04-15,lagarto,11.86,11.86,15.81,0
2026-04-15_costelao,2026-04-15,costelao,15.5,15.5,25.49,0
2026-04-15_maminha,2026-04-15,maminha,11.37,11.37,16.58,0
2026-04-15_coxao_duro,2026-04-15,coxao_duro,13.93,13.93,14.08,0
2026-04-15_vazio,2026-04-15,vazio,11.77,11.77,12.31,0
2026-04-15_patinho,2026-04-15,patinho,22.53,22.53,29.25,0
2026-04-15_musculo_traseiro,2026-04-15,musculo_traseiro,10.95,10.95,14.07,0
2026-04-16_pescoco,2026-04-16,pescoco,9.83,9.36,9.36,1
2026-04-16_acem,2026-04-16,acem,34.01,32.02,32.02,1
2026-04-16_ponta_de_peito,2026-04-16,ponta_de_peito,11.38,10.11,10.11,1
2026-04-16_paleta,2026-04-16,paleta,16.7,16.7,21.15,0
2026-04-16_musculo_dianteiro,2026-04-16,musculo_dianteiro,13.54,13.54,17.67,0
2026-04-16_cupim,2026-04-16,cupim,9.94,9.94,12.01,0
2026-04-16_capa_file,2026-04-16,capa_file,9.18,9.18,11.48,0
2026-04-16_file_agulha,2026-04-16,file_agulha,11.87,11.87,16.01,0
2026-04-16_file_simples,2026-04-16,file_simples,12.55,12.55,16.85,0
2026-04-16_picanha,2026-04-16,picanha,16.12,15.24,15.24,1
2026-04-16_file_mignon,2026-04-16,file_mignon,6.85,6.85,7.57,0
2026-04-16_alcatra,2026-04-16,alcatra,18.49,18.49,22.88,0
2026-04-16_fraldinha,2026-04-16,fraldinha,14.64,14.64,17.13,0
2026-04-16_coxao_mole,2026-04-16,coxao_mole,22.19,22.19,25.0,0
2026-04-16_lagarto,2026-04-16,lagarto,10.6,10.6,14.42,0
2026-04-16_costelao,2026-04-16,costelao,19.31,19.31,25.91,0
2026-04-16_maminha,2026-04-16,maminha,11.41,11.41,14.99,0
2026-04-16_coxao_duro,2026-04-16,coxao_duro,13.02,13.02,16.44,0
2026-04-16_vazio,2026-04-16,vazio,8.81,8.81,12.67,0
2026-04-16_patinho,2026-04-16,patinho,23.87,23.87,25.45,0
2026-04-16_musculo_traseiro,2026-04-16,musculo_traseiro,10.96,10.96,14.97,0
2026-04-17_pescoco,2026-04-17,pescoco,10.03,10.03,11.13,0
2026-04-17_acem,2026-04-17,acem,40.75,39.34,39.34,1
2026-04-17_ponta_de_peito,2026-04-17,ponta_de_peito,10.66,10.66,15.86,0
2026-04-17_paleta,2026-04-17,paleta,18.15,18.15,23.48,0
2026-04-17_musculo_dianteiro,2026-04-17,musculo_dianteiro,13.01,13.01,19.92,0
2026-04-17_cupim,2026-04-17,cupim,11.91,11.91,14.6,0
2026-04-17_capa_file,2026-04-17,capa_file,13.22,12.63,12.63,1
2026-04-17_file_agulha,2026-04-17,file_agulha,10.86,10.86,15.4,0
2026-04-17_file_simples,2026-04-17,file_simples,15.68,14.66,14.66,1
2026-04-17_picanha,2026-04-17,picanha,14.98,14.98,17.45,0
2026-04-17_file_mignon,2026-04-17,file_mignon,9.6,9.6,10.7,0
2026-04-17_alcatra,2026-04-17,alcatra,23.59,23.59,32.61,0
2026-04-17_fraldinha,2026-04-17,fraldinha,16.73,16.73,20.21,0
2026-04-17_coxao_mole,2026-04-17,coxao_mole,17.09,17.09,27.9,0
2026-04-17_lagarto,2026-04-17,lagarto,15.12,15.12,21.24,0
2026-04-17_costelao,2026-04-17,costelao,22.2,22.2,28.46,0
2026-04-17_maminha,2026-04-17,maminha,17.68,17.68,19.03,0
2026-04-17_coxao_duro,2026-04-17,coxao_duro,17.83,17.83,23.28,0
2026-04-17_vazio,2026-04-17,vazio,12.08,12.08,15.08,0
2026-04-17_patinho,2026-04-17,patinho,26.72,26.72,33.22,0
2026-04-17_musculo_traseiro,2026-04-17,musculo_traseiro,20.07,16.79,16.79,1
2026-04-18_pescoco,2026-04-18,pescoco,10.7,10.7,12.48,0
2026-04-18_acem,2026-04-18,acem,37.67,37.67,41.81,0
2026-04-18_ponta_de_peito,2026-04-18,ponta_de_peito,16.44,16.44,17.09,0
2026-04-18_paleta,2026-04-18,paleta,20.64,20.64,29.75,0
2026-04-18_musculo_dianteiro,2026-04-18,musculo_dianteiro,16.56,16.56,23.39,0
2026-04-18_cupim,2026-04-18,cupim,16.97,14.01,14.01,1
2026-04-18_capa_file,2026-04-18,capa_file,16.28,13.77,13.77,1
2026-04-18_file_agulha,2026-04-18,file_agulha,17.72,16.96,16.96,1
2026-04-18_file_simples,2026-04-18,file_simples,17.19,17.19,21.25,0
2026-04-18_picanha,2026-04-18,picanha,19.41,19.41,22.22,0
2026-04-18_file_mignon,2026-04-18,file_mignon,9.9,9.9,11.1,0
2026-04-18_alcatra,2026-04-18,alcatra,30.24,30.24,34.1,0
2026-04-18_fraldinha,2026-04-18,fraldinha,23.6,20.96,20.96,1
2026-04-18_coxao_mole,2026-04-18,coxao_mole,26.93,26.93,39.68,0
2026-04-18_lagarto,2026-04-18,lagarto,15.5,15.5,22.18,0
2026-04-18_costelao,2026-04-18,costelao,32.44,32.44,34.38,0
2026-04-18_maminha,2026-04-18,maminha,22.4,22.4,24.58,0
2026-04-18_coxao_duro,2026-04-18,coxao_duro,21.13,21.13,23.05,0
2026-04-18_vazio,2026-04-18,vazio,15.58,15.58,17.6,0
2026-04-18_patinho,2026-04-18,patinho,30.0,30.0,41.64,0
2026-04-18_musculo_traseiro,2026-04-18,musculo_traseiro,17.33,17.33,21.51,0
2026-04-19_pescoco,2026-04-19,pescoco,9.85,9.69,9.69,1
2026-04-19_acem,2026-04-19,acem,25.71,25.71,41.19,0
2026-04-19_ponta_de_peito,2026-04-19,ponta_de_peito,11.3,11.3,14.22,0
2026-04-19_paleta,2026-04-19,paleta,22.67,22.67,22.83,0
2026-04-19_musculo_dianteiro,2026-04-19,musculo_dianteiro,17.38,17.38,18.2,0
2026-04-19_cupim,2026-04-19,cupim,10.44,10.44,12.46,0
2026-04-19_capa_file,2026-04-19,capa_file,11.68,11.68,13.55,0
2026-04-19_file_agulha,2026-04-19,file_agulha,13.76,13.45,13.45,1
2026-04-19_file_simples,2026-04-19,file_simples,11.01,11.01,15.43,0
2026-04-19_picanha,2026-04-19,picanha,12.91,12.91,14.61,0
2026-04-19_file_mignon,2026-04-19,file_mignon,7.26,7.26,9.79,0
2026-04-19_alcatra,2026-04-19,alcatra,20.96,20.96,23.16,0
2026-04-19_fraldinha,2026-04-19,fraldinha,15.14,15.14,17.17,0
2026-04-19_coxao_mole,2026-04-19,coxao_mole,18.68,18.68,26.0,0
2026-04-19_lagarto,2026-04-19,lagarto,13.96,13.17,13.17,1
2026-04-19_costelao,2026-04-19,costelao,23.85,23.61,23.61,1
2026-04-19_maminha,2026-04-19,maminha,14.38,14.38,17.29,0
2026-04-19_coxao_duro,2026-04-19,coxao_duro,14.22,14.22,19.02,0
2026-04-19_vazio,2026-04-19,vazio,13.12,12.7,12.7,1
2026-04-19_patinho,2026-04-19,patinho,27.72,27.72,36.37,0
2026-04-19_musculo_traseiro,2026-04-19,musculo_traseiro,13.17,13.17,16.55,0
2026-04-20_pescoco,2026-04-20,pescoco,5.8,5.8,6.34,0
2026-04-20_acem,2026-04-20,acem,25.89,25.89,31.0,0
2026-04-20_ponta_de_peito,2026-04-20,ponta_de_peito,6.48,6.48,11.38,0
2026-04-20_paleta,2026-04-20,paleta,14.26,14.26,15.08,0
2026-04-20_musculo_dianteiro,2026-04-20,musculo_dianteiro,10.63,10.63,14.75,0
2026-04-20_cupim,2026-04-20,cupim,7.29,7.29,8.74,0
2026-04-20_capa_file,2026-04-20,capa_file,9.9,9.9,9.97,0
2026-04-20_file_agulha,2026-04-20,file_agulha,8.19,8.19,11.97,0
2026-04-20_file_simples,2026-04-20,file_simples,9.32,9.32,10.87,0
2026-04-20_picanha,2026-04-20,picanha,10.62,10.62,12.88,0
2026-04-20_file_mignon,2026-04-20,file_mignon,5.9,5.9,6.95,0
2026-04-20_alcatra,2026-04-20,alcatra,15.19,15.19,18.22,0
2026-04-20_fraldinha,2026-04-20,fraldinha,11.11,11.11,15.1,0
2026-04-20_coxao_mole,2026-04-20,coxao_mole,14.21,14.21,17.45,0
2026-04-20_lagarto,2026-04-20,lagarto,9.91,9.91,12.68,0
2026-04-20_costelao,2026-04-20,costelao,14.15,14.15,15.87,0
2026-04-20_maminha,2026-04-20,maminha,8.66,8.66,12.56,0
2026-04-20_coxao_duro,2026-04-20,coxao_duro,13.75,13.75,13.8,0
2026-04-20_vazio,2026-04-20,vazio,7.77,7.77,10.03,0
2026-04-20_patinho,2026-04-20,patinho,19.26,18.08,18.08,1
2026-04-20_musculo_traseiro,2026-04-20,musculo_traseiro,9.49,9.49,10.14,0
2026-04-21_pescoco,2026-04-21,pescoco,8.71,7.04,7.04,1
2026-04-21_acem,2026-04-21,acem,23.07,23.07,28.88,0
2026-04-21_ponta_de_peito,2026-04-21,ponta_de_peito,10.5,10.5,13.19,0
2026-04-21_paleta,2026-04-21,paleta,13.62,13.62,18.2,0
2026-04-21_musculo_dianteiro,2026-04-21,musculo_dianteiro,11.71,11.71,13.66,0
2026-04-21_cupim,2026-04-21,cupim,8.69,8.69,10.02,0
2026-04-21_capa_file,2026-04-21,capa_file,8.64,8.64,10.52,0
2026-04-21_file_agulha,2026-04-21,file_agulha,15.68,12.37,12.37,1
2026-04-21_file_simples,2026-04-21,file_simples,13.88,11.99,11.99,1
2026-04-21_picanha,2026-04-21,picanha,10.13,10.13,13.51,0
2026-04-21_file_mignon,2026-04-21,file_mignon,6.81,6.81,7.54,0
2026-04-21_alcatra,2026-04-21,alcatra,16.42,16.42,18.85,0
2026-04-21_fraldinha,2026-04-21,fraldinha,13.99,13.58,13.58,1
2026-04-21_coxao_mole,2026-04-21,coxao_mole,20.88,20.88,25.32,0
2026-04-21_lagarto,2026-04-21,lagarto,11.28,11.28,11.48,0
2026-04-21_costelao,2026-04-21,costelao,20.41,20.41,22.64,0
2026-04-21_maminha,2026-04-21,maminha,10.77,10.77,13.39,0
2026-04-21_coxao_duro,2026-04-21,coxao_duro,13.69,13.69,14.14,0
2026-04-21_vazio,2026-04-21,vazio,9.98,9.98,13.75,0
2026-04-21_patinho,2026-04-21,patinho,19.63,19.63,22.99,0
2026-04-21_musculo_traseiro,2026-04-21,musculo_traseiro,11.31,11.31,11.82,0
2026-04-22_pescoco,2026-04-22,pescoco,6.9,6.9,7.79,0
2026-04-22_acem,2026-04-22,acem,25.22,25.22,29.4,0
2026-04-22_ponta_de_peito,2026-04-22,ponta_de_peito,10.5,10.5,12.21,0
2026-04-22_paleta,2026-04-22,paleta,19.98,19.98,20.79,0
2026-04-22_musculo_dianteiro,2026-04-22,musculo_dianteiro,11.62,11.62,16.15,0
2026-04-22_cupim,2026-04-22,cupim,8.49,8.49,9.42,0
2026-04-22_capa_file,2026-04-22,capa_file,9.48,9.48,10.95,0
2026-04-22_file_agulha,2026-04-22,file_agulha,9.48,9.48,14.12,0
2026-04-22_file_simples,2026-04-22,file_simples,11.76,11.76,11.96,0
2026-04-22_picanha,2026-04-22,picanha,11.33,11.14,11.14,1
2026-04-22_file_mignon,2026-04-22,file_mignon,6.66,6.66,9.23,0
2026-04-22_alcatra,2026-04-22,alcatra,18.59,18.56,18.56,1
2026-04-22_fraldinha,2026-04-22,fraldinha,13.47,13.47,14.18,0
2026-04-22_coxao_mole,2026-04-22,coxao_mole,18.97,18.97,23.72,0
2026-04-22_lagarto,2026-04-22,lagarto,10.56,10.56,12.16,0
2026-04-22_costelao,2026-04-22,costelao,17.17,17.17,24.84,0
2026-04-22_maminha,2026-04-22,maminha,10.14,10.14,16.62,0
2026-04-22_coxao_duro,2026-04-22,coxao_duro,12.97,12.97,15.47,0
2026-04-22_vazio,2026-04-22,vazio,10.09,10.09,11.69,0
2026-04-22_patinho,2026-04-22,patinho,18.91,18.91,28.94,0
2026-04-22_musculo_traseiro,2026-04-22,musculo_traseiro,11.14,11.14,14.31,0
2026-04-23_pescoco,2026-04-23,pescoco,7.51,7.51,9.65,0
2026-04-23_acem,2026-04-23,acem,25.56,25.56,35.93,0
2026-04-23_ponta_de_peito,2026-04-23,ponta_de_peito,12.06,12.06,12.6,0
2026-04-23_paleta,2026-04-23,paleta,17.46,17.46,20.96,0
2026-04-23_musculo_dianteiro,2026-04-23,musculo_dianteiro,12.81,12.81,15.03,0
2026-04-23_cupim,2026-04-23,cupim,9.27,9.27,11.67,0
2026-04-23_capa_file,2026-04-23,capa_file,7.09,7.09,11.99,0
2026-04-23_file_agulha,2026-04-23,file_agulha,11.8,11.8,15.33,0
2026-04-23_file_simples,2026-04-23,file_simples,11.31,11.31,12.01,0
2026-04-23_picanha,2026-04-23,picanha,11.46,11.46,15.22,0
2026-04-23_file_mignon,2026-04-23,file_mignon,6.6,6.6,8.38,0
2026-04-23_alcatra,2026-04-23,alcatra,16.62,16.62,16.84,0
2026-04-23_fraldinha,2026-04-23,fraldinha,13.93,13.93,16.39,0
2026-04-23_coxao_mole,2026-04-23,coxao_mole,20.16,20.16,23.0,0
2026-04-23_lagarto,2026-04-23,lagarto,11.9,11.9,16.38,0
2026-04-23_costelao,2026-04-23,costelao,22.19,22.19,25.68,0
2026-04-23_maminha,2026-04-23,maminha,12.28,12.28,15.6,0
2026-04-23_coxao_duro,2026-04-23,coxao_duro,13.35,13.35,14.71,0
2026-04-23_vazio,2026-04-23,vazio,8.25,8.25,13.82,0
2026-04-23_patinho,2026-04-23,patinho,30.46,30.46,33.27,0
2026-04-23_musculo_traseiro,2026-04-23,musculo_traseiro,16.47,13.52,13.52,1
2026-04-24_pescoco,2026-04-24,pescoco,10.91,10.91,12.48,0
2026-04-24_acem,2026-04-24,acem,36.26,35.56,35.56,1
2026-04-24_ponta_de_peito,2026-04-24,ponta_de_peito,10.71,10.71,15.02,0
2026-04-24_paleta,2026-04-24,paleta,19.87,19.87,24.53,0
2026-04-24_musculo_dianteiro,2026-04-24,musculo_dianteiro,15.61,15.61,17.37,0
2026-04-24_cupim,2026-04-24,cupim,10.54,10.54,16.51,0
2026-04-24_capa_file,2026-04-24,capa_file,11.19,11.19,12.26,0
2026-04-24_file_agulha,2026-04-24,file_agulha,15.21,14.6,14.6,1
2026-04-24_file_simples,2026-04-24,file_simples,16.86,16.86,18.02,0
2026-04-24_picanha,2026-04-24,picanha,17.02,17.02,19.69,0
2026-04-24_file_mignon,2026-04-24,file_mignon,7.18,7.18,10.51,0
2026-04-24_alcatra,2026-04-24,alcatra,21.39,21.39,30.39,0
2026-04-24_fraldinha,2026-04-24,fraldinha,20.52,17.76,17.76,1
2026-04-24_coxao_mole,2026-04-24,coxao_mole,25.3,25.3,28.01,0
2026-04-24_lagarto,2026-04-24,lagarto,12.72,12.72,16.66,0
2026-04-24_costelao,2026-04-24,costelao,29.15,23.32,23.32,1
2026-04-24_maminha,2026-04-24,maminha,13.53,13.53,19.32,0
2026-04-24_coxao_duro,2026-04-24,coxao_duro,15.5,15.5,20.22,0
2026-04-24_vazio,2026-04-24,vazio,12.93,12.93,14.42,0
2026-04-24_patinho,2026-04-24,patinho,29.03,29.03,35.26,0
2026-04-24_musculo_traseiro,2026-04-24,musculo_traseiro,15.85,15.85,16.97,0
2026-04-25_pescoco,2026-04-25,pescoco,11.49,11.49,14.99,0
2026-04-25_acem,2026-04-25,acem,33.77,33.77,43.09,0
2026-04-25_ponta_de_peito,2026-04-25,ponta_de_peito,16.52,16.52,17.48,0
2026-04-25_paleta,2026-04-25,paleta,19.05,19.05,26.2,0
2026-04-25_musculo_dianteiro,2026-04-25,musculo_dianteiro,21.08,21.08,21.66,0
2026-04-25_cupim,2026-04-25,cupim,18.93,17.24,17.24,1
2026-04-25_capa_file,2026-04-25,capa_file,17.41,13.59,13.59,1
2026-04-25_file_agulha,2026-04-25,file_agulha,18.03,18.03,20.92,0
2026-04-25_file_simples,2026-04-25,file_simples,20.21,20.21,20.59,0
2026-04-25_picanha,2026-04-25,picanha,17.39,17.39,20.37,0
2026-04-25_file_mignon,2026-04-25,file_mignon,9.53,9.53,13.4,0
2026-04-25_alcatra,2026-04-25,alcatra,35.79,35.16,35.16,1
2026-04-25_fraldinha,2026-04-25,fraldinha,23.07,21.86,21.86,1
2026-04-25_coxao_mole,2026-04-25,coxao_mole,28.29,28.29,35.49,0
2026-04-25_lagarto,2026-04-25,lagarto,17.77,17.77,22.79,0
2026-04-25_costelao,2026-04-25,costelao,37.9,30.57,30.57,1
2026-04-25_maminha,2026-04-25,maminha,18.27,18.27,21.74,0
2026-04-25_coxao_duro,2026-04-25,coxao_duro,18.89,18.89,26.48,0
2026-04-25_vazio,2026-04-25,vazio,14.46,14.46,16.51,0
2026-04-25_patinho,2026-04-25,patinho,40.51,36.38,36.38,1
2026-04-25_musculo_traseiro,2026-04-25,musculo_traseiro,15.01,15.01,22.22,0
2026-04-26_pescoco,2026-04-26,pescoco,7.96,7.96,9.92,0
2026-04-26_acem,2026-04-26,acem,32.7,32.7,37.39,0
2026-04-26_ponta_de_peito,2026-04-26,ponta_de_peito,11.06,11.06,17.28,0
2026-04-26_paleta,2026-04-26,paleta,17.35,17.35,23.83,0
2026-04-26_musculo_dianteiro,2026-04-26,musculo_dianteiro,17.0,16.8,16.8,1
2026-04-26_cupim,2026-04-26,cupim,9.47,9.47,12.56,0
2026-04-26_capa_file,2026-04-26,capa_file,10.24,10.23,10.23,1
2026-04-26_file_agulha,2026-04-26,file_agulha,18.37,16.65,16.65,1
2026-04-26_file_simples,2026-04-26,file_simples,14.88,14.88,17.23,0
2026-04-26_picanha,2026-04-26,picanha,14.01,14.01,16.19,0
2026-04-26_file_mignon,2026-04-26,file_mignon,7.77,7.77,9.01,0
2026-04-26_alcatra,2026-04-26,alcatra,21.6,21.6,23.68,0
2026-04-26_fraldinha,2026-04-26,fraldinha,18.47,13.74,13.74,1
2026-04-26_coxao_mole,2026-04-26,coxao_mole,21.38,21.38,30.93,0
2026-04-26_lagarto,2026-04-26,lagarto,13.2,13.2,15.04,0
2026-04-26_costelao,2026-04-26,costelao,23.16,21.42,21.42,1
2026-04-26_maminha,2026-04-26,maminha,15.11,14.19,14.19,1
2026-04-26_coxao_duro,2026-04-26,coxao_duro,19.7,19.7,20.95,0
2026-04-26_vazio,2026-04-26,vazio,12.59,12.59,13.37,0
2026-04-26_patinho,2026-04-26,patinho,26.4,26.4,33.67,0
2026-04-26_musculo_traseiro,2026-04-26,musculo_traseiro,9.28,9.28,16.64,0
2026-04-27_pescoco,2026-04-27,pescoco,7.46,7.46,10.6,0
2026-04-27_acem,2026-04-27,acem,22.42,22.42,26.97,0
2026-04-27_ponta_de_peito,2026-04-27,ponta_de_peito,8.05,8.05,10.21,0
2026-04-27_paleta,2026-04-27,paleta,12.77,12.77,17.64,0
2026-04-27_musculo_dianteiro,2026-04-27,musculo_dianteiro,12.13,12.13,14.68,0
2026-04-27_cupim,2026-04-27,cupim,10.15,8.25,8.25,1
2026-04-27_capa_file,2026-04-27,capa_file,7.56,7.56,9.32,0
2026-04-27_file_agulha,2026-04-27,file_agulha,9.69,9.69,10.02,0
2026-04-27_file_simples,2026-04-27,file_simples,9.8,9.8,10.95,0
2026-04-27_picanha,2026-04-27,picanha,8.16,8.16,11.22,0
2026-04-27_file_mignon,2026-04-27,file_mignon,6.45,6.45,7.65,0
2026-04-27_alcatra,2026-04-27,alcatra,12.3,12.3,18.12,0
2026-04-27_fraldinha,2026-04-27,fraldinha,9.22,9.22,13.06,0
2026-04-27_coxao_mole,2026-04-27,coxao_mole,16.95,16.95,21.63,0
2026-04-27_lagarto,2026-04-27,lagarto,9.71,9.71,12.36,0
2026-04-27_costelao,2026-04-27,costelao,14.29,14.29,15.88,0
2026-04-27_maminha,2026-04-27,maminha,9.48,9.48,10.42,0
2026-04-27_coxao_duro,2026-04-27,coxao_duro,10.34,10.34,15.14,0
2026-04-27_vazio,2026-04-27,vazio,7.85,7.85,10.16,0
2026-04-27_patinho,2026-04-27,patinho,18.34,18.34,21.96,0
2026-04-27_musculo_traseiro,2026-04-27,musculo_traseiro,10.83,10.83,13.16,0
2026-04-28_pescoco,2026-04-28,pescoco,6.97,6.97,8.38,0
2026-04-28_acem,2026-04-28,acem,21.31,21.31,34.45,0
2026-04-28_ponta_de_peito,2026-04-28,ponta_de_peito,8.63,8.63,10.33,0
2026-04-28_paleta,2026-04-28,paleta,13.32,13.32,22.58,0
2026-04-28_musculo_dianteiro,2026-04-28,musculo_dianteiro,10.34,10.34,16.32,0
2026-04-28_cupim,2026-04-28,cupim,8.84,8.23,8.23,1
2026-04-28_capa_file,2026-04-28,capa_file,6.28,6.28,10.84,0
2026-04-28_file_agulha,2026-04-28,file_agulha,14.06,11.54,11.54,1
2026-04-28_file_simples,2026-04-28,file_simples,11.08,11.08,13.72,0
2026-04-28_picanha,2026-04-28,picanha,10.76,10.76,12.03,0
2026-04-28_file_mignon,2026-04-28,file_mignon,6.02,6.02,7.2,0
2026-04-28_alcatra,2026-04-28,alcatra,14.58,14.58,17.88,0
2026-04-28_fraldinha,2026-04-28,fraldinha,8.91,8.91,13.57,0
2026-04-28_coxao_mole,2026-04-28,coxao_mole,13.64,13.64,25.06,0
2026-04-28_lagarto,2026-04-28,lagarto,12.16,12.16,13.97,0
2026-04-28_costelao,2026-04-28,costelao,12.34,12.34,17.91,0
2026-04-28_maminha,2026-04-28,maminha,11.63,11.63,16.25,0
2026-04-28_coxao_duro,2026-04-28,coxao_duro,12.98,12.98,15.48,0
2026-04-28_vazio,2026-04-28,vazio,9.81,9.68,9.68,1
2026-04-28_patinho,2026-04-28,patinho,22.55,22.55,23.51,0
2026-04-28_musculo_traseiro,2026-04-28,musculo_traseiro,10.57,10.57,15.11,0
2026-04-29_pescoco,2026-04-29,pescoco,4.81,4.81,8.62,0
2026-04-29_acem,2026-04-29,acem,22.1,22.1,31.18,0
2026-04-29_ponta_de_peito,2026-04-29,ponta_de_peito,9.01,9.01,11.19,0
2026-04-29_paleta,2026-04-29,paleta,12.74,12.74,21.48,0
2026-04-29_musculo_dianteiro,2026-04-29,musculo_dianteiro,14.84,14.59,14.59,1
2026-04-29_cupim,2026-04-29,cupim,7.76,7.76,9.63,0
2026-04-29_capa_file,2026-04-29,capa_file,6.62,6.62,11.6,0
2026-04-29_file_agulha,2026-04-29,file_agulha,12.3,12.3,13.01,0
2026-04-29_file_simples,2026-04-29,file_simples,10.91,10.91,16.31,0
2026-04-29_picanha,2026-04-29,picanha,9.6,9.45,9.45,1
2026-04-29_file_mignon,2026-04-29,file_mignon,6.2,6.2,8.15,0
2026-04-29_alcatra,2026-04-29,alcatra,21.9,20.55,20.55,1
2026-04-29_fraldinha,2026-04-29,fraldinha,12.39,12.39,15.35,0
2026-04-29_coxao_mole,2026-04-29,coxao_mole,16.15,16.15,23.79,0
2026-04-29_lagarto,2026-04-29,lagarto,13.93,13.93,14.25,0
2026-04-29_costelao,2026-04-29,costelao,17.26,17.26,22.51,0
2026-04-29_maminha,2026-04-29,maminha,11.81,11.81,12.57,0
2026-04-29_coxao_duro,2026-04-29,coxao_duro,12.31,12.31,20.39,0
2026-04-29_vazio,2026-04-29,vazio,8.77,8.77,10.18,0
2026-04-29_patinho,2026-04-29,patinho,20.72,20.72,26.33,0
2026-04-29_musculo_traseiro,2026-04-29,musculo_traseiro,12.48,12.37,12.37,1
2026-04-30_pescoco,2026-04-30,pescoco,8.32,8.32,9.48,0
2026-04-30_acem,2026-04-30,acem,28.11,28.11,32.81,0
2026-04-30_ponta_de_peito,2026-04-30,ponta_de_peito,9.11,9.11,13.56,0
2026-04-30_paleta,2026-04-30,paleta,14.5,14.5,16.35,0
2026-04-30_musculo_dianteiro,2026-04-30,musculo_dianteiro,14.46,14.46,17.6,0
2026-04-30_cupim,2026-04-30,cupim,11.35,10.3,10.3,1
2026-04-30_capa_file,2026-04-30,capa_file,8.07,8.07,13.29,0
2026-04-30_file_agulha,2026-04-30,file_agulha,11.21,11.21,14.32,0
2026-04-30_file_simples,2026-04-30,file_simples,11.27,11.27,14.96,0
2026-04-30_picanha,2026-04-30,picanha,9.66,9.66,12.83,0
2026-04-30_file_mignon,2026-04-30,file_mignon,6.35,6.35,9.17,0
2026-04-30_alcatra,2026-04-30,alcatra,18.46,18.46,21.64,0
2026-04-30_fraldinha,2026-04-30,fraldinha,16.78,14.29,14.29,1
2026-04-30_coxao_mole,2026-04-30,coxao_mole,17.76,17.76,25.07,0
2026-04-30_lagarto,2026-04-30,lagarto,11.86,11.86,15.02,0
2026-04-30_costelao,2026-04-30,costelao,16.14,16.14,23.82,0
2026-04-30_maminha,2026-04-30,maminha,12.94,12.94,13.13,0
2026-04-30_coxao_duro,2026-04-30,coxao_duro,12.76,12.76,17.81,0
2026-04-30_vazio,2026-04-30,vazio,12.96,12.96,15.15,0
2026-04-30_patinho,2026-04-30,patinho,20.66,20.66,23.24,0
2026-04-30_musculo_traseiro,2026-04-30,musculo_traseiro,15.89,13.49,13.49,1
2026-05-01_pescoco,2026-05-01,pescoco,9.59,9.59,10.13,0
2026-05-01_acem,2026-05-01,acem,34.81,34.81,41.2,0
2026-05-01_ponta_de_peito,2026-05-01,ponta_de_peito,13.88,13.85,13.85,1
2026-05-01_paleta,2026-05-01,paleta,21.68,21.68,24.22,0
2026-05-01_musculo_dianteiro,2026-05-01,musculo_dianteiro,13.6,13.6,19.49,0
2026-05-01_cupim,2026-05-01,cupim,16.2,11.91,11.91,1
2026-05-01_capa_file,2026-05-01,capa_file,13.11,11.85,11.85,1
2026-05-01_file_agulha,2026-05-01,file_agulha,12.39,12.39,15.9,0
2026-05-01_file_simples,2026-05-01,file_simples,17.76,17.76,18.26,0
2026-05-01_picanha,2026-05-01,picanha,16.38,16.38,17.39,0
2026-05-01_file_mignon,2026-05-01,file_mignon,8.25,8.25,8.36,0
2026-05-01_alcatra,2026-05-01,alcatra,25.99,23.2,23.2,1
2026-05-01_fraldinha,2026-05-01,fraldinha,15.64,15.64,19.65,0
2026-05-01_coxao_mole,2026-05-01,coxao_mole,18.59,18.59,29.48,0
2026-05-01_lagarto,2026-05-01,lagarto,17.54,17.54,18.53,0
2026-05-01_costelao,2026-05-01,costelao,26.56,23.4,23.4,1
2026-05-01_maminha,2026-05-01,maminha,13.93,13.93,16.5,0
2026-05-01_coxao_duro,2026-05-01,coxao_duro,16.26,16.26,18.47,0
2026-05-01_vazio,2026-05-01,vazio,14.04,14.04,15.74,0
2026-05-01_patinho,2026-05-01,patinho,34.64,34.64,36.52,0
2026-05-01_musculo_traseiro,2026-05-01,musculo_traseiro,16.81,15.72,15.72,1
2026-05-02_pescoco,2026-05-02,pescoco,10.24,10.24,13.01,0
2026-05-02_acem,2026-05-02,acem,35.35,35.35,42.46,0
2026-05-02_ponta_de_peito,2026-05-02,ponta_de_peito,15.44,15.44,18.39,0
2026-05-02_paleta,2026-05-02,paleta,22.5,22.5,31.34,0
2026-05-02_musculo_dianteiro,2026-05-02,musculo_dianteiro,21.39,21.39,22.42,0
2026-05-02_cupim,2026-05-02,cupim,16.72,16.56,16.56,1
2026-05-02_capa_file,2026-05-02,capa_file,15.83,13.55,13.55,1
2026-05-02_file_agulha,2026-05-02,file_agulha,17.96,17.96,19.45,0
2026-05-02_file_simples,2026-05-02,file_simples,18.76,18.76,20.24,0
2026-05-02_picanha,2026-05-02,picanha,18.85,18.85,19.95,0
2026-05-02_file_mignon,2026-05-02,file_mignon,9.54,9.54,11.72,0
2026-05-02_alcatra,2026-05-02,alcatra,40.56,32.39,32.39,1
2026-05-02_fraldinha,2026-05-02,fraldinha,27.61,24.95,24.95,1
2026-05-02_coxao_mole,2026-05-02,coxao_mole,27.1,27.1,28.69,0
2026-05-02_lagarto,2026-05-02,lagarto,18.67,18.67,20.36,0
2026-05-02_costelao,2026-05-02,costelao,34.86,32.88,32.88,1
2026-05-02_maminha,2026-05-02,maminha,27.47,19.68,19.68,1
2026-05-02_coxao_duro,2026-05-02,coxao_duro,20.85,20.85,25.91,0
2026-05-02_vazio,2026-05-02,vazio,13.09,13.09,16.58,0
2026-05-02_patinho,2026-05-02,patinho,32.98,32.98,40.29,0
2026-05-02_musculo_traseiro,2026-05-02,musculo_traseiro,18.84,18.84,20.75,0
2026-05-03_pescoco,2026-05-03,pescoco,8.85,8.85,12.64,0
2026-05-03_acem,2026-05-03,acem,28.53,28.53,36.54,0
2026-05-03_ponta_de_peito,2026-05-03,ponta_de_peito,9.87,9.87,13.61,0
2026-05-03_paleta,2026-05-03,paleta,25.83,19.29,19.29,1
2026-05-03_musculo_dianteiro,2026-05-03,musculo_dianteiro,15.1,15.1,16.11,0
2026-05-03_cupim,2026-05-03,cupim,9.55,9.55,10.6,0
2026-05-03_capa_file,2026-05-03,capa_file,11.65,11.65,12.06,0
2026-05-03_file_agulha,2026-05-03,file_agulha,11.17,11.17,14.83,0
2026-05-03_file_simples,2026-05-03,file_simples,10.3,10.3,17.8,0
2026-05-03_picanha,2026-05-03,picanha,15.78,15.78,16.56,0
2026-05-03_file_mignon,2026-05-03,file_mignon,8.84,8.03,8.03,1
2026-05-03_alcatra,2026-05-03,alcatra,22.95,22.95,27.04,0
2026-05-03_fraldinha,2026-05-03,fraldinha,19.86,15.71,15.71,1
2026-05-03_coxao_mole,2026-05-03,coxao_mole,21.3,21.3,24.98,0
2026-05-03_lagarto,2026-05-03,lagarto,12.27,12.27,14.04,0
2026-05-03_costelao,2026-05-03,costelao,26.34,22.16,22.16,1
2026-05-03_maminha,2026-05-03,maminha,13.75,13.75,16.44,0
2026-05-03_coxao_duro,2026-05-03,coxao_duro,15.82,15.82,20.99,0
2026-05-03_vazio,2026-05-03,vazio,12.26,12.26,13.32,0
2026-05-03_patinho,2026-05-03,patinho,25.71,25.71,30.08,0
2026-05-03_musculo_traseiro,2026-05-03,musculo_traseiro,11.83,11.83,16.51,0
2026-05-04_pescoco,2026-05-04,pescoco,6.53,6.53,7.41,0
2026-05-04_acem,2026-05-04,acem,21.32,21.32,22.75,0
2026-05-04_ponta_de_peito,2026-05-04,ponta_de_peito,7.06,7.06,11.86,0
2026-05-04_paleta,2026-05-04,paleta,13.52,13.52,14.74,0
2026-05-04_musculo_dianteiro,2026-05-04,musculo_dianteiro,11.17,11.17,12.3,0
2026-05-04_cupim,2026-05-04,cupim,6.97,6.97,7.51,0
2026-05-04_capa_file,2026-05-04,capa_file,7.81,7.81,8.19,0
2026-05-04_file_agulha,2026-05-04,file_agulha,9.25,9.25,12.64,0
2026-05-04_file_simples,2026-05-04,file_simples,9.8,9.8,11.01,0
2026-05-04_picanha,2026-05-04,picanha,10.29,10.29,11.17,0
2026-05-04_file_mignon,2026-05-04,file_mignon,5.33,5.33,8.35,0
2026-05-04_alcatra,2026-05-04,alcatra,19.71,17.44,17.44,1
2026-05-04_fraldinha,2026-05-04,fraldinha,11.09,11.09,14.36,0
2026-05-04_coxao_mole,2026-05-04,coxao_mole,16.36,16.36,24.82,0
2026-05-04_lagarto,2026-05-04,lagarto,7.74,7.74,15.44,0
2026-05-04_costelao,2026-05-04,costelao,20.69,18.19,18.19,1
2026-05-04_maminha,2026-05-04,maminha,7.88,7.88,11.33,0
2026-05-04_coxao_duro,2026-05-04,coxao_duro,13.22,11.49,11.49,1
2026-05-04_vazio,2026-05-04,vazio,8.56,8.56,9.14,0
2026-05-04_patinho,2026-05-04,patinho,21.58,21.58,22.36,0
2026-05-04_musculo_traseiro,2026-05-04,musculo_traseiro,9.61,9.61,11.32,0
2026-05-05_pescoco,2026-05-05,pescoco,7.44,7.44,9.56,0
2026-05-05_acem,2026-05-05,acem,22.01,22.01,24.9,0
2026-05-05_ponta_de_peito,2026-05-05,ponta_de_peito,9.81,9.69,9.69,1
2026-05-05_paleta,2026-05-05,paleta,12.41,12.41,14.53,0
2026-05-05_musculo_dianteiro,2026-05-05,musculo_dianteiro,16.71,12.04,12.04,1
2026-05-05_cupim,2026-05-05,cupim,10.49,10.49,10.91,0
2026-05-05_capa_file,2026-05-05,capa_file,7.64,7.64,9.18,0
2026-05-05_file_agulha,2026-05-05,file_agulha,10.05,10.05,11.68,0
2026-05-05_file_simples,2026-05-05,file_simples,9.91,9.91,12.71,0
2026-05-05_picanha,2026-05-05,picanha,15.7,10.73,10.73,1
2026-05-05_file_mignon,2026-05-05,file_mignon,6.47,6.47,6.49,0
2026-05-05_alcatra,2026-05-05,alcatra,17.83,17.83,23.05,0
2026-05-05_fraldinha,2026-05-05,fraldinha,10.09,10.09,12.79,0
2026-05-05_coxao_mole,2026-05-05,coxao_mole,18.97,18.97,21.34,0
2026-05-05_lagarto,2026-05-05,lagarto,10.04,10.04,12.12,0
2026-05-05_costelao,2026-05-05,costelao,16.9,16.34,16.34,1
2026-05-05_maminha,2026-05-05,maminha,10.2,10.2,14.39,0
2026-05-05_coxao_duro,2026-05-05,coxao_duro,10.63,10.63,15.29,0
2026-05-05_vazio,2026-05-05,vazio,8.67,8.67,8.97,0
2026-05-05_patinho,2026-05-05,patinho,20.6,20.6,26.44,0
2026-05-05_musculo_traseiro,2026-05-05,musculo_traseiro,12.43,12.29,12.29,1
2026-05-06_pescoco,2026-05-06,pescoco,7.93,7.93,7.93,0
2026-05-06_acem,2026-05-06,acem,21.49,21.49,30.87,0
2026-05-06_ponta_de_peito,2026-05-06,ponta_de_peito,9.87,9.87,11.5,0
2026-05-06_paleta,2026-05-06,paleta,14.12,14.12,19.35,0
2026-05-06_musculo_dianteiro,2026-05-06,musculo_dianteiro,11.84,11.84,15.53,0
2026-05-06_cupim,2026-05-06,cupim,8.19,8.19,8.36,0
2026-05-06_capa_file,2026-05-06,capa_file,8.17,8.17,11.02,0
2026-05-06_file_agulha,2026-05-06,file_agulha,13.69,13.47,13.47,1
2026-05-06_file_simples,2026-05-06,file_simples,8.75,8.75,13.66,0
2026-05-06_picanha,2026-05-06,picanha,12.07,12.07,13.34,0
2026-05-06_file_mignon,2026-05-06,file_mignon,6.7,6.7,7.32,0
2026-05-06_alcatra,2026-05-06,alcatra,14.54,14.54,20.19,0
2026-05-06_fraldinha,2026-05-06,fraldinha,12.41,12.41,14.88,0
2026-05-06_coxao_mole,2026-05-06,coxao_mole,15.9,15.9,17.78,0
2026-05-06_lagarto,2026-05-06,lagarto,10.94,10.94,15.42,0
2026-05-06_costelao,2026-05-06,costelao,18.32,18.32,22.14,0
2026-05-06_maminha,2026-05-06,maminha,11.61,11.61,12.82,0
2026-05-06_coxao_duro,2026-05-06,coxao_duro,12.58,12.58,15.81,0
2026-05-06_vazio,2026-05-06,vazio,9.45,9.45,12.45,0
2026-05-06_patinho,2026-05-06,patinho,20.16,20.16,24.51,0
2026-05-06_musculo_traseiro,2026-05-06,musculo_traseiro,10.73,10.73,14.94,0
2026-05-07_pescoco,2026-05-07,pescoco,7.55,7.55,8.6,0
2026-05-07_acem,2026-05-07,acem,27.06,27.06,28.77,0
2026-05-07_ponta_de_peito,2026-05-07,ponta_de_peito,11.53,11.53,13.72,0
2026-05-07_paleta,2026-05-07,paleta,12.52,12.52,21.93,0
2026-05-07_musculo_dianteiro,2026-05-07,musculo_dianteiro,11.69,11.69,16.91,0
2026-05-07_cupim,2026-05-07,cupim,8.68,8.68,11.48,0
2026-05-07_capa_file,2026-05-07,capa_file,10.71,10.71,10.74,0
2026-05-07_file_agulha,2026-05-07,file_agulha,10.49,10.49,12.86,0
2026-05-07_file_simples,2026-05-07,file_simples,8.7,8.7,13.99,0
2026-05-07_picanha,2026-05-07,picanha,10.97,10.97,14.07,0
2026-05-07_file_mignon,2026-05-07,file_mignon,7.03,7.03,8.18,0
2026-05-07_alcatra,2026-05-07,alcatra,18.44,18.44,25.92,0
2026-05-07_fraldinha,2026-05-07,fraldinha,15.72,14.51,14.51,1
2026-05-07_coxao_mole,2026-05-07,coxao_mole,19.13,19.13,22.13,0
2026-05-07_lagarto,2026-05-07,lagarto,8.44,8.44,14.44,0
2026-05-07_costelao,2026-05-07,costelao,19.19,19.19,20.13,0
2026-05-07_maminha,2026-05-07,maminha,9.6,9.6,15.93,0
2026-05-07_coxao_duro,2026-05-07,coxao_duro,16.55,16.05,16.05,1
2026-05-07_vazio,2026-05-07,vazio,10.85,10.85,11.3,0
2026-05-07_patinho,2026-05-07,patinho,23.73,23.73,25.02,0
2026-05-07_musculo_traseiro,2026-05-07,musculo_traseiro,9.87,9.87,15.03,0
2026-05-08_pescoco,2026-05-08,pescoco,10.0,10.0,13.22,0
2026-05-08_acem,2026-05-08,acem,33.48,33.48,38.14,0
2026-05-08_ponta_de_peito,2026-05-08,ponta_de_peito,10.93,10.93,12.55,0
2026-05-08_paleta,2026-05-08,paleta,17.82,17.82,26.11,0
2026-05-08_musculo_dianteiro,2026-05-08,musculo_dianteiro,14.34,14.34,21.77,0
2026-05-08_cupim,2026-05-08,cupim,12.33,10.88,10.88,1
2026-05-08_capa_file,2026-05-08,capa_file,13.68,13.68,14.21,0
2026-05-08_file_agulha,2026-05-08,file_agulha,11.22,11.22,16.64,0
2026-05-08_file_simples,2026-05-08,file_simples,14.69,14.69,18.3,0
2026-05-08_picanha,2026-05-08,picanha,14.21,14.21,14.65,0
2026-05-08_file_mignon,2026-05-08,file_mignon,8.45,8.45,11.17,0
2026-05-08_alcatra,2026-05-08,alcatra,23.54,23.54,26.43,0
2026-05-08_fraldinha,2026-05-08,fraldinha,16.45,16.45,17.22,0
2026-05-08_coxao_mole,2026-05-08,coxao_mole,27.7,27.69,27.69,1
2026-05-08_lagarto,2026-05-08,lagarto,17.43,16.93,16.93,1
2026-05-08_costelao,2026-05-08,costelao,20.19,20.19,28.03,0
2026-05-08_maminha,2026-05-08,maminha,18.41,13.76,13.76,1
2026-05-08_coxao_duro,2026-05-08,coxao_duro,16.45,16.45,19.34,0
2026-05-08_vazio,2026-05-08,vazio,12.05,12.05,15.27,0
2026-05-08_patinho,2026-05-08,patinho,20.64,20.64,30.55,0
2026-05-08_musculo_traseiro,2026-05-08,musculo_traseiro,11.79,11.79,19.03,0
2026-05-09_pescoco,2026-05-09,pescoco,12.04,12.04,14.54,0
2026-05-09_acem,2026-05-09,acem,37.89,37.89,49.38,0
2026-05-09_ponta_de_peito,2026-05-09,ponta_de_peito,14.59,14.59,17.22,0
2026-05-09_paleta,2026-05-09,paleta,16.85,16.85,31.14,0
2026-05-09_musculo_dianteiro,2026-05-09,musculo_dianteiro,17.52,17.52,21.83,0
2026-05-09_cupim,2026-05-09,cupim,15.92,15.19,15.19,1
2026-05-09_capa_file,2026-05-09,capa_file,18.29,14.38,14.38,1
2026-05-09_file_agulha,2026-05-09,file_agulha,16.89,16.89,18.22,0
2026-05-09_file_simples,2026-05-09,file_simples,15.66,15.66,23.38,0
2026-05-09_picanha,2026-05-09,picanha,24.77,20.48,20.48,1
2026-05-09_file_mignon,2026-05-09,file_mignon,10.27,10.27,10.27,0
2026-05-09_alcatra,2026-05-09,alcatra,42.85,31.12,31.12,1
2026-05-09_fraldinha,2026-05-09,fraldinha,19.37,19.37,21.07,0
2026-05-09_coxao_mole,2026-05-09,coxao_mole,33.15,33.15,33.93,0
2026-05-09_lagarto,2026-05-09,lagarto,16.16,16.16,21.69,0
2026-05-09_costelao,2026-05-09,costelao,35.32,28.57,28.57,1
2026-05-09_maminha,2026-05-09,maminha,25.72,21.99,21.99,1
2026-05-09_coxao_duro,2026-05-09,coxao_duro,17.89,17.89,23.69,0
2026-05-09_vazio,2026-05-09,vazio,15.04,15.04,17.18,0
2026-05-09_patinho,2026-05-09,patinho,31.92,31.92,33.99,0
2026-05-09_musculo_traseiro,2026-05-09,musculo_traseiro,20.93,19.93,19.93,1
2026-05-10_pescoco,2026-05-10,pescoco,10.14,10.14,10.29,0
2026-05-10_acem,2026-05-10,acem,31.7,31.7,39.42,0
2026-05-10_ponta_de_peito,2026-05-10,ponta_de_peito,10.6,10.6,12.87,0
2026-05-10_paleta,2026-05-10,paleta,16.26,16.26,21.06,0
2026-05-10_musculo_dianteiro,2026-05-10,musculo_dianteiro,14.79,14.79,17.68,0
2026-05-10_cupim,2026-05-10,cupim,10.69,10.69,13.33,0
2026-05-10_capa_file,2026-05-10,capa_file,10.47,10.47,13.15,0
2026-05-10_file_agulha,2026-05-10,file_agulha,9.54,9.54,13.94,0
2026-05-10_file_simples,2026-05-10,file_simples,12.84,12.84,14.95,0
2026-05-10_picanha,2026-05-10,picanha,13.71,13.71,16.16,0
2026-05-10_file_mignon,2026-05-10,file_mignon,6.2,6.2,9.7,0
2026-05-10_alcatra,2026-05-10,alcatra,25.18,24.8,24.8,1
2026-05-10_fraldinha,2026-05-10,fraldinha,15.19,15.19,15.62,0
2026-05-10_coxao_mole,2026-05-10,coxao_mole,20.21,20.21,28.66,0
2026-05-10_lagarto,2026-05-10,lagarto,12.6,12.6,14.74,0
2026-05-10_costelao,2026-05-10,costelao,18.66,18.66,24.4,0
2026-05-10_maminha,2026-05-10,maminha,16.41,15.63,15.63,1
2026-05-10_coxao_duro,2026-05-10,coxao_duro,14.33,14.33,20.17,0
2026-05-10_vazio,2026-05-10,vazio,11.61,11.61,14.38,0
2026-05-10_patinho,2026-05-10,patinho,22.15,22.15,29.51,0
2026-05-10_musculo_traseiro,2026-05-10,musculo_traseiro,10.01,10.01,17.41,0
2026-05-11_pescoco,2026-05-11,pescoco,7.04,7.04,7.07,0
2026-05-11_acem,2026-05-11,acem,22.25,22.25,23.84,0
2026-05-11_ponta_de_peito,2026-05-11,ponta_de_peito,7.01,7.01,10.64,0
2026-05-11_paleta,2026-05-11,paleta,12.95,12.95,15.58,0
2026-05-11_musculo_dianteiro,2026-05-11,musculo_dianteiro,10.73,10.73,12.63,0
2026-05-11_cupim,2026-05-11,cupim,6.69,6.69,8.31,0
2026-05-11_capa_file,2026-05-11,capa_file,4.86,4.86,9.42,0
2026-05-11_file_agulha,2026-05-11,file_agulha,8.22,8.22,11.58,0
2026-05-11_file_simples,2026-05-11,file_simples,12.13,12.13,13.26,0
2026-05-11_picanha,2026-05-11,picanha,10.56,10.56,11.24,0
2026-05-11_file_mignon,2026-05-11,file_mignon,4.96,4.96,8.96,0
2026-05-11_alcatra,2026-05-11,alcatra,11.97,11.97,21.14,0
2026-05-11_fraldinha,2026-05-11,fraldinha,8.85,8.85,13.49,0
2026-05-11_coxao_mole,2026-05-11,coxao_mole,18.93,18.93,24.79,0
2026-05-11_lagarto,2026-05-11,lagarto,9.93,9.93,13.01,0
2026-05-11_costelao,2026-05-11,costelao,16.7,16.7,16.72,0
2026-05-11_maminha,2026-05-11,maminha,9.15,9.15,13.54,0
2026-05-11_coxao_duro,2026-05-11,coxao_duro,10.02,10.02,12.7,0
2026-05-11_vazio,2026-05-11,vazio,9.67,9.67,10.61,0
2026-05-11_patinho,2026-05-11,patinho,19.66,19.66,23.95,0
2026-05-11_musculo_traseiro,2026-05-11,musculo_traseiro,7.58,7.58,13.14,0
2026-05-12_pescoco,2026-05-12,pescoco,9.82,8.78,8.78,1
2026-05-12_acem,2026-05-12,acem,18.3,18.3,32.85,0
2026-05-12_ponta_de_peito,2026-05-12,ponta_de_peito,8.72,8.72,11.36,0
2026-05-12_paleta,2026-05-12,paleta,17.46,16.79,16.79,1
2026-05-12_musculo_dianteiro,2026-05-12,musculo_dianteiro,13.1,13.1,15.17,0
2026-05-12_cupim,2026-05-12,cupim,12.18,11.73,11.73,1
2026-05-12_capa_file,2026-05-12,capa_file,8.24,8.24,10.6,0
2026-05-12_file_agulha,2026-05-12,file_agulha,9.72,9.72,12.29,0
2026-05-12_file_simples,2026-05-12,file_simples,11.99,11.99,13.33,0
2026-05-12_picanha,2026-05-12,picanha,9.48,9.48,13.15,0
2026-05-12_file_mignon,2026-05-12,file_mignon,6.9,6.9,7.88,0
2026-05-12_alcatra,2026-05-12,alcatra,22.18,20.48,20.48,1
2026-05-12_fraldinha,2026-05-12,fraldinha,10.89,10.89,13.33,0
2026-05-12_coxao_mole,2026-05-12,coxao_mole,18.59,18.59,20.97,0
2026-05-12_lagarto,2026-05-12,lagarto,9.76,9.76,13.63,0
2026-05-12_costelao,2026-05-12,costelao,14.59,14.59,14.7,0
2026-05-12_maminha,2026-05-12,maminha,8.77,8.77,14.22,0
2026-05-12_coxao_duro,2026-05-12,coxao_duro,12.66,12.46,12.46,1
2026-05-12_vazio,2026-05-12,vazio,7.88,7.88,10.48,0
2026-05-12_patinho,2026-05-12,patinho,18.74,18.74,24.96,0
2026-05-12_musculo_traseiro,2026-05-12,musculo_traseiro,12.37,12.37,14.83,0
2026-05-13_pescoco,2026-05-13,pescoco,6.84,6.84,9.8,0
2026-05-13_acem,2026-05-13,acem,34.36,30.09,30.09,1
2026-05-13_ponta_de_peito,2026-05-13,ponta_de_peito,7.94,7.94,9.98,0
2026-05-13_paleta,2026-05-13,paleta,15.21,15.21,21.41,0
2026-05-13_musculo_dianteiro,2026-05-13,musculo_dianteiro,12.43,12.43,13.46,0
2026-05-13_cupim,2026-05-13,cupim,6.96,6.96,11.22,0
2026-05-13_capa_file,2026-05-13,capa_file,6.97,6.97,10.22,0
2026-05-13_file_agulha,2026-05-13,file_agulha,10.56,10.56,11.43,0
2026-05-13_file_simples,2026-05-13,file_simples,14.61,12.33,12.33,1
2026-05-13_picanha,2026-05-13,picanha,10.65,10.65,13.39,0
2026-05-13_file_mignon,2026-05-13,file_mignon,6.47,6.47,6.66,0
2026-05-13_alcatra,2026-05-13,alcatra,19.85,18.57,18.57,1
2026-05-13_fraldinha,2026-05-13,fraldinha,11.2,11.2,14.77,0
2026-05-13_coxao_mole,2026-05-13,coxao_mole,18.88,18.88,27.49,0
2026-05-13_lagarto,2026-05-13,lagarto,9.73,9.73,14.22,0
2026-05-13_costelao,2026-05-13,costelao,18.72,18.72,23.0,0
2026-05-13_maminha,2026-05-13,maminha,12.24,12.24,15.36,0
2026-05-13_coxao_duro,2026-05-13,coxao_duro,12.61,12.61,14.21,0
2026-05-13_vazio,2026-05-13,vazio,7.59,7.59,10.37,0
2026-05-13_patinho,2026-05-13,patinho,22.43,22.43,25.93,0
2026-05-13_musculo_traseiro,2026-05-13,musculo_traseiro,10.6,10.6,13.76,0
2026-05-14_pescoco,2026-05-14,pescoco,7.92,7.83,7.83,1
2026-05-14_acem,2026-05-14,acem,26.49,26.49,31.72,0
2026-05-14_ponta_de_peito,2026-05-14,ponta_de_peito,12.34,11.1,11.1,1
2026-05-14_paleta,2026-05-14,paleta,13.32,13.32,17.22,0
2026-05-14_musculo_dianteiro,2026-05-14,musculo_dianteiro,12.03,12.03,14.99,0
2026-05-14_cupim,2026-05-14,cupim,7.53,7.53,10.82,0
2026-05-14_capa_file,2026-05-14,capa_file,8.18,8.18,11.05,0
2026-05-14_file_agulha,2026-05-14,file_agulha,8.38,8.38,15.59,0
2026-05-14_file_simples,2026-05-14,file_simples,10.1,10.1,14.99,0
2026-05-14_picanha,2026-05-14,picanha,11.98,11.98,12.54,0
2026-05-14_file_mignon,2026-05-14,file_mignon,7.42,7.42,8.95,0
2026-05-14_alcatra,2026-05-14,alcatra,17.54,17.54,19.27,0
2026-05-14_fraldinha,2026-05-14,fraldinha,10.27,10.27,15.28,0
2026-05-14_coxao_mole,2026-05-14,coxao_mole,18.81,18.81,23.5,0
2026-05-14_lagarto,2026-05-14,lagarto,9.92,9.92,12.99,0
2026-05-14_costelao,2026-05-14,costelao,18.46,18.46,23.42,0
2026-05-14_maminha,2026-05-14,maminha,13.27,13.27,15.65,0
2026-05-14_coxao_duro,2026-05-14,coxao_duro,15.12,15.12,17.55,0
2026-05-14_vazio,2026-05-14,vazio,8.54,8.54,10.8,0
2026-05-14_patinho,2026-05-14,patinho,23.22,23.22,27.35,0
2026-05-14_musculo_traseiro,2026-05-14,musculo_traseiro,12.38,12.38,16.98,0
2026-05-15_pescoco,2026-05-15,pescoco,9.39,9.39,12.47,0
2026-05-15_acem,2026-05-15,acem,25.9,25.9,38.1,0
2026-05-15_ponta_de_peito,2026-05-15,ponta_de_peito,9.92,9.92,15.68,0
2026-05-15_paleta,2026-05-15,paleta,15.04,15.04,22.56,0
2026-05-15_musculo_dianteiro,2026-05-15,musculo_dianteiro,14.74,14.74,19.5,0
2026-05-15_cupim,2026-05-15,cupim,12.19,12.19,12.29,0
2026-05-15_capa_file,2026-05-15,capa_file,15.65,13.37,13.37,1
2026-05-15_file_agulha,2026-05-15,file_agulha,14.5,14.5,18.89,0
2026-05-15_file_simples,2026-05-15,file_simples,11.04,11.04,16.57,0
2026-05-15_picanha,2026-05-15,picanha,12.16,12.16,15.36,0
2026-05-15_file_mignon,2026-05-15,file_mignon,7.05,7.05,9.28,0
2026-05-15_alcatra,2026-05-15,alcatra,23.81,23.81,30.68,0
2026-05-15_fraldinha,2026-05-15,fraldinha,16.19,16.19,17.79,0
2026-05-15_coxao_mole,2026-05-15,coxao_mole,21.13,21.13,29.25,0
2026-05-15_lagarto,2026-05-15,lagarto,13.46,13.46,17.81,0
2026-05-15_costelao,2026-05-15,costelao,21.85,21.85,27.89,0
2026-05-15_maminha,2026-05-15,maminha,17.39,15.77,15.77,1
2026-05-15_coxao_duro,2026-05-15,coxao_duro,13.78,13.78,19.02,0
2026-05-15_vazio,2026-05-15,vazio,15.32,13.95,13.95,1
2026-05-15_patinho,2026-05-15,patinho,29.48,29.48,32.87,0
2026-05-15_musculo_traseiro,2026-05-15,musculo_traseiro,10.97,10.97,16.64,0
2026-05-16_pescoco,2026-05-16,pescoco,13.75,12.97,12.97,1
2026-05-16_acem,2026-05-16,acem,45.1,43.03,43.03,1
2026-05-16_ponta_de_peito,2026-05-16,ponta_de_peito,12.23,12.23,16.16,0
2026-05-16_paleta,2026-05-16,paleta,21.93,21.93,28.71,0
2026-05-16_musculo_dianteiro,2026-05-16,musculo_dianteiro,17.03,17.03,20.47,0
2026-05-16_cupim,2026-05-16,cupim,17.13,16.78,16.78,1
2026-05-16_capa_file,2026-05-16,capa_file,17.62,15.66,15.66,1
2026-05-16_file_agulha,2026-05-16,file_agulha,12.62,12.62,22.25,0
2026-05-16_file_simples,2026-05-16,file_simples,16.34,16.34,19.02,0
2026-05-16_picanha,2026-05-16,picanha,20.11,17.66,17.66,1
2026-05-16_file_mignon,2026-05-16,file_mignon,9.17,9.17,13.64,0
2026-05-16_alcatra,2026-05-16,alcatra,29.71,29.27,29.27,1
2026-05-16_fraldinha,2026-05-16,fraldinha,21.55,21.37,21.37,1
2026-05-16_coxao_mole,2026-05-16,coxao_mole,33.05,33.05,33.19,0
2026-05-16_lagarto,2026-05-16,lagarto,21.12,19.58,19.58,1
2026-05-16_costelao,2026-05-16,costelao,28.52,27.81,27.81,1
2026-05-16_maminha,2026-05-16,maminha,22.46,17.84,17.84,1
2026-05-16_coxao_duro,2026-05-16,coxao_duro,17.24,17.24,23.11,0
2026-05-16_vazio,2026-05-16,vazio,18.82,18.82,19.93,0
2026-05-16_patinho,2026-05-16,patinho,24.27,24.27,36.8,0
2026-05-16_musculo_traseiro,2026-05-16,musculo_traseiro,14.33,14.33,21.57,0
2026-05-17_pescoco,2026-05-17,pescoco,11.49,9.45,9.45,1
2026-05-17_acem,2026-05-17,acem,30.84,30.84,31.44,0
2026-05-17_ponta_de_peito,2026-05-17,ponta_de_peito,10.76,10.76,13.48,0
2026-05-17_paleta,2026-05-17,paleta,15.74,15.74,23.09,0
2026-05-17_musculo_dianteiro,2026-05-17,musculo_dianteiro,12.88,12.88,17.73,0
2026-05-17_cupim,2026-05-17,cupim,10.83,10.83,13.53,0
2026-05-17_capa_file,2026-05-17,capa_file,10.13,10.13,11.41,0
2026-05-17_file_agulha,2026-05-17,file_agulha,12.86,12.86,15.36,0
2026-05-17_file_simples,2026-05-17,file_simples,13.02,13.02,15.47,0
2026-05-17_picanha,2026-05-17,picanha,15.0,12.84,12.84,1
2026-05-17_file_mignon,2026-05-17,file_mignon,6.5,6.5,9.94,0
2026-05-17_alcatra,2026-05-17,alcatra,21.16,21.16,21.87,0
2026-05-17_fraldinha,2026-05-17,fraldinha,13.0,13.0,16.91,0
2026-05-17_coxao_mole,2026-05-17,coxao_mole,20.34,20.34,29.5,0
2026-05-17_lagarto,2026-05-17,lagarto,12.6,12.6,17.17,0
2026-05-17_costelao,2026-05-17,costelao,18.71,18.71,21.28,0
2026-05-17_maminha,2026-05-17,maminha,16.52,15.8,15.8,1
2026-05-17_coxao_duro,2026-05-17,coxao_duro,11.84,11.84,19.72,0
2026-05-17_vazio,2026-05-17,vazio,11.68,11.68,12.33,0
2026-05-17_patinho,2026-05-17,patinho,27.55,27.55,34.96,0
2026-05-17_musculo_traseiro,2026-05-17,musculo_traseiro,12.11,12.11,16.8,0
2026-05-18_pescoco,2026-05-18,pescoco,7.07,7.07,7.68,0
2026-05-18_acem,2026-05-18,acem,21.11,21.11,21.19,0
2026-05-18_ponta_de_peito,2026-05-18,ponta_de_peito,8.98,8.27,8.27,1
2026-05-18_paleta,2026-05-18,paleta,12.76,12.76,13.24,0
2026-05-18_musculo_dianteiro,2026-05-18,musculo_dianteiro,11.45,11.45,12.83,0
2026-05-18_cupim,2026-05-18,cupim,7.29,7.29,9.99,0
2026-05-18_capa_file,2026-05-18,capa_file,7.31,7.31,9.01,0
2026-05-18_file_agulha,2026-05-18,file_agulha,8.89,8.89,12.07,0
2026-05-18_file_simples,2026-05-18,file_simples,9.95,9.95,12.18,0
2026-05-18_picanha,2026-05-18,picanha,7.04,7.04,11.31,0
2026-05-18_file_mignon,2026-05-18,file_mignon,6.03,6.03,7.63,0
2026-05-18_alcatra,2026-05-18,alcatra,15.51,15.51,16.69,0
2026-05-18_fraldinha,2026-05-18,fraldinha,10.4,10.4,12.94,0
2026-05-18_coxao_mole,2026-05-18,coxao_mole,16.24,16.24,20.24,0
2026-05-18_lagarto,2026-05-18,lagarto,9.76,9.76,10.87,0
2026-05-18_costelao,2026-05-18,costelao,13.17,13.17,18.3,0
2026-05-18_maminha,2026-05-18,maminha,9.43,9.43,13.62,0
2026-05-18_coxao_duro,2026-05-18,coxao_duro,10.44,10.44,13.83,0
2026-05-18_vazio,2026-05-18,vazio,10.25,10.25,11.3,0
2026-05-18_patinho,2026-05-18,patinho,20.09,20.09,26.98,0
2026-05-18_musculo_traseiro,2026-05-18,musculo_traseiro,7.32,7.32,12.78,0
2026-05-19_pescoco,2026-05-19,pescoco,6.33,6.33,8.74,0
2026-05-19_acem,2026-05-19,acem,28.03,28.03,28.21,0
2026-05-19_ponta_de_peito,2026-05-19,ponta_de_peito,7.37,7.37,11.17,0
2026-05-19_paleta,2026-05-19,paleta,13.27,13.27,17.56,0
2026-05-19_musculo_dianteiro,2026-05-19,musculo_dianteiro,10.45,10.45,13.22,0
2026-05-19_cupim,2026-05-19,cupim,9.24,8.87,8.87,1
2026-05-19_capa_file,2026-05-19,capa_file,8.55,7.85,7.85,1
2026-05-19_file_agulha,2026-05-19,file_agulha,10.41,10.41,12.82,0
2026-05-19_file_simples,2026-05-19,file_simples,16.33,12.21,12.21,1
2026-05-19_picanha,2026-05-19,picanha,8.82,8.82,12.72,0
2026-05-19_file_mignon,2026-05-19,file_mignon,6.67,5.52,5.52,1
2026-05-19_alcatra,2026-05-19,alcatra,16.77,16.77,19.24,0
2026-05-19_fraldinha,2026-05-19,fraldinha,11.93,11.93,14.33,0
2026-05-19_coxao_mole,2026-05-19,coxao_mole,17.61,17.61,18.29,0
2026-05-19_lagarto,2026-05-19,lagarto,11.97,11.81,11.81,1
2026-05-19_costelao,2026-05-19,costelao,15.06,15.06,19.08,0
2026-05-19_maminha,2026-05-19,maminha,11.21,11.21,11.57,0
2026-05-19_coxao_duro,2026-05-19,coxao_duro,10.75,10.75,15.07,0
2026-05-19_vazio,2026-05-19,vazio,7.08,7.08,9.94,0
2026-05-19_patinho,2026-05-19,patinho,16.74,16.74,19.97,0
2026-05-19_musculo_traseiro,2026-05-19,musculo_traseiro,10.94,10.94,12.97,0
2026-05-20_pescoco,2026-05-20,pescoco,6.12,6.12,6.4,0
2026-05-20_acem,2026-05-20,acem,26.16,26.16,33.37,0
2026-05-20_ponta_de_peito,2026-05-20,ponta_de_peito,8.07,8.07,12.39,0
2026-05-20_paleta,2026-05-20,paleta,14.65,14.65,20.54,0
2026-05-20_musculo_dianteiro,2026-05-20,musculo_dianteiro,12.04,12.04,14.03,0
2026-05-20_cupim,2026-05-20,cupim,8.33,8.33,11.44,0
2026-05-20_capa_file,2026-05-20,capa_file,7.48,7.48,8.42,0
2026-05-20_file_agulha,2026-05-20,file_agulha,9.63,9.63,11.87,0
2026-05-20_file_simples,2026-05-20,file_simples,9.98,9.98,13.24,0
2026-05-20_picanha,2026-05-20,picanha,8.26,8.26,12.1,0
2026-05-20_file_mignon,2026-05-20,file_mignon,6.27,6.27,7.92,0
2026-05-20_alcatra,2026-05-20,alcatra,15.93,15.93,23.5,0
2026-05-20_fraldinha,2026-05-20,fraldinha,10.76,10.76,12.63,0
2026-05-20_coxao_mole,2026-05-20,coxao_mole,17.58,17.58,25.17,0
2026-05-20_lagarto,2026-05-20,lagarto,12.02,12.02,14.8,0
2026-05-20_costelao,2026-05-20,costelao,16.69,16.45,16.45,1
2026-05-20_maminha,2026-05-20,maminha,9.04,9.04,16.62,0
2026-05-20_coxao_duro,2026-05-20,coxao_duro,13.79,13.79,17.38,0
2026-05-20_vazio,2026-05-20,vazio,9.78,9.78,11.85,0
2026-05-20_patinho,2026-05-20,patinho,19.96,19.96,28.15,0
2026-05-20_musculo_traseiro,2026-05-20,musculo_traseiro,10.8,10.8,15.72,0
2026-05-21_pescoco,2026-05-21,pescoco,7.68,7.68,9.8,0
2026-05-21_acem,2026-05-21,acem,29.95,29.95,31.75,0
2026-05-21_ponta_de_peito,2026-05-21,ponta_de_peito,9.76,9.76,12.51,0
2026-05-21_paleta,2026-05-21,paleta,15.64,15.64,15.76,0
2026-05-21_musculo_dianteiro,2026-05-21,musculo_dianteiro,13.54,13.54,18.03,0
2026-05-21_cupim,2026-05-21,cupim,9.08,9.08,10.58,0
2026-05-21_capa_file,2026-05-21,capa_file,9.21,9.21,12.02,0
2026-05-21_file_agulha,2026-05-21,file_agulha,8.41,8.41,14.87,0
2026-05-21_file_simples,2026-05-21,file_simples,12.17,12.17,14.94,0
2026-05-21_picanha,2026-05-21,picanha,14.43,10.16,10.16,1
2026-05-21_file_mignon,2026-05-21,file_mignon,6.95,6.95,7.79,0
2026-05-21_alcatra,2026-05-21,alcatra,18.44,18.44,20.84,0
2026-05-21_fraldinha,2026-05-21,fraldinha,15.04,12.65,12.65,1
2026-05-21_coxao_mole,2026-05-21,coxao_mole,17.46,17.46,25.43,0
2026-05-21_lagarto,2026-05-21,lagarto,11.39,11.39,15.57,0
2026-05-21_costelao,2026-05-21,costelao,15.12,15.12,23.61,0
2026-05-21_maminha,2026-05-21,maminha,14.51,12.69,12.69,1
2026-05-21_coxao_duro,2026-05-21,coxao_duro,12.56,12.56,17.96,0
2026-05-21_vazio,2026-05-21,vazio,10.4,10.4,12.95,0
2026-05-21_patinho,2026-05-21,patinho,19.34,19.34,23.87,0
2026-05-21_musculo_traseiro,2026-05-21,musculo_traseiro,15.3,15.3,15.87,0
2026-05-22_pescoco,2026-05-22,pescoco,8.48,8.48,12.88,0
2026-05-22_acem,2026-05-22,acem,32.28,32.28,34.59,0
2026-05-22_ponta_de_peito,2026-05-22,ponta_de_peito,11.31,11.31,14.26,0
2026-05-22_paleta,2026-05-22,paleta,16.1,16.1,22.33,0
2026-05-22_musculo_dianteiro,2026-05-22,musculo_dianteiro,13.07,13.07,19.82,0
2026-05-22_cupim,2026-05-22,cupim,8.81,8.81,14.02,0
2026-05-22_capa_file,2026-05-22,capa_file,10.72,10.72,12.22,0
2026-05-22_file_agulha,2026-05-22,file_agulha,15.12,15.12,15.5,0
2026-05-22_file_simples,2026-05-22,file_simples,15.53,15.53,19.72,0
2026-05-22_picanha,2026-05-22,picanha,15.41,15.41,16.06,0
2026-05-22_file_mignon,2026-05-22,file_mignon,7.12,7.12,10.41,0
2026-05-22_alcatra,2026-05-22,alcatra,23.63,23.63,25.56,0
2026-05-22_fraldinha,2026-05-22,fraldinha,17.88,17.88,21.32,0
2026-05-22_coxao_mole,2026-05-22,coxao_mole,20.41,20.41,28.98,0
2026-05-22_lagarto,2026-05-22,lagarto,14.54,14.54,19.31,0
2026-05-22_costelao,2026-05-22,costelao,22.86,22.86,24.09,0
2026-05-22_maminha,2026-05-22,maminha,13.86,13.86,14.86,0
2026-05-22_coxao_duro,2026-05-22,coxao_duro,16.33,16.33,19.91,0
2026-05-22_vazio,2026-05-22,vazio,10.61,10.61,13.54,0
2026-05-22_patinho,2026-05-22,patinho,17.96,17.96,25.95,0
2026-05-22_musculo_traseiro,2026-05-22,musculo_traseiro,13.77,13.77,14.7,0
2026-05-23_pescoco,2026-05-23,pescoco,10.03,10.03,15.78,0
2026-05-23_acem,2026-05-23,acem,36.46,36.46,39.3,0
2026-05-23_ponta_de_peito,2026-05-23,ponta_de_peito,16.18,15.16,15.16,1
2026-05-23_paleta,2026-05-23,paleta,25.44,24.71,24.71,1
2026-05-23_musculo_dianteiro,2026-05-23,musculo_dianteiro,20.45,20.45,22.61,0
2026-05-23_cupim,2026-05-23,cupim,13.08,13.08,15.52,0
2026-05-23_capa_file,2026-05-23,capa_file,14.04,14.04,15.34,0
2026-05-23_file_agulha,2026-05-23,file_agulha,15.84,15.84,19.09,0
2026-05-23_file_simples,2026-05-23,file_simples,14.26,14.26,19.77,0
2026-05-23_picanha,2026-05-23,picanha,20.37,19.14,19.14,1
2026-05-23_file_mignon,2026-05-23,file_mignon,11.39,11.39,12.89,0
2026-05-23_alcatra,2026-05-23,alcatra,34.27,32.93,32.93,1
2026-05-23_fraldinha,2026-05-23,fraldinha,25.67,22.07,22.07,1
2026-05-23_coxao_mole,2026-05-23,coxao_mole,32.82,32.82,36.22,0
2026-05-23_lagarto,2026-05-23,lagarto,14.19,14.19,18.5,0
2026-05-23_costelao,2026-05-23,costelao,30.52,30.52,32.16,0
2026-05-23_maminha,2026-05-23,maminha,23.2,23.14,23.14,1
2026-05-23_coxao_duro,2026-05-23,coxao_duro,21.64,21.64,24.43,0
2026-05-23_vazio,2026-05-23,vazio,17.38,17.38,17.48,0
2026-05-23_patinho,2026-05-23,patinho,32.14,32.14,44.3,0
2026-05-23_musculo_traseiro,2026-05-23,musculo_traseiro,16.04,16.04,21.83,0
2026-05-24_pescoco,2026-05-24,pescoco,8.49,8.49,11.76,0
2026-05-24_acem,2026-05-24,acem,33.63,33.63,36.39,0
2026-05-24_ponta_de_peito,2026-05-24,ponta_de_peito,14.62,12.21,12.21,1
2026-05-24_paleta,2026-05-24,paleta,16.36,16.36,22.15,0
2026-05-24_musculo_dianteiro,2026-05-24,musculo_dianteiro,16.28,15.39,15.39,1
2026-05-24_cupim,2026-05-24,cupim,12.97,12.79,12.79,1
2026-05-24_capa_file,2026-05-24,capa_file,12.23,12.23,12.5,0
2026-05-24_file_agulha,2026-05-24,file_agulha,13.28,13.28,15.22,0
2026-05-24_file_simples,2026-05-24,file_simples,14.52,14.28,14.28,1
2026-05-24_picanha,2026-05-24,picanha,13.48,13.48,15.65,0
2026-05-24_file_mignon,2026-05-24,file_mignon,7.51,7.49,7.49,1
2026-05-24_alcatra,2026-05-24,alcatra,21.98,21.98,26.2,0
2026-05-24_fraldinha,2026-05-24,fraldinha,14.18,14.18,16.09,0
2026-05-24_coxao_mole,2026-05-24,coxao_mole,20.39,20.39,30.98,0
2026-05-24_lagarto,2026-05-24,lagarto,13.37,13.37,17.08,0
2026-05-24_costelao,2026-05-24,costelao,16.5,16.5,22.39,0
2026-05-24_maminha,2026-05-24,maminha,13.85,13.85,15.89,0
2026-05-24_coxao_duro,2026-05-24,coxao_duro,18.21,18.21,19.57,0
2026-05-24_vazio,2026-05-24,vazio,13.65,13.27,13.27,1
2026-05-24_patinho,2026-05-24,patinho,23.85,23.85,32.64,0
2026-05-24_musculo_traseiro,2026-05-24,musculo_traseiro,11.42,11.42,14.7,0
2026-05-25_pescoco,2026-05-25,pescoco,4.32,4.32,8.5,0
2026-05-25_acem,2026-05-25,acem,20.59,20.59,25.34,0
2026-05-25_ponta_de_peito,2026-05-25,ponta_de_peito,8.27,8.27,11.22,0
2026-05-25_paleta,2026-05-25,paleta,12.72,12.72,16.55,0
2026-05-25_musculo_dianteiro,2026-05-25,musculo_dianteiro,9.96,9.96,11.23,0
2026-05-25_cupim,2026-05-25,cupim,7.56,7.56,9.57,0
2026-05-25_capa_file,2026-05-25,capa_file,11.04,9.01,9.01,1
2026-05-25_file_agulha,2026-05-25,file_agulha,12.09,11.94,11.94,1
2026-05-25_file_simples,2026-05-25,file_simples,9.73,9.73,12.32,0
2026-05-25_picanha,2026-05-25,picanha,8.56,8.56,11.82,0
2026-05-25_file_mignon,2026-05-25,file_mignon,5.73,5.73,6.12,0
2026-05-25_alcatra,2026-05-25,alcatra,12.84,12.84,16.66,0
2026-05-25_fraldinha,2026-05-25,fraldinha,7.82,7.82,13.36,0
2026-05-25_coxao_mole,2026-05-25,coxao_mole,19.25,19.16,19.16,1
2026-05-25_lagarto,2026-05-25,lagarto,9.5,9.5,15.43,0
2026-05-25_costelao,2026-05-25,costelao,22.02,22.02,22.43,0
2026-05-25_maminha,2026-05-25,maminha,7.84,7.84,16.39,0
2026-05-25_coxao_duro,2026-05-25,coxao_duro,10.12,10.12,15.01,0
2026-05-25_vazio,2026-05-25,vazio,9.19,9.19,10.41,0
2026-05-25_patinho,2026-05-25,patinho,21.79,20.94,20.94,1
2026-05-25_musculo_traseiro,2026-05-25,musculo_traseiro,7.38,7.38,10.81,0
2026-05-26_pescoco,2026-05-26,pescoco,5.85,5.85,8.39,0
2026-05-26_acem,2026-05-26,acem,20.71,20.71,29.2,0
2026-05-26_ponta_de_peito,2026-05-26,ponta_de_peito,9.83,9.83,12.16,0
2026-05-26_paleta,2026-05-26,paleta,13.04,13.04,14.17,0
2026-05-26_musculo_dianteiro,2026-05-26,musculo_dianteiro,11.68,11.68,11.79,0
2026-05-26_cupim,2026-05-26,cupim,8.19,8.19,8.72,0
2026-05-26_capa_file,2026-05-26,capa_file,6.23,6.23,8.97,0
2026-05-26_file_agulha,2026-05-26,file_agulha,10.8,10.8,12.1,0
2026-05-26_file_simples,2026-05-26,file_simples,9.45,9.45,15.85,0
2026-05-26_picanha,2026-05-26,picanha,9.52,9.52,9.79,0
2026-05-26_file_mignon,2026-05-26,file_mignon,6.51,6.51,8.25,0
2026-05-26_alcatra,2026-05-26,alcatra,17.11,17.11,21.6,0
2026-05-26_fraldinha,2026-05-26,fraldinha,10.59,10.59,14.95,0
2026-05-26_coxao_mole,2026-05-26,coxao_mole,16.17,16.17,22.6,0
2026-05-26_lagarto,2026-05-26,lagarto,9.97,9.97,10.98,0
2026-05-26_costelao,2026-05-26,costelao,14.59,14.59,22.71,0
2026-05-26_maminha,2026-05-26,maminha,9.58,9.58,11.61,0
2026-05-26_coxao_duro,2026-05-26,coxao_duro,14.84,12.59,12.59,1
2026-05-26_vazio,2026-05-26,vazio,9.18,9.18,11.2,0
2026-05-26_patinho,2026-05-26,patinho,21.54,21.54,22.85,0
2026-05-26_musculo_traseiro,2026-05-26,musculo_traseiro,9.41,9.41,10.98,0
2026-05-27_pescoco,2026-05-27,pescoco,7.02,7.02,9.45,0
2026-05-27_acem,2026-05-27,acem,22.72,22.72,28.8,0
2026-05-27_ponta_de_peito,2026-05-27,ponta_de_peito,9.61,9.61,9.92,0
2026-05-27_paleta,2026-05-27,paleta,14.3,14.3,18.91,0
2026-05-27_musculo_dianteiro,2026-05-27,musculo_dianteiro,11.06,11.06,16.8,0
2026-05-27_cupim,2026-05-27,cupim,7.88,7.88,9.32,0
2026-05-27_capa_file,2026-05-27,capa_file,9.01,9.01,10.15,0
2026-05-27_file_agulha,2026-05-27,file_agulha,10.4,10.4,11.93,0
2026-05-27_file_simples,2026-05-27,file_simples,9.19,9.19,11.15,0
2026-05-27_picanha,2026-05-27,picanha,9.82,9.82,12.34,0
2026-05-27_file_mignon,2026-05-27,file_mignon,5.37,5.37,9.04,0
2026-05-27_alcatra,2026-05-27,alcatra,14.64,14.64,19.22,0
2026-05-27_fraldinha,2026-05-27,fraldinha,12.17,12.17,15.62,0
2026-05-27_coxao_mole,2026-05-27,coxao_mole,17.34,17.34,20.4,0
2026-05-27_lagarto,2026-05-27,lagarto,12.06,12.06,13.16,0
2026-05-27_costelao,2026-05-27,costelao,15.0,15.0,22.04,0
2026-05-27_maminha,2026-05-27,maminha,9.93,9.93,12.16,0
2026-05-27_coxao_duro,2026-05-27,coxao_duro,13.56,13.56,15.52,0
2026-05-27_vazio,2026-05-27,vazio,9.87,9.87,12.95,0
2026-05-27_patinho,2026-05-27,patinho,20.4,20.4,26.45,0
2026-05-27_musculo_traseiro,2026-05-27,musculo_traseiro,10.53,10.53,13.06,0
2026-05-28_pescoco,2026-05-28,pescoco,7.46,7.46,9.42,0
2026-05-28_acem,2026-05-28,acem,28.97,28.55,28.55,1
2026-05-28_ponta_de_peito,2026-05-28,ponta_de_peito,14.65,11.99,11.99,1
2026-05-28_paleta,2026-05-28,paleta,12.31,12.31,24.15,0
2026-05-28_musculo_dianteiro,2026-05-28,musculo_dianteiro,12.59,12.59,16.91,0
2026-05-28_cupim,2026-05-28,cupim,7.89,7.89,11.32,0
2026-05-28_capa_file,2026-05-28,capa_file,9.92,9.92,12.35,0
2026-05-28_file_agulha,2026-05-28,file_agulha,11.71,11.71,13.6,0
2026-05-28_file_simples,2026-05-28,file_simples,12.35,12.35,14.18,0
2026-05-28_picanha,2026-05-28,picanha,12.33,12.33,14.83,0
2026-05-28_file_mignon,2026-05-28,file_mignon,7.58,7.58,8.54,0
2026-05-28_alcatra,2026-05-28,alcatra,17.21,17.21,26.47,0
2026-05-28_fraldinha,2026-05-28,fraldinha,13.33,13.33,17.63,0
2026-05-28_coxao_mole,2026-05-28,coxao_mole,16.92,16.92,25.77,0
2026-05-28_lagarto,2026-05-28,lagarto,13.06,13.06,14.68,0
2026-05-28_costelao,2026-05-28,costelao,20.72,20.72,22.36,0
2026-05-28_maminha,2026-05-28,maminha,11.91,11.91,14.74,0
2026-05-28_coxao_duro,2026-05-28,coxao_duro,16.42,16.42,17.95,0
2026-05-28_vazio,2026-05-28,vazio,10.15,10.15,11.18,0
2026-05-28_patinho,2026-05-28,patinho,20.33,20.33,30.07,0
2026-05-28_musculo_traseiro,2026-05-28,musculo_traseiro,16.67,15.41,15.41,1
2026-05-29_pescoco,2026-05-29,pescoco,9.47,9.47,10.79,0
2026-05-29_acem,2026-05-29,acem,30.15,30.15,36.73,0
2026-05-29_ponta_de_peito,2026-05-29,ponta_de_peito,10.26,10.26,13.71,0
2026-05-29_paleta,2026-05-29,paleta,18.3,18.3,20.86,0
2026-05-29_musculo_dianteiro,2026-05-29,musculo_dianteiro,15.85,15.85,18.87,0
2026-05-29_cupim,2026-05-29,cupim,15.32,11.1,11.1,1
2026-05-29_capa_file,2026-05-29,capa_file,13.31,12.71,12.71,1
2026-05-29_file_agulha,2026-05-29,file_agulha,12.4,12.4,15.55,0
2026-05-29_file_simples,2026-05-29,file_simples,14.78,14.78,15.26,0
2026-05-29_picanha,2026-05-29,picanha,14.63,14.63,16.58,0
2026-05-29_file_mignon,2026-05-29,file_mignon,8.45,8.45,9.83,0
2026-05-29_alcatra,2026-05-29,alcatra,21.79,21.79,25.0,0
2026-05-29_fraldinha,2026-05-29,fraldinha,16.55,16.55,21.4,0
2026-05-29_coxao_mole,2026-05-29,coxao_mole,21.07,21.07,28.15,0
2026-05-29_lagarto,2026-05-29,lagarto,16.91,14.91,14.91,1
2026-05-29_costelao,2026-05-29,costelao,24.39,24.39,24.52,0
2026-05-29_maminha,2026-05-29,maminha,14.05,14.05,17.7,0
2026-05-29_coxao_duro,2026-05-29,coxao_duro,19.82,19.82,22.59,0
2026-05-29_vazio,2026-05-29,vazio,12.72,12.72,14.67,0
2026-05-29_patinho,2026-05-29,patinho,29.25,29.25,33.78,0
2026-05-29_musculo_traseiro,2026-05-29,musculo_traseiro,14.32,14.32,19.32,0
2026-05-30_pescoco,2026-05-30,pescoco,11.64,11.64,15.24,0
2026-05-30_acem,2026-05-30,acem,26.74,26.74,43.73,0
2026-05-30_ponta_de_peito,2026-05-30,ponta_de_peito,14.62,14.62,18.31,0
2026-05-30_paleta,2026-05-30,paleta,19.11,19.11,30.43,0
2026-05-30_musculo_dianteiro,2026-05-30,musculo_dianteiro,19.86,19.86,20.27,0
2026-05-30_cupim,2026-05-30,cupim,15.59,15.22,15.22,1
2026-05-30_capa_file,2026-05-30,capa_file,21.01,17.28,17.28,1
2026-05-30_file_agulha,2026-05-30,file_agulha,15.08,15.08,22.07,0
2026-05-30_file_simples,2026-05-30,file_simples,15.96,15.96,22.22,0
2026-05-30_picanha,2026-05-30,picanha,20.18,20.08,20.08,1
2026-05-30_file_mignon,2026-05-30,file_mignon,10.06,10.06,12.55,0
2026-05-30_alcatra,2026-05-30,alcatra,34.38,33.73,33.73,1
2026-05-30_fraldinha,2026-05-30,fraldinha,21.31,21.31,21.79,0
2026-05-30_coxao_mole,2026-05-30,coxao_mole,27.51,27.51,31.96,0
2026-05-30_lagarto,2026-05-30,lagarto,15.15,15.15,21.39,0
2026-05-30_costelao,2026-05-30,costelao,31.32,31.32,33.18,0
2026-05-30_maminha,2026-05-30,maminha,20.42,20.42,22.52,0
2026-05-30_coxao_duro,2026-05-30,coxao_duro,21.43,21.43,23.59,0
2026-05-30_vazio,2026-05-30,vazio,18.22,17.97,17.97,1
2026-05-30_patinho,2026-05-30,patinho,29.07,29.07,42.89,0
2026-05-30_musculo_traseiro,2026-05-30,musculo_traseiro,16.31,16.31,21.12,0
2026-05-31_pescoco,2026-05-31,pescoco,10.42,9.22,9.22,1
2026-05-31_acem,2026-05-31,acem,19.84,19.84,33.51,0
2026-05-31_ponta_de_peito,2026-05-31,ponta_de_peito,10.66,10.66,12.9,0
2026-05-31_paleta,2026-05-31,paleta,17.88,17.88,21.16,0
2026-05-31_musculo_dianteiro,2026-05-31,musculo_dianteiro,15.28,15.28,16.93,0
2026-05-31_cupim,2026-05-31,cupim,11.83,11.06,11.06,1
2026-05-31_capa_file,2026-05-31,capa_file,11.97,11.97,13.15,0
2026-05-31_file_agulha,2026-05-31,file_agulha,10.95,10.95,15.03,0
2026-05-31_file_simples,2026-05-31,file_simples,16.79,16.79,17.0,0
2026-05-31_picanha,2026-05-31,picanha,12.17,12.17,16.27,0
2026-05-31_file_mignon,2026-05-31,file_mignon,5.58,5.58,8.67,0
2026-05-31_alcatra,2026-05-31,alcatra,25.66,21.5,21.5,1
2026-05-31_fraldinha,2026-05-31,fraldinha,17.25,17.25,18.58,0
2026-05-31_coxao_mole,2026-05-31,coxao_mole,21.94,21.94,27.41,0
2026-05-31_lagarto,2026-05-31,lagarto,10.83,10.83,17.68,0
2026-05-31_costelao,2026-05-31,costelao,19.76,19.76,23.49,0
2026-05-31_maminha,2026-05-31,maminha,13.74,13.74,16.42,0
2026-05-31_coxao_duro,2026-05-31,coxao_duro,14.93,14.93,19.55,0
2026-05-31_vazio,2026-05-31,vazio,11.44,11.44,14.14,0
2026-05-31_patinho,2026-05-31,patinho,20.88,20.88,31.05,0
2026-05-31_musculo_traseiro,2026-05-31,musculo_traseiro,13.27,13.27,15.72,0
2026-06-01_pescoco,2026-06-01,pescoco,7.23,7.23,9.66,0
2026-06-01_acem,2026-06-01,acem,17.49,17.49,25.83,0
2026-06-01_ponta_de_peito,2026-06-01,ponta_de_peito,13.07,10.14,10.14,1
2026-06-01_paleta,2026-06-01,paleta,12.78,12.78,17.0,0
2026-06-01_musculo_dianteiro,2026-06-01,musculo_dianteiro,11.74,11.74,12.8,0
2026-06-01_cupim,2026-06-01,cupim,9.08,8.86,8.86,1
2026-06-01_capa_file,2026-06-01,capa_file,6.75,6.75,10.33,0
2026-06-01_file_agulha,2026-06-01,file_agulha,8.77,8.77,11.26,0
2026-06-01_file_simples,2026-06-01,file_simples,10.4,10.4,14.37,0
2026-06-01_picanha,2026-06-01,picanha,9.79,9.79,13.28,0
2026-06-01_file_mignon,2026-06-01,file_mignon,5.72,5.72,7.41,0
2026-06-01_alcatra,2026-06-01,alcatra,15.97,15.97,19.45,0
2026-06-01_fraldinha,2026-06-01,fraldinha,11.15,10.94,10.94,1
2026-06-01_coxao_mole,2026-06-01,coxao_mole,13.61,13.61,17.29,0
2026-06-01_lagarto,2026-06-01,lagarto,10.39,10.39,13.11,0
2026-06-01_costelao,2026-06-01,costelao,15.51,15.51,19.02,0
2026-06-01_maminha,2026-06-01,maminha,8.87,8.87,11.62,0
2026-06-01_coxao_duro,2026-06-01,coxao_duro,9.63,9.63,16.16,0
2026-06-01_vazio,2026-06-01,vazio,7.5,7.5,8.91,0
2026-06-01_patinho,2026-06-01,patinho,21.97,19.75,19.75,1
2026-06-01_musculo_traseiro,2026-06-01,musculo_traseiro,12.95,11.45,11.45,1
2026-06-02_pescoco,2026-06-02,pescoco,7.01,7.01,7.44,0
2026-06-02_acem,2026-06-02,acem,26.1,26.1,35.25,0
2026-06-02_ponta_de_peito,2026-06-02,ponta_de_peito,8.04,8.04,12.31,0
2026-06-02_paleta,2026-06-02,paleta,15.44,15.44,16.43,0
2026-06-02_musculo_dianteiro,2026-06-02,musculo_dianteiro,13.81,13.81,15.9,0
2026-06-02_cupim,2026-06-02,cupim,8.13,7.95,7.95,1
2026-06-02_capa_file,2026-06-02,capa_file,7.69,7.69,11.27,0
2026-06-02_file_agulha,2026-06-02,file_agulha,11.73,11.63,11.63,1
2026-06-02_file_simples,2026-06-02,file_simples,11.28,11.28,14.59,0
2026-06-02_picanha,2026-06-02,picanha,10.12,10.12,10.81,0
2026-06-02_file_mignon,2026-06-02,file_mignon,6.27,6.27,8.61,0
2026-06-02_alcatra,2026-06-02,alcatra,16.96,16.96,20.83,0
2026-06-02_fraldinha,2026-06-02,fraldinha,9.29,9.29,15.04,0
2026-06-02_coxao_mole,2026-06-02,coxao_mole,17.0,17.0,21.34,0
2026-06-02_lagarto,2026-06-02,lagarto,15.41,13.29,13.29,1
2026-06-02_costelao,2026-06-02,costelao,19.05,17.63,17.63,1
2026-06-02_maminha,2026-06-02,maminha,10.26,10.26,12.74,0
2026-06-02_coxao_duro,2026-06-02,coxao_duro,13.28,13.28,17.59,0
2026-06-02_vazio,2026-06-02,vazio,9.1,9.1,11.72,0
2026-06-02_patinho,2026-06-02,patinho,18.52,18.52,26.68,0
2026-06-02_musculo_traseiro,2026-06-02,musculo_traseiro,9.25,9.25,16.08,0
2026-06-03_pescoco,2026-06-03,pescoco,6.61,6.61,10.52,0
2026-06-03_acem,2026-06-03,acem,23.82,23.82,28.45,0
2026-06-03_ponta_de_peito,2026-06-03,ponta_de_peito,9.17,9.17,12.3,0
2026-06-03_paleta,2026-06-03,paleta,17.05,17.05,17.14,0
2026-06-03_musculo_dianteiro,2026-06-03,musculo_dianteiro,13.81,13.81,16.09,0
2026-06-03_cupim,2026-06-03,cupim,7.47,7.47,11.56,0
2026-06-03_capa_file,2026-06-03,capa_file,9.84,9.31,9.31,1
2026-06-03_file_agulha,2026-06-03,file_agulha,8.77,8.77,13.73,0
2026-06-03_file_simples,2026-06-03,file_simples,10.21,10.21,15.32,0
2026-06-03_picanha,2026-06-03,picanha,10.88,10.88,14.14,0
2026-06-03_file_mignon,2026-06-03,file_mignon,7.83,7.31,7.31,1
2026-06-03_alcatra,2026-06-03,alcatra,19.18,19.18,23.56,0
2026-06-03_fraldinha,2026-06-03,fraldinha,11.72,11.72,16.32,0
2026-06-03_coxao_mole,2026-06-03,coxao_mole,21.92,18.11,18.11,1
2026-06-03_lagarto,2026-06-03,lagarto,11.14,11.14,13.97,0
2026-06-03_costelao,2026-06-03,costelao,17.22,17.22,20.78,0
2026-06-03_maminha,2026-06-03,maminha,14.13,12.54,12.54,1
2026-06-03_coxao_duro,2026-06-03,coxao_duro,13.08,13.08,16.32,0
2026-06-03_vazio,2026-06-03,vazio,11.42,11.42,12.71,0
2026-06-03_patinho,2026-06-03,patinho,20.63,20.63,27.2,0
2026-06-03_musculo_traseiro,2026-06-03,musculo_traseiro,11.17,11.17,13.65,0
2026-06-04_pescoco,2026-06-04,pescoco,7.35,7.35,10.94,0
2026-06-04_acem,2026-06-04,acem,31.88,31.88,35.0,0
2026-06-04_ponta_de_peito,2026-06-04,ponta_de_peito,8.79,8.79,12.98,0
2026-06-04_paleta,2026-06-04,paleta,15.24,15.24,23.44,0
2026-06-04_musculo_dianteiro,2026-06-04,musculo_dianteiro,14.22,13.66,13.66,1
2026-06-04_cupim,2026-06-04,cupim,8.4,8.4,12.39,0
2026-06-04_capa_file,2026-06-04,capa_file,9.7,9.7,12.27,0
2026-06-04_file_agulha,2026-06-04,file_agulha,9.98,9.98,16.36,0
2026-06-04_file_simples,2026-06-04,file_simples,11.62,11.62,14.8,0
2026-06-04_picanha,2026-06-04,picanha,10.92,10.92,13.72,0
2026-06-04_file_mignon,2026-06-04,file_mignon,6.69,6.69,8.9,0
2026-06-04_alcatra,2026-06-04,alcatra,15.84,15.84,17.67,0
2026-06-04_fraldinha,2026-06-04,fraldinha,12.42,12.42,16.21,0
2026-06-04_coxao_mole,2026-06-04,coxao_mole,22.35,22.35,24.23,0
2026-06-04_lagarto,2026-06-04,lagarto,10.9,10.9,16.16,0
2026-06-04_costelao,2026-06-04,costelao,26.73,21.19,21.19,1
2026-06-04_maminha,2026-06-04,maminha,12.09,12.09,17.47,0
2026-06-04_coxao_duro,2026-06-04,coxao_duro,11.5,11.5,21.55,0
2026-06-04_vazio,2026-06-04,vazio,8.04,8.04,12.66,0
2026-06-04_patinho,2026-06-04,patinho,22.99,22.99,28.36,0
2026-06-04_musculo_traseiro,2026-06-04,musculo_traseiro,9.13,9.13,13.81,0
2026-06-05_pescoco,2026-06-05,pescoco,13.33,13.05,13.05,1
2026-06-05_acem,2026-06-05,acem,40.8,37.56,37.56,1
2026-06-05_ponta_de_peito,2026-06-05,ponta_de_peito,10.11,10.11,14.23,0
2026-06-05_paleta,2026-06-05,paleta,20.13,20.13,22.46,0
2026-06-05_musculo_dianteiro,2026-06-05,musculo_dianteiro,14.38,14.38,20.08,0
2026-06-05_cupim,2026-06-05,cupim,13.82,13.82,15.88,0
2026-06-05_capa_file,2026-06-05,capa_file,9.96,9.96,13.86,0
2026-06-05_file_agulha,2026-06-05,file_agulha,10.51,10.51,16.72,0
2026-06-05_file_simples,2026-06-05,file_simples,13.2,13.2,21.18,0
2026-06-05_picanha,2026-06-05,picanha,14.56,14.56,15.26,0
2026-06-05_file_mignon,2026-06-05,file_mignon,8.43,8.43,10.46,0
2026-06-05_alcatra,2026-06-05,alcatra,23.85,23.85,24.95,0
2026-06-05_fraldinha,2026-06-05,fraldinha,16.54,16.54,21.5,0
2026-06-05_coxao_mole,2026-06-05,coxao_mole,22.0,22.0,27.06,0
2026-06-05_lagarto,2026-06-05,lagarto,13.13,13.13,17.43,0
2026-06-05_costelao,2026-06-05,costelao,17.48,17.48,26.12,0
2026-06-05_maminha,2026-06-05,maminha,14.23,14.23,18.66,0
2026-06-05_coxao_duro,2026-06-05,coxao_duro,14.0,14.0,18.18,0
2026-06-05_vazio,2026-06-05,vazio,14.57,14.57,15.73,0
2026-06-05_patinho,2026-06-05,patinho,27.08,27.08,36.15,0
2026-06-05_musculo_traseiro,2026-06-05,musculo_traseiro,16.31,16.31,20.39,0
2026-06-06_pescoco,2026-06-06,pescoco,11.47,11.47,13.21,0
2026-06-06_acem,2026-06-06,acem,37.91,37.91,45.84,0
2026-06-06_ponta_de_peito,2026-06-06,ponta_de_peito,16.95,16.95,19.81,0
2026-06-06_paleta,2026-06-06,paleta,21.77,21.77,27.69,0
2026-06-06_musculo_dianteiro,2026-06-06,musculo_dianteiro,20.4,20.4,22.41,0
2026-06-06_cupim,2026-06-06,cupim,19.09,15.36,15.36,1
2026-06-06_capa_file,2026-06-06,capa_file,17.2,15.02,15.02,1
2026-06-06_file_agulha,2026-06-06,file_agulha,13.64,13.64,23.55,0
2026-06-06_file_simples,2026-06-06,file_simples,16.41,16.41,22.56,0
2026-06-06_picanha,2026-06-06,picanha,21.86,19.11,19.11,1
2026-06-06_file_mignon,2026-06-06,file_mignon,9.77,9.77,13.57,0
2026-06-06_alcatra,2026-06-06,alcatra,38.73,27.91,27.91,1
2026-06-06_fraldinha,2026-06-06,fraldinha,21.68,21.68,24.55,0
2026-06-06_coxao_mole,2026-06-06,coxao_mole,25.62,25.62,37.37,0
2026-06-06_lagarto,2026-06-06,lagarto,15.25,15.25,25.37,0
2026-06-06_costelao,2026-06-06,costelao,32.07,30.68,30.68,1
2026-06-06_maminha,2026-06-06,maminha,31.8,24.11,24.11,1
2026-06-06_coxao_duro,2026-06-06,coxao_duro,19.23,19.23,27.0,0
2026-06-06_vazio,2026-06-06,vazio,17.14,17.14,21.51,0
2026-06-06_patinho,2026-06-06,patinho,27.89,27.89,41.89,0
2026-06-06_musculo_traseiro,2026-06-06,musculo_traseiro,15.38,15.38,21.69,0
2026-06-07_pescoco,2026-06-07,pescoco,8.74,8.74,11.29,0
2026-06-07_acem,2026-06-07,acem,22.36,22.36,37.04,0
2026-06-07_ponta_de_peito,2026-06-07,ponta_de_peito,11.07,11.07,12.23,0
2026-06-07_paleta,2026-06-07,paleta,19.21,19.21,19.67,0
2026-06-07_musculo_dianteiro,2026-06-07,musculo_dianteiro,13.18,13.18,14.93,0
2026-06-07_cupim,2026-06-07,cupim,11.84,11.84,14.18,0
2026-06-07_capa_file,2026-06-07,capa_file,11.97,11.97,13.73,0
2026-06-07_file_agulha,2026-06-07,file_agulha,11.62,11.62,14.46,0
2026-06-07_file_simples,2026-06-07,file_simples,11.15,11.15,18.4,0
2026-06-07_picanha,2026-06-07,picanha,13.76,13.67,13.67,1
2026-06-07_file_mignon,2026-06-07,file_mignon,8.21,8.21,9.28,0
2026-06-07_alcatra,2026-06-07,alcatra,24.27,24.11,24.11,1
2026-06-07_fraldinha,2026-06-07,fraldinha,16.35,16.35,17.92,0
2026-06-07_coxao_mole,2026-06-07,coxao_mole,18.07,18.07,26.65,0
2026-06-07_lagarto,2026-06-07,lagarto,11.56,11.56,13.06,0
2026-06-07_costelao,2026-06-07,costelao,37.31,22.7,22.7,1
2026-06-07_maminha,2026-06-07,maminha,13.5,13.5,17.02,0
2026-06-07_coxao_duro,2026-06-07,coxao_duro,19.75,19.75,20.18,0
2026-06-07_vazio,2026-06-07,vazio,11.9,11.9,14.18,0
2026-06-07_patinho,2026-06-07,patinho,19.4,19.4,26.92,0
2026-06-07_musculo_traseiro,2026-06-07,musculo_traseiro,15.14,15.14,16.43,0
2026-06-08_pescoco,2026-06-08,pescoco,8.36,8.36,8.92,0
2026-06-08_acem,2026-06-08,acem,25.15,25.15,25.19,0
2026-06-08_ponta_de_peito,2026-06-08,ponta_de_peito,11.11,11.11,12.57,0
2026-06-08_paleta,2026-06-08,paleta,12.86,12.86,17.3,0
2026-06-08_musculo_dianteiro,2026-06-08,musculo_dianteiro,11.41,11.41,13.13,0
2026-06-08_cupim,2026-06-08,cupim,9.58,8.85,8.85,1
2026-06-08_capa_file,2026-06-08,capa_file,8.02,8.02,10.64,0
2026-06-08_file_agulha,2026-06-08,file_agulha,11.47,9.79,9.79,1
2026-06-08_file_simples,2026-06-08,file_simples,10.97,10.97,12.22,0
2026-06-08_picanha,2026-06-08,picanha,8.74,8.74,12.98,0
2026-06-08_file_mignon,2026-06-08,file_mignon,5.9,5.9,6.65,0
2026-06-08_alcatra,2026-06-08,alcatra,17.4,17.4,18.94,0
2026-06-08_fraldinha,2026-06-08,fraldinha,12.59,12.59,16.69,0
2026-06-08_coxao_mole,2026-06-08,coxao_mole,14.63,14.63,21.58,0
2026-06-08_lagarto,2026-06-08,lagarto,10.67,10.67,13.74,0
2026-06-08_costelao,2026-06-08,costelao,15.51,15.51,20.67,0
2026-06-08_maminha,2026-06-08,maminha,9.41,9.41,12.43,0
2026-06-08_coxao_duro,2026-06-08,coxao_duro,12.83,12.83,13.93,0
2026-06-08_vazio,2026-06-08,vazio,9.44,9.27,9.27,1
2026-06-08_patinho,2026-06-08,patinho,18.31,18.31,18.78,0
2026-06-08_musculo_traseiro,2026-06-08,musculo_traseiro,11.06,9.53,9.53,1
2026-06-09_pescoco,2026-06-09,pescoco,7.22,7.22,9.68,0
2026-06-09_acem,2026-06-09,acem,24.1,24.1,29.99,0
2026-06-09_ponta_de_peito,2026-06-09,ponta_de_peito,8.69,8.69,10.17,0
2026-06-09_paleta,2026-06-09,paleta,14.12,14.12,17.59,0
2026-06-09_musculo_dianteiro,2026-06-09,musculo_dianteiro,12.87,12.87,13.97,0
2026-06-09_cupim,2026-06-09,cupim,8.04,8.04,11.44,0
2026-06-09_capa_file,2026-06-09,capa_file,8.0,8.0,10.45,0
2026-06-09_file_agulha,2026-06-09,file_agulha,11.85,11.85,11.96,0
2026-06-09_file_simples,2026-06-09,file_simples,11.24,11.24,14.34,0
2026-06-09_picanha,2026-06-09,picanha,10.76,10.76,11.82,0
2026-06-09_file_mignon,2026-06-09,file_mignon,5.34,5.34,8.94,0
2026-06-09_alcatra,2026-06-09,alcatra,17.55,17.55,20.51,0
2026-06-09_fraldinha,2026-06-09,fraldinha,12.38,12.38,14.04,0
2026-06-09_coxao_mole,2026-06-09,coxao_mole,17.57,17.57,24.14,0
2026-06-09_lagarto,2026-06-09,lagarto,9.8,9.8,12.57,0
2026-06-09_costelao,2026-06-09,costelao,15.42,15.42,18.58,0
2026-06-09_maminha,2026-06-09,maminha,10.84,10.84,14.54,0
2026-06-09_coxao_duro,2026-06-09,coxao_duro,11.05,11.05,16.78,0
2026-06-09_vazio,2026-06-09,vazio,8.2,8.2,9.35,0
2026-06-09_patinho,2026-06-09,patinho,20.65,20.65,22.0,0
2026-06-09_musculo_traseiro,2026-06-09,musculo_traseiro,13.88,13.88,16.73,0
2026-06-10_pescoco,2026-06-10,pescoco,6.42,6.42,9.82,0
2026-06-10_acem,2026-06-10,acem,25.63,25.63,29.41,0
2026-06-10_ponta_de_peito,2026-06-10,ponta_de_peito,9.82,9.82,11.36,0
2026-06-10_paleta,2026-06-10,paleta,15.69,15.69,15.79,0
2026-06-10_musculo_dianteiro,2026-06-10,musculo_dianteiro,11.63,11.63,19.55,0
2026-06-10_cupim,2026-06-10,cupim,8.61,8.61,10.04,0
2026-06-10_capa_file,2026-06-10,capa_file,8.67,8.67,10.29,0
2026-06-10_file_agulha,2026-06-10,file_agulha,9.84,9.84,11.11,0
2026-06-10_file_simples,2026-06-10,file_simples,13.3,10.54,10.54,1
2026-06-10_picanha,2026-06-10,picanha,11.18,11.18,15.62,0
2026-06-10_file_mignon,2026-06-10,file_mignon,6.05,6.05,7.86,0
2026-06-10_alcatra,2026-06-10,alcatra,16.49,16.49,19.38,0
2026-06-10_fraldinha,2026-06-10,fraldinha,14.95,14.95,17.01,0
2026-06-10_coxao_mole,2026-06-10,coxao_mole,20.54,20.54,24.12,0
2026-06-10_lagarto,2026-06-10,lagarto,11.56,11.56,12.14,0
2026-06-10_costelao,2026-06-10,costelao,20.19,20.19,22.31,0
2026-06-10_maminha,2026-06-10,maminha,8.45,8.45,15.0,0
2026-06-10_coxao_duro,2026-06-10,coxao_duro,9.26,9.26,15.62,0
2026-06-10_vazio,2026-06-10,vazio,10.19,10.19,11.07,0
2026-06-10_patinho,2026-06-10,patinho,18.82,18.82,25.95,0
2026-06-10_musculo_traseiro,2026-06-10,musculo_traseiro,15.37,14.23,14.23,1
2026-06-11_pescoco,2026-06-11,pescoco,7.3,7.3,9.77,0
2026-06-11_acem,2026-06-11,acem,25.87,25.87,32.61,0
2026-06-11_ponta_de_peito,2026-06-11,ponta_de_peito,10.19,10.19,12.86,0
2026-06-11_paleta,2026-06-11,paleta,16.98,16.98,18.11,0
2026-06-11_musculo_dianteiro,2026-06-11,musculo_dianteiro,14.36,14.36,17.03,0
2026-06-11_cupim,2026-06-11,cupim,8.43,8.43,10.49,0
2026-06-11_capa_file,2026-06-11,capa_file,7.59,7.59,11.49,0
2026-06-11_file_agulha,2026-06-11,file_agulha,15.37,15.37,16.04,0
2026-06-11_file_simples,2026-06-11,file_simples,16.35,16.35,17.46,0
2026-06-11_picanha,2026-06-11,picanha,11.93,11.93,16.45,0
2026-06-11_file_mignon,2026-06-11,file_mignon,7.08,7.08,8.97,0
2026-06-11_alcatra,2026-06-11,alcatra,17.4,17.4,24.0,0
2026-06-11_fraldinha,2026-06-11,fraldinha,18.13,18.13,18.41,0
2026-06-11_coxao_mole,2026-06-11,coxao_mole,20.63,20.63,26.07,0
2026-06-11_lagarto,2026-06-11,lagarto,11.81,11.81,16.64,0
2026-06-11_costelao,2026-06-11,costelao,25.01,21.37,21.37,1
2026-06-11_maminha,2026-06-11,maminha,10.98,10.98,15.99,0
2026-06-11_coxao_duro,2026-06-11,coxao_duro,16.76,16.76,17.88,0
2026-06-11_vazio,2026-06-11,vazio,9.83,9.83,12.18,0
2026-06-11_patinho,2026-06-11,patinho,21.86,21.86,29.03,0
2026-06-11_musculo_traseiro,2026-06-11,musculo_traseiro,14.63,14.29,14.29,1
2026-06-12_pescoco,2026-06-12,pescoco,10.15,10.15,13.48,0
2026-06-12_acem,2026-06-12,acem,36.38,36.38,41.65,0
2026-06-12_ponta_de_peito,2026-06-12,ponta_de_peito,11.7,11.7,16.16,0
2026-06-12_paleta,2026-06-12,paleta,18.98,18.98,25.13,0
2026-06-12_musculo_dianteiro,2026-06-12,musculo_dianteiro,15.42,15.42,18.16,0
2026-06-12_cupim,2026-06-12,cupim,14.5,12.52,12.52,1
2026-06-12_capa_file,2026-06-12,capa_file,13.44,13.44,16.63,0
2026-06-12_file_agulha,2026-06-12,file_agulha,12.55,12.55,17.37,0
2026-06-12_file_simples,2026-06-12,file_simples,15.52,15.52,18.41,0
2026-06-12_picanha,2026-06-12,picanha,10.53,10.53,18.17,0
2026-06-12_file_mignon,2026-06-12,file_mignon,9.55,9.55,11.25,0
2026-06-12_alcatra,2026-06-12,alcatra,22.69,22.69,26.49,0
2026-06-12_fraldinha,2026-06-12,fraldinha,16.97,16.97,19.76,0
2026-06-12_coxao_mole,2026-06-12,coxao_mole,27.13,27.13,32.33,0
2026-06-12_lagarto,2026-06-12,lagarto,13.43,13.43,19.65,0
2026-06-12_costelao,2026-06-12,costelao,25.34,25.34,28.08,0
2026-06-12_maminha,2026-06-12,maminha,18.12,18.12,19.05,0
2026-06-12_coxao_duro,2026-06-12,coxao_duro,17.57,17.57,19.82,0
2026-06-12_vazio,2026-06-12,vazio,11.69,11.69,13.9,0
2026-06-12_patinho,2026-06-12,patinho,28.19,28.19,36.4,0
2026-06-12_musculo_traseiro,2026-06-12,musculo_traseiro,13.62,13.62,18.86,0
2026-06-13_pescoco,2026-06-13,pescoco,11.44,11.44,13.97,0
2026-06-13_acem,2026-06-13,acem,39.46,39.46,45.66,0
2026-06-13_ponta_de_peito,2026-06-13,ponta_de_peito,15.42,15.42,16.41,0
2026-06-13_paleta,2026-06-13,paleta,18.71,18.71,31.45,0
2026-06-13_musculo_dianteiro,2026-06-13,musculo_dianteiro,17.32,17.32,24.23,0
2026-06-13_cupim,2026-06-13,cupim,18.16,18.16,18.32,0
2026-06-13_capa_file,2026-06-13,capa_file,17.66,15.4,15.4,1
2026-06-13_file_agulha,2026-06-13,file_agulha,14.73,14.73,20.6,0
2026-06-13_file_simples,2026-06-13,file_simples,18.74,18.74,21.87,0
2026-06-13_picanha,2026-06-13,picanha,16.73,16.73,21.01,0
2026-06-13_file_mignon,2026-06-13,file_mignon,9.49,9.49,13.13,0
2026-06-13_alcatra,2026-06-13,alcatra,27.34,27.34,30.72,0
2026-06-13_fraldinha,2026-06-13,fraldinha,28.92,24.6,24.6,1
2026-06-13_coxao_mole,2026-06-13,coxao_mole,26.4,26.4,38.1,0
2026-06-13_lagarto,2026-06-13,lagarto,19.16,19.16,23.21,0
2026-06-13_costelao,2026-06-13,costelao,42.6,37.22,37.22,1
2026-06-13_maminha,2026-06-13,maminha,23.77,23.29,23.29,1
2026-06-13_coxao_duro,2026-06-13,coxao_duro,20.9,20.9,24.87,0
2026-06-13_vazio,2026-06-13,vazio,18.3,16.39,16.39,1
2026-06-13_patinho,2026-06-13,patinho,32.4,32.4,38.89,0
2026-06-13_musculo_traseiro,2026-06-13,musculo_traseiro,17.47,17.47,22.15,0
2026-06-14_pescoco,2026-06-14,pescoco,8.86,8.86,13.53,0
2026-06-14_acem,2026-06-14,acem,30.85,30.85,37.17,0
2026-06-14_ponta_de_peito,2026-06-14,ponta_de_peito,11.74,11.74,13.74,0
2026-06-14_paleta,2026-06-14,paleta,21.72,20.42,20.42,1
2026-06-14_musculo_dianteiro,2026-06-14,musculo_dianteiro,12.79,12.79,13.67,0
2026-06-14_cupim,2026-06-14,cupim,10.95,10.95,12.51,0
2026-06-14_capa_file,2026-06-14,capa_file,14.03,13.3,13.3,1
2026-06-14_file_agulha,2026-06-14,file_agulha,13.28,13.28,17.24,0
2026-06-14_file_simples,2026-06-14,file_simples,14.37,14.37,15.82,0
2026-06-14_picanha,2026-06-14,picanha,14.27,14.27,14.38,0
2026-06-14_file_mignon,2026-06-14,file_mignon,7.0,7.0,7.71,0
2026-06-14_alcatra,2026-06-14,alcatra,22.16,22.16,26.53,0
2026-06-14_fraldinha,2026-06-14,fraldinha,15.49,15.49,19.3,0
2026-06-14_coxao_mole,2026-06-14,coxao_mole,18.46,18.46,21.33,0
2026-06-14_lagarto,2026-06-14,lagarto,20.64,19.05,19.05,1
2026-06-14_costelao,2026-06-14,costelao,24.85,24.85,26.82,0
2026-06-14_maminha,2026-06-14,maminha,15.82,15.82,18.46,0
2026-06-14_coxao_duro,2026-06-14,coxao_duro,18.6,18.6,22.2,0
2026-06-14_vazio,2026-06-14,vazio,11.71,11.71,14.17,0
2026-06-14_patinho,2026-06-14,patinho,20.92,20.92,24.8,0
2026-06-14_musculo_traseiro,2026-06-14,musculo_traseiro,12.79,12.79,16.35,0
2026-06-15_pescoco,2026-06-15,pescoco,6.5,6.5,8.01,0
2026-06-15_acem,2026-06-15,acem,21.7,21.7,27.86,0
2026-06-15_ponta_de_peito,2026-06-15,ponta_de_peito,8.54,8.54,10.52,0
2026-06-15_paleta,2026-06-15,paleta,14.28,14.28,17.87,0
2026-06-15_musculo_dianteiro,2026-06-15,musculo_dianteiro,9.92,9.92,15.01,0
2026-06-15_cupim,2026-06-15,cupim,7.47,7.47,8.19,0
2026-06-15_capa_file,2026-06-15,capa_file,8.93,8.93,10.92,0
2026-06-15_file_agulha,2026-06-15,file_agulha,10.63,10.23,10.23,1
2026-06-15_file_simples,2026-06-15,file_simples,9.97,9.97,13.74,0
2026-06-15_picanha,2026-06-15,picanha,10.31,10.31,10.81,0
2026-06-15_file_mignon,2026-06-15,file_mignon,6.02,6.02,7.72,0
2026-06-15_alcatra,2026-06-15,alcatra,16.13,16.13,23.54,0
2026-06-15_fraldinha,2026-06-15,fraldinha,10.58,10.58,12.38,0
2026-06-15_coxao_mole,2026-06-15,coxao_mole,17.51,17.51,21.4,0
2026-06-15_lagarto,2026-06-15,lagarto,10.62,9.82,9.82,1
2026-06-15_costelao,2026-06-15,costelao,14.79,14.79,17.71,0
2026-06-15_maminha,2026-06-15,maminha,9.92,9.92,14.77,0
2026-06-15_coxao_duro,2026-06-15,coxao_duro,10.65,10.65,13.96,0
2026-06-15_vazio,2026-06-15,vazio,10.41,10.31,10.31,1
2026-06-15_patinho,2026-06-15,patinho,18.12,18.12,24.05,0
2026-06-15_musculo_traseiro,2026-06-15,musculo_traseiro,9.71,9.71,14.09,0
2026-06-16_pescoco,2026-06-16,pescoco,8.51,8.51,9.98,0
2026-06-16_acem,2026-06-16,acem,21.52,21.52,27.06,0
2026-06-16_ponta_de_peito,2026-06-16,ponta_de_peito,8.24,8.24,11.26,0
2026-06-16_paleta,2026-06-16,paleta,17.26,16.47,16.47,1
2026-06-16_musculo_dianteiro,2026-06-16,musculo_dianteiro,12.79,12.79,14.4,0
2026-06-16_cupim,2026-06-16,cupim,8.5,8.5,11.11,0
2026-06-16_capa_file,2026-06-16,capa_file,9.7,9.7,10.49,0
2026-06-16_file_agulha,2026-06-16,file_agulha,9.55,9.55,13.02,0
2026-06-16_file_simples,2026-06-16,file_simples,9.36,9.36,14.77,0
2026-06-16_picanha,2026-06-16,picanha,8.9,8.9,11.36,0
2026-06-16_file_mignon,2026-06-16,file_mignon,6.05,6.05,8.1,0
2026-06-16_alcatra,2026-06-16,alcatra,13.37,13.37,17.01,0
2026-06-16_fraldinha,2026-06-16,fraldinha,10.98,10.98,14.2,0
2026-06-16_coxao_mole,2026-06-16,coxao_mole,18.1,18.1,18.43,0
2026-06-16_lagarto,2026-06-16,lagarto,10.59,10.59,13.4,0
2026-06-16_costelao,2026-06-16,costelao,14.88,14.88,22.39,0
2026-06-16_maminha,2026-06-16,maminha,10.88,10.88,15.25,0
2026-06-16_coxao_duro,2026-06-16,coxao_duro,13.03,13.03,14.07,0
2026-06-16_vazio,2026-06-16,vazio,8.68,8.68,10.24,0
2026-06-16_patinho,2026-06-16,patinho,22.53,22.53,24.06,0
2026-06-16_musculo_traseiro,2026-06-16,musculo_traseiro,10.87,10.87,15.14,0
2026-06-17_pescoco,2026-06-17,pescoco,9.35,9.35,11.52,0
2026-06-17_acem,2026-06-17,acem,28.77,24.68,24.68,1
2026-06-17_ponta_de_peito,2026-06-17,ponta_de_peito,8.14,8.14,12.43,0
2026-06-17_paleta,2026-06-17,paleta,12.54,12.54,16.82,0
2026-06-17_musculo_dianteiro,2026-06-17,musculo_dianteiro,11.57,11.57,15.44,0
2026-06-17_cupim,2026-06-17,cupim,7.85,7.85,11.41,0
2026-06-17_capa_file,2026-06-17,capa_file,9.17,9.17,10.42,0
2026-06-17_file_agulha,2026-06-17,file_agulha,7.68,7.68,11.47,0
2026-06-17_file_simples,2026-06-17,file_simples,11.0,11.0,14.39,0
2026-06-17_picanha,2026-06-17,picanha,11.47,11.47,14.11,0
2026-06-17_file_mignon,2026-06-17,file_mignon,8.36,8.36,8.55,0
2026-06-17_alcatra,2026-06-17,alcatra,26.33,21.26,21.26,1
2026-06-17_fraldinha,2026-06-17,fraldinha,13.21,13.21,15.63,0
2026-06-17_coxao_mole,2026-06-17,coxao_mole,19.61,19.61,26.76,0
2026-06-17_lagarto,2026-06-17,lagarto,9.62,9.62,14.14,0
2026-06-17_costelao,2026-06-17,costelao,15.79,15.79,23.21,0
2026-06-17_maminha,2026-06-17,maminha,12.67,11.85,11.85,1
2026-06-17_coxao_duro,2026-06-17,coxao_duro,9.77,9.77,17.27,0
2026-06-17_vazio,2026-06-17,vazio,7.99,7.99,11.17,0
2026-06-17_patinho,2026-06-17,patinho,23.36,23.36,25.94,0
2026-06-17_musculo_traseiro,2026-06-17,musculo_traseiro,12.27,12.27,16.03,0
2026-06-18_pescoco,2026-06-18,pescoco,7.35,7.35,9.74,0
2026-06-18_acem,2026-06-18,acem,34.66,34.66,35.88,0
2026-06-18_ponta_de_peito,2026-06-18,ponta_de_peito,9.88,9.88,12.75,0
2026-06-18_paleta,2026-06-18,paleta,17.87,17.87,20.0,0
2026-06-18_musculo_dianteiro,2026-06-18,musculo_dianteiro,11.01,11.01,16.2,0
2026-06-18_cupim,2026-06-18,cupim,8.19,8.19,12.27,0
2026-06-18_capa_file,2026-06-18,capa_file,10.46,10.46,11.92,0
2026-06-18_file_agulha,2026-06-18,file_agulha,13.47,13.47,15.58,0
2026-06-18_file_simples,2026-06-18,file_simples,9.67,9.67,17.76,0
2026-06-18_picanha,2026-06-18,picanha,9.38,9.38,14.75,0
2026-06-18_file_mignon,2026-06-18,file_mignon,7.07,7.07,7.95,0
2026-06-18_alcatra,2026-06-18,alcatra,16.48,16.48,20.05,0
2026-06-18_fraldinha,2026-06-18,fraldinha,12.7,12.7,17.1,0
2026-06-18_coxao_mole,2026-06-18,coxao_mole,24.27,24.27,24.47,0
2026-06-18_lagarto,2026-06-18,lagarto,14.72,14.21,14.21,1
2026-06-18_costelao,2026-06-18,costelao,19.22,19.22,21.07,0
2026-06-18_maminha,2026-06-18,maminha,14.48,14.48,16.89,0
2026-06-18_coxao_duro,2026-06-18,coxao_duro,12.85,12.85,18.05,0
2026-06-18_vazio,2026-06-18,vazio,8.35,8.35,13.27,0
2026-06-18_patinho,2026-06-18,patinho,20.65,20.65,34.57,0
2026-06-18_musculo_traseiro,2026-06-18,musculo_traseiro,12.05,12.05,16.39,0
2026-06-19_pescoco,2026-06-19,pescoco,9.94,9.94,12.47,0
2026-06-19_acem,2026-06-19,acem,28.82,28.82,37.38,0
2026-06-19_ponta_de_peito,2026-06-19,ponta_de_peito,10.56,10.56,13.01,0
2026-06-19_paleta,2026-06-19,paleta,19.39,19.39,22.88,0
2026-06-19_musculo_dianteiro,2026-06-19,musculo_dianteiro,19.31,16.96,16.96,1
2026-06-19_cupim,2026-06-19,cupim,14.47,11.88,11.88,1
2026-06-19_capa_file,2026-06-19,capa_file,10.46,10.46,14.12,0
2026-06-19_file_agulha,2026-06-19,file_agulha,11.75,11.75,16.08,0
2026-06-19_file_simples,2026-06-19,file_simples,13.63,13.63,17.95,0
2026-06-19_picanha,2026-06-19,picanha,13.11,13.11,16.19,0
2026-06-19_file_mignon,2026-06-19,file_mignon,7.79,7.79,8.71,0
2026-06-19_alcatra,2026-06-19,alcatra,32.18,27.17,27.17,1
2026-06-19_fraldinha,2026-06-19,fraldinha,21.24,17.71,17.71,1
2026-06-19_coxao_mole,2026-06-19,coxao_mole,29.7,29.7,33.25,0
2026-06-19_lagarto,2026-06-19,lagarto,13.46,13.46,16.14,0
2026-06-19_costelao,2026-06-19,costelao,25.66,25.66,28.55,0
2026-06-19_maminha,2026-06-19,maminha,18.94,18.83,18.83,1
2026-06-19_coxao_duro,2026-06-19,coxao_duro,15.23,15.23,22.9,0
2026-06-19_vazio,2026-06-19,vazio,14.03,12.6,12.6,1
2026-06-19_patinho,2026-06-19,patinho,23.5,23.5,34.06,0
2026-06-19_musculo_traseiro,2026-06-19,musculo_traseiro,10.56,10.56,18.41,0
2026-06-20_pescoco,2026-06-20,pescoco,11.31,11.31,15.46,0
2026-06-20_acem,2026-06-20,acem,40.45,40.45,49.57,0
2026-06-20_ponta_de_peito,2026-06-20,ponta_de_peito,15.08,15.08,17.03,0
2026-06-20_paleta,2026-06-20,paleta,27.39,26.59,26.59,1
2026-06-20_musculo_dianteiro,2026-06-20,musculo_dianteiro,18.49,18.49,23.6,0
2026-06-20_cupim,2026-06-20,cupim,16.9,16.9,17.69,0
2026-06-20_capa_file,2026-06-20,capa_file,16.28,16.28,16.42,0
2026-06-20_file_agulha,2026-06-20,file_agulha,18.78,18.78,21.66,0
2026-06-20_file_simples,2026-06-20,file_simples,20.57,20.57,24.73,0
2026-06-20_picanha,2026-06-20,picanha,21.42,20.59,20.59,1
2026-06-20_file_mignon,2026-06-20,file_mignon,11.56,11.56,12.69,0
2026-06-20_alcatra,2026-06-20,alcatra,26.97,26.97,34.6,0
2026-06-20_fraldinha,2026-06-20,fraldinha,28.88,21.91,21.91,1
2026-06-20_coxao_mole,2026-06-20,coxao_mole,34.85,34.85,36.73,0
2026-06-20_lagarto,2026-06-20,lagarto,17.47,17.47,21.32,0
2026-06-20_costelao,2026-06-20,costelao,38.27,34.0,34.0,1
2026-06-20_maminha,2026-06-20,maminha,21.73,21.25,21.25,1
2026-06-20_coxao_duro,2026-06-20,coxao_duro,21.7,21.7,22.66,0
2026-06-20_vazio,2026-06-20,vazio,18.73,17.67,17.67,1
2026-06-20_patinho,2026-06-20,patinho,34.35,34.35,41.98,0
2026-06-20_musculo_traseiro,2026-06-20,musculo_traseiro,17.78,17.78,22.5,0
2026-06-21_pescoco,2026-06-21,pescoco,9.2,9.2,10.33,0
2026-06-21_acem,2026-06-21,acem,30.45,29.5,29.5,1
2026-06-21_ponta_de_peito,2026-06-21,ponta_de_peito,12.53,12.53,14.76,0
2026-06-21_paleta,2026-06-21,paleta,16.89,16.89,19.88,0
2026-06-21_musculo_dianteiro,2026-06-21,musculo_dianteiro,13.19,13.19,16.33,0
2026-06-21_cupim,2026-06-21,cupim,13.22,12.28,12.28,1
2026-06-21_capa_file,2026-06-21,capa_file,11.01,11.01,12.82,0
2026-06-21_file_agulha,2026-06-21,file_agulha,14.04,14.04,14.74,0
2026-06-21_file_simples,2026-06-21,file_simples,11.14,11.14,15.99,0
2026-06-21_picanha,2026-06-21,picanha,12.23,12.23,14.89,0
2026-06-21_file_mignon,2026-06-21,file_mignon,8.18,8.18,12.52,0
2026-06-21_alcatra,2026-06-21,alcatra,21.81,21.81,26.64,0
2026-06-21_fraldinha,2026-06-21,fraldinha,18.73,18.73,20.64,0
2026-06-21_coxao_mole,2026-06-21,coxao_mole,22.31,22.31,28.9,0
2026-06-21_lagarto,2026-06-21,lagarto,11.35,11.35,19.06,0
2026-06-21_costelao,2026-06-21,costelao,24.68,24.68,25.95,0
2026-06-21_maminha,2026-06-21,maminha,28.04,15.65,15.65,1
2026-06-21_coxao_duro,2026-06-21,coxao_duro,14.82,14.82,19.72,0
2026-06-21_vazio,2026-06-21,vazio,12.77,12.77,13.89,0
2026-06-21_patinho,2026-06-21,patinho,22.13,22.13,36.6,0
2026-06-21_musculo_traseiro,2026-06-21,musculo_traseiro,13.47,13.47,15.62,0
2026-06-22_pescoco,2026-06-22,pescoco,6.38,6.38,8.44,0
2026-06-22_acem,2026-06-22,acem,22.1,22.1,28.51,0
2026-06-22_ponta_de_peito,2026-06-22,ponta_de_peito,7.93,7.93,10.56,0
2026-06-22_paleta,2026-06-22,paleta,14.44,13.76,13.76,1
2026-06-22_musculo_dianteiro,2026-06-22,musculo_dianteiro,9.82,9.82,13.51,0
2026-06-22_cupim,2026-06-22,cupim,7.06,7.06,9.71,0
2026-06-22_capa_file,2026-06-22,capa_file,7.37,7.37,10.87,0
2026-06-22_file_agulha,2026-06-22,file_agulha,8.96,8.96,13.37,0
2026-06-22_file_simples,2026-06-22,file_simples,9.81,9.81,12.84,0
2026-06-22_picanha,2026-06-22,picanha,10.25,10.25,14.65,0
2026-06-22_file_mignon,2026-06-22,file_mignon,5.15,5.15,6.91,0
2026-06-22_alcatra,2026-06-22,alcatra,11.52,11.52,18.66,0
2026-06-22_fraldinha,2026-06-22,fraldinha,14.97,12.61,12.61,1
2026-06-22_coxao_mole,2026-06-22,coxao_mole,15.38,15.38,22.11,0
2026-06-22_lagarto,2026-06-22,lagarto,10.74,10.74,12.68,0
2026-06-22_costelao,2026-06-22,costelao,17.95,15.54,15.54,1
2026-06-22_maminha,2026-06-22,maminha,12.92,12.92,16.03,0
2026-06-22_coxao_duro,2026-06-22,coxao_duro,12.51,12.51,14.75,0
2026-06-22_vazio,2026-06-22,vazio,7.96,7.96,9.79,0
2026-06-22_patinho,2026-06-22,patinho,14.89,14.89,24.05,0
2026-06-22_musculo_traseiro,2026-06-22,musculo_traseiro,9.54,9.54,12.27,0
2026-06-23_pescoco,2026-06-23,pescoco,6.92,6.92,8.33,0
2026-06-23_acem,2026-06-23,acem,20.86,20.86,27.33,0
2026-06-23_ponta_de_peito,2026-06-23,ponta_de_peito,9.53,9.53,13.72,0
2026-06-23_paleta,2026-06-23,paleta,14.88,13.58,13.58,1
2026-06-23_musculo_dianteiro,2026-06-23,musculo_dianteiro,9.32,9.32,14.09,0
2026-06-23_cupim,2026-06-23,cupim,7.43,7.43,8.78,0
2026-06-23_capa_file,2026-06-23,capa_file,8.7,8.01,8.01,1
2026-06-23_file_agulha,2026-06-23,file_agulha,10.55,10.55,11.75,0
2026-06-23_file_simples,2026-06-23,file_simples,11.55,11.55,12.8,0
2026-06-23_picanha,2026-06-23,picanha,11.74,11.56,11.56,1
2026-06-23_file_mignon,2026-06-23,file_mignon,5.99,5.99,7.73,0
2026-06-23_alcatra,2026-06-23,alcatra,16.95,16.95,17.45,0
2026-06-23_fraldinha,2026-06-23,fraldinha,13.22,13.22,18.84,0
2026-06-23_coxao_mole,2026-06-23,coxao_mole,17.28,17.28,24.58,0
2026-06-23_lagarto,2026-06-23,lagarto,9.64,9.64,13.87,0
2026-06-23_costelao,2026-06-23,costelao,16.8,16.8,20.74,0
2026-06-23_maminha,2026-06-23,maminha,9.86,9.86,11.69,0
2026-06-23_coxao_duro,2026-06-23,coxao_duro,13.51,13.51,16.32,0
2026-06-23_vazio,2026-06-23,vazio,9.24,9.24,11.25,0
2026-06-23_patinho,2026-06-23,patinho,17.67,17.67,25.01,0
2026-06-23_musculo_traseiro,2026-06-23,musculo_traseiro,11.38,11.38,13.49,0
2026-06-24_pescoco,2026-06-24,pescoco,6.66,6.66,9.13,0
2026-06-24_acem,2026-06-24,acem,24.75,24.75,36.46,0
2026-06-24_ponta_de_peito,2026-06-24,ponta_de_peito,9.87,9.87,10.84,0
2026-06-24_paleta,2026-06-24,paleta,14.96,14.96,22.53,0
2026-06-24_musculo_dianteiro,2026-06-24,musculo_dianteiro,15.73,12.18,12.18,1
2026-06-24_cupim,2026-06-24,cupim,8.57,7.72,7.72,1
2026-06-24_capa_file,2026-06-24,capa_file,8.87,8.87,11.97,0
2026-06-24_file_agulha,2026-06-24,file_agulha,12.26,12.26,14.98,0
2026-06-24_file_simples,2026-06-24,file_simples,11.7,11.7,11.89,0
2026-06-24_picanha,2026-06-24,picanha,9.21,9.21,12.28,0
2026-06-24_file_mignon,2026-06-24,file_mignon,6.93,6.93,8.08,0
2026-06-24_alcatra,2026-06-24,alcatra,19.33,19.04,19.04,1
2026-06-24_fraldinha,2026-06-24,fraldinha,14.58,14.58,14.65,0
2026-06-24_coxao_mole,2026-06-24,coxao_mole,21.0,21.0,25.21,0
2026-06-24_lagarto,2026-06-24,lagarto,13.16,13.16,14.17,0
2026-06-24_costelao,2026-06-24,costelao,14.05,14.05,22.83,0
2026-06-24_maminha,2026-06-24,maminha,10.61,10.61,13.59,0
2026-06-24_coxao_duro,2026-06-24,coxao_duro,14.64,14.64,20.53,0
2026-06-24_vazio,2026-06-24,vazio,10.32,10.32,11.9,0
2026-06-24_patinho,2026-06-24,patinho,17.56,17.56,25.03,0
2026-06-24_musculo_traseiro,2026-06-24,musculo_traseiro,10.01,10.01,11.85,0
2026-06-25_pescoco,2026-06-25,pescoco,10.48,9.14,9.14,1
2026-06-25_acem,2026-06-25,acem,25.95,25.95,28.86,0
2026-06-25_ponta_de_peito,2026-06-25,ponta_de_peito,10.38,10.38,12.28,0
2026-06-25_paleta,2026-06-25,paleta,16.26,16.26,22.07,0
2026-06-25_musculo_dianteiro,2026-06-25,musculo_dianteiro,12.43,12.43,15.71,0
2026-06-25_cupim,2026-06-25,cupim,9.98,9.98,12.39,0
2026-06-25_capa_file,2026-06-25,capa_file,8.19,8.19,11.92,0
2026-06-25_file_agulha,2026-06-25,file_agulha,13.25,13.25,14.21,0
2026-06-25_file_simples,2026-06-25,file_simples,13.15,13.15,15.43,0
2026-06-25_picanha,2026-06-25,picanha,9.28,9.28,13.32,0
2026-06-25_file_mignon,2026-06-25,file_mignon,7.7,7.7,8.52,0
2026-06-25_alcatra,2026-06-25,alcatra,19.69,19.69,23.41,0
2026-06-25_fraldinha,2026-06-25,fraldinha,14.62,14.62,18.43,0
2026-06-25_coxao_mole,2026-06-25,coxao_mole,17.28,17.28,27.66,0
2026-06-25_lagarto,2026-06-25,lagarto,11.62,11.62,14.95,0
2026-06-25_costelao,2026-06-25,costelao,20.87,20.87,23.32,0
2026-06-25_maminha,2026-06-25,maminha,14.21,13.52,13.52,1
2026-06-25_coxao_duro,2026-06-25,coxao_duro,12.72,12.72,16.25,0
2026-06-25_vazio,2026-06-25,vazio,9.8,9.8,13.48,0
2026-06-25_patinho,2026-06-25,patinho,18.21,18.21,27.2,0
2026-06-25_musculo_traseiro,2026-06-25,musculo_traseiro,13.0,11.86,11.86,1
2026-06-26_pescoco,2026-06-26,pescoco,12.31,12.31,12.72,0
2026-06-26_acem,2026-06-26,acem,31.84,31.84,41.69,0
2026-06-26_ponta_de_peito,2026-06-26,ponta_de_peito,11.18,11.18,14.2,0
2026-06-26_paleta,2026-06-26,paleta,16.53,16.53,25.59,0
2026-06-26_musculo_dianteiro,2026-06-26,musculo_dianteiro,14.88,14.88,21.92,0
2026-06-26_cupim,2026-06-26,cupim,11.07,11.07,14.49,0
2026-06-26_capa_file,2026-06-26,capa_file,10.47,10.47,15.48,0
2026-06-26_file_agulha,2026-06-26,file_agulha,10.97,10.97,16.7,0
2026-06-26_file_simples,2026-06-26,file_simples,16.13,16.13,20.24,0
2026-06-26_picanha,2026-06-26,picanha,16.21,13.09,13.09,1
2026-06-26_file_mignon,2026-06-26,file_mignon,10.02,9.18,9.18,1
2026-06-26_alcatra,2026-06-26,alcatra,20.08,20.08,29.44,0
2026-06-26_fraldinha,2026-06-26,fraldinha,17.73,17.73,18.51,0
2026-06-26_coxao_mole,2026-06-26,coxao_mole,26.69,26.69,29.45,0
2026-06-26_lagarto,2026-06-26,lagarto,17.05,17.05,18.28,0
2026-06-26_costelao,2026-06-26,costelao,24.27,24.27,28.71,0
2026-06-26_maminha,2026-06-26,maminha,18.1,18.1,18.68,0
2026-06-26_coxao_duro,2026-06-26,coxao_duro,15.77,15.77,18.27,0
2026-06-26_vazio,2026-06-26,vazio,13.39,13.39,13.42,0
2026-06-26_patinho,2026-06-26,patinho,25.88,25.88,33.71,0
2026-06-26_musculo_traseiro,2026-06-26,musculo_traseiro,21.12,17.54,17.54,1
2026-06-27_pescoco,2026-06-27,pescoco,12.65,12.65,15.56,0
2026-06-27_acem,2026-06-27,acem,32.56,32.56,40.11,0
2026-06-27_ponta_de_peito,2026-06-27,ponta_de_peito,14.84,14.84,19.34,0
2026-06-27_paleta,2026-06-27,paleta,22.81,22.81,27.88,0
2026-06-27_musculo_dianteiro,2026-06-27,musculo_dianteiro,14.87,14.87,27.2,0
2026-06-27_cupim,2026-06-27,cupim,14.42,14.42,17.35,0
2026-06-27_capa_file,2026-06-27,capa_file,12.4,12.4,14.89,0
2026-06-27_file_agulha,2026-06-27,file_agulha,16.55,16.55,19.63,0
2026-06-27_file_simples,2026-06-27,file_simples,16.86,16.86,21.2,0
2026-06-27_picanha,2026-06-27,picanha,21.68,19.17,19.17,1
2026-06-27_file_mignon,2026-06-27,file_mignon,12.57,11.87,11.87,1
2026-06-27_alcatra,2026-06-27,alcatra,32.5,30.36,30.36,1
2026-06-27_fraldinha,2026-06-27,fraldinha,27.24,26.7,26.7,1
2026-06-27_coxao_mole,2026-06-27,coxao_mole,36.91,31.05,31.05,1
2026-06-27_lagarto,2026-06-27,lagarto,17.92,17.92,21.78,0
2026-06-27_costelao,2026-06-27,costelao,40.97,29.97,29.97,1
2026-06-27_maminha,2026-06-27,maminha,22.16,21.17,21.17,1
2026-06-27_coxao_duro,2026-06-27,coxao_duro,17.31,17.31,23.15,0
2026-06-27_vazio,2026-06-27,vazio,18.96,17.96,17.96,1
2026-06-27_patinho,2026-06-27,patinho,31.93,31.93,37.2,0
2026-06-27_musculo_traseiro,2026-06-27,musculo_traseiro,17.58,17.58,19.84,0
2026-06-28_pescoco,2026-06-28,pescoco,8.36,8.36,11.87,0
2026-06-28_acem,2026-06-28,acem,31.72,31.72,34.94,0
2026-06-28_ponta_de_peito,2026-06-28,ponta_de_peito,11.1,11.1,14.26,0
2026-06-28_paleta,2026-06-28,paleta,16.71,16.71,26.63,0
2026-06-28_musculo_dianteiro,2026-06-28,musculo_dianteiro,15.44,15.44,18.95,0
2026-06-28_cupim,2026-06-28,cupim,10.39,10.39,13.9,0
2026-06-28_capa_file,2026-06-28,capa_file,12.47,11.95,11.95,1
2026-06-28_file_agulha,2026-06-28,file_agulha,12.47,12.47,16.3,0
2026-06-28_file_simples,2026-06-28,file_simples,14.62,14.62,17.47,0
2026-06-28_picanha,2026-06-28,picanha,14.75,14.75,14.81,0
2026-06-28_file_mignon,2026-06-28,file_mignon,10.16,9.54,9.54,1
2026-06-28_alcatra,2026-06-28,alcatra,20.25,20.25,27.5,0
2026-06-28_fraldinha,2026-06-28,fraldinha,13.77,13.77,19.99,0
2026-06-28_coxao_mole,2026-06-28,coxao_mole,22.23,22.23,30.79,0
2026-06-28_lagarto,2026-06-28,lagarto,13.39,13.39,16.4,0
2026-06-28_costelao,2026-06-28,costelao,23.97,23.97,26.77,0
2026-06-28_maminha,2026-06-28,maminha,16.42,15.3,15.3,1
2026-06-28_coxao_duro,2026-06-28,coxao_duro,13.72,13.72,20.09,0
2026-06-28_vazio,2026-06-28,vazio,10.55,10.55,12.88,0
2026-06-28_patinho,2026-06-28,patinho,24.63,24.63,31.77,0
2026-06-28_musculo_traseiro,2026-06-28,musculo_traseiro,14.88,14.88,17.44,0
2026-06-29_pescoco,2026-06-29,pescoco,6.88,6.88,8.95,0
2026-06-29_acem,2026-06-29,acem,21.09,21.09,25.2,0
2026-06-29_ponta_de_peito,2026-06-29,ponta_de_peito,7.67,7.67,10.24,0
2026-06-29_paleta,2026-06-29,paleta,12.84,12.84,18.42,0
2026-06-29_musculo_dianteiro,2026-06-29,musculo_dianteiro,11.03,11.03,13.58,0
2026-06-29_cupim,2026-06-29,cupim,7.61,7.61,8.47,0
2026-06-29_capa_file,2026-06-29,capa_file,8.26,8.26,11.13,0
2026-06-29_file_agulha,2026-06-29,file_agulha,9.55,9.55,11.21,0
2026-06-29_file_simples,2026-06-29,file_simples,10.4,10.4,12.44,0
2026-06-29_picanha,2026-06-29,picanha,10.22,10.22,11.47,0
2026-06-29_file_mignon,2026-06-29,file_mignon,6.06,6.06,7.45,0
2026-06-29_alcatra,2026-06-29,alcatra,12.63,12.63,18.52,0
2026-06-29_fraldinha,2026-06-29,fraldinha,11.19,11.19,11.79,0
2026-06-29_coxao_mole,2026-06-29,coxao_mole,16.47,16.47,20.11,0
2026-06-29_lagarto,2026-06-29,lagarto,8.48,8.48,11.36,0
2026-06-29_costelao,2026-06-29,costelao,12.81,12.81,21.69,0
2026-06-29_maminha,2026-06-29,maminha,12.26,11.45,11.45,1
2026-06-29_coxao_duro,2026-06-29,coxao_duro,9.04,9.04,13.86,0
2026-06-29_vazio,2026-06-29,vazio,8.16,8.16,10.09,0
2026-06-29_patinho,2026-06-29,patinho,18.01,18.01,27.11,0
2026-06-29_musculo_traseiro,2026-06-29,musculo_traseiro,9.38,9.38,13.03,0
2026-06-30_pescoco,2026-06-30,pescoco,8.09,7.77,7.77,1
2026-06-30_acem,2026-06-30,acem,32.47,32.47,32.64,0
2026-06-30_ponta_de_peito,2026-06-30,ponta_de_peito,8.93,8.93,10.65,0
2026-06-30_paleta,2026-06-30,paleta,19.15,19.15,19.37,0
2026-06-30_musculo_dianteiro,2026-06-30,musculo_dianteiro,10.69,10.69,12.0,0
2026-06-30_cupim,2026-06-30,cupim,7.63,7.63,11.41,0
2026-06-30_capa_file,2026-06-30,capa_file,6.68,6.68,10.1,0
2026-06-30_file_agulha,2026-06-30,file_agulha,10.04,10.04,12.19,0
2026-06-30_file_simples,2026-06-30,file_simples,8.73,8.73,12.88,0
2026-06-30_picanha,2026-06-30,picanha,9.03,9.03,10.5,0
2026-06-30_file_mignon,2026-06-30,file_mignon,5.48,5.48,7.92,0
2026-06-30_alcatra,2026-06-30,alcatra,16.6,16.6,19.55,0
2026-06-30_fraldinha,2026-06-30,fraldinha,13.89,13.54,13.54,1
2026-06-30_coxao_mole,2026-06-30,coxao_mole,15.13,15.13,26.97,0
2026-06-30_lagarto,2026-06-30,lagarto,10.96,10.96,11.96,0
2026-06-30_costelao,2026-06-30,costelao,13.41,13.41,20.35,0
2026-06-30_maminha,2026-06-30,maminha,10.33,10.33,11.75,0
2026-06-30_coxao_duro,2026-06-30,coxao_duro,11.62,11.62,14.22,0
2026-06-30_vazio,2026-06-30,vazio,10.04,10.04,10.14,0
2026-06-30_patinho,2026-06-30,patinho,25.01,23.95,23.95,1
2026-06-30_musculo_traseiro,2026-06-30,musculo_traseiro,8.84,8.84,13.83,0
2026-07-01_pescoco,2026-07-01,pescoco,6.2,6.2,9.66,0
2026-07-01_acem,2026-07-01,acem,23.18,23.18,29.85,0
2026-07-01_ponta_de_peito,2026-07-01,ponta_de_peito,10.57,10.57,13.76,0
2026-07-01_paleta,2026-07-01,paleta,22.31,20.57,20.57,1
2026-07-01_musculo_dianteiro,2026-07-01,musculo_dianteiro,13.47,13.47,15.66,0
2026-07-01_cupim,2026-07-01,cupim,8.7,8.7,12.57,0
2026-07-01_capa_file,2026-07-01,capa_file,8.44,8.44,10.98,0
2026-07-01_file_agulha,2026-07-01,file_agulha,11.73,11.73,13.34,0
2026-07-01_file_simples,2026-07-01,file_simples,13.04,13.04,14.34,0
2026-07-01_picanha,2026-07-01,picanha,14.49,14.3,14.3,1
2026-07-01_file_mignon,2026-07-01,file_mignon,8.04,6.89,6.89,1
2026-07-01_alcatra,2026-07-01,alcatra,17.63,17.63,24.74,0
2026-07-01_fraldinha,2026-07-01,fraldinha,12.91,12.91,15.69,0
2026-07-01_coxao_mole,2026-07-01,coxao_mole,18.85,18.85,22.76,0
2026-07-01_lagarto,2026-07-01,lagarto,11.84,11.25,11.25,1
2026-07-01_costelao,2026-07-01,costelao,16.55,16.55,23.88,0
2026-07-01_maminha,2026-07-01,maminha,8.87,8.87,13.95,0
2026-07-01_coxao_duro,2026-07-01,coxao_duro,12.62,12.62,16.51,0
2026-07-01_vazio,2026-07-01,vazio,10.61,10.61,11.38,0
2026-07-01_patinho,2026-07-01,patinho,20.96,20.96,26.62,0
2026-07-01_musculo_traseiro,2026-07-01,musculo_traseiro,9.76,9.76,14.65,0
2026-07-02_pescoco,2026-07-02,pescoco,8.15,8.15,9.49,0
2026-07-02_acem,2026-07-02,acem,24.94,24.94,30.58,0
2026-07-02_ponta_de_peito,2026-07-02,ponta_de_peito,13.23,13.23,13.51,0
2026-07-02_paleta,2026-07-02,paleta,16.94,16.17,16.17,1
2026-07-02_musculo_dianteiro,2026-07-02,musculo_dianteiro,11.93,11.93,15.01,0
2026-07-02_cupim,2026-07-02,cupim,10.73,10.73,11.9,0
2026-07-02_capa_file,2026-07-02,capa_file,11.61,11.13,11.13,1
2026-07-02_file_agulha,2026-07-02,file_agulha,11.23,11.23,14.6,0
2026-07-02_file_simples,2026-07-02,file_simples,11.18,11.18,14.45,0
2026-07-02_picanha,2026-07-02,picanha,10.68,10.68,12.42,0
2026-07-02_file_mignon,2026-07-02,file_mignon,9.44,8.31,8.31,1
2026-07-02_alcatra,2026-07-02,alcatra,19.06,19.06,20.52,0
2026-07-02_fraldinha,2026-07-02,fraldinha,15.85,13.94,13.94,1
2026-07-02_coxao_mole,2026-07-02,coxao_mole,22.98,22.98,24.4,0
2026-07-02_lagarto,2026-07-02,lagarto,12.61,12.61,14.4,0
2026-07-02_costelao,2026-07-02,costelao,18.16,18.16,23.75,0
2026-07-02_maminha,2026-07-02,maminha,16.75,13.23,13.23,1
2026-07-02_coxao_duro,2026-07-02,coxao_duro,16.12,16.12,20.41,0
2026-07-02_vazio,2026-07-02,vazio,12.9,11.65,11.65,1
2026-07-02_patinho,2026-07-02,patinho,20.16,20.16,32.65,0
2026-07-02_musculo_traseiro,2026-07-02,musculo_traseiro,13.12,13.12,14.44,0
2026-07-03_pescoco,2026-07-03,pescoco,11.18,10.95,10.95,1
2026-07-03_acem,2026-07-03,acem,31.72,31.72,40.15,0
2026-07-03_ponta_de_peito,2026-07-03,ponta_de_peito,12.68,12.68,14.94,0
2026-07-03_paleta,2026-07-03,paleta,18.45,18.45,25.77,0
2026-07-03_musculo_dianteiro,2026-07-03,musculo_dianteiro,15.73,15.73,16.99,0
2026-07-03_cupim,2026-07-03,cupim,14.29,14.29,14.48,0
2026-07-03_capa_file,2026-07-03,capa_file,11.93,11.93,13.58,0
2026-07-03_file_agulha,2026-07-03,file_agulha,14.86,14.86,15.51,0
2026-07-03_file_simples,2026-07-03,file_simples,12.37,12.37,18.46,0
2026-07-03_picanha,2026-07-03,picanha,12.59,12.59,17.66,0
2026-07-03_file_mignon,2026-07-03,file_mignon,9.07,9.07,10.77,0
2026-07-03_alcatra,2026-07-03,alcatra,24.95,24.95,26.52,0
2026-07-03_fraldinha,2026-07-03,fraldinha,14.75,14.75,21.42,0
2026-07-03_coxao_mole,2026-07-03,coxao_mole,26.24,26.24,32.26,0
2026-07-03_lagarto,2026-07-03,lagarto,14.94,14.94,20.87,0
2026-07-03_costelao,2026-07-03,costelao,25.46,25.46,27.3,0
2026-07-03_maminha,2026-07-03,maminha,15.79,15.79,20.55,0
2026-07-03_coxao_duro,2026-07-03,coxao_duro,14.82,14.82,24.65,0
2026-07-03_vazio,2026-07-03,vazio,14.63,14.63,16.18,0
2026-07-03_patinho,2026-07-03,patinho,27.4,27.4,38.66,0
2026-07-03_musculo_traseiro,2026-07-03,musculo_traseiro,15.26,15.26,16.17,0
2026-07-04_pescoco,2026-07-04,pescoco,10.67,10.67,15.3,0
2026-07-04_acem,2026-07-04,acem,38.62,38.62,47.87,0
2026-07-04_ponta_de_peito,2026-07-04,ponta_de_peito,15.66,15.66,16.19,0
2026-07-04_paleta,2026-07-04,paleta,28.96,28.96,29.93,0
2026-07-04_musculo_dianteiro,2026-07-04,musculo_dianteiro,19.59,19.59,21.58,0
2026-07-04_cupim,2026-07-04,cupim,13.19,13.19,16.4,0
2026-07-04_capa_file,2026-07-04,capa_file,17.02,17.02,17.43,0
2026-07-04_file_agulha,2026-07-04,file_agulha,18.84,18.84,19.15,0
2026-07-04_file_simples,2026-07-04,file_simples,13.32,13.32,23.01,0
2026-07-04_picanha,2026-07-04,picanha,20.32,20.32,20.57,0
2026-07-04_file_mignon,2026-07-04,file_mignon,10.48,10.48,13.78,0
2026-07-04_alcatra,2026-07-04,alcatra,50.57,36.24,36.24,1
2026-07-04_fraldinha,2026-07-04,fraldinha,17.68,17.68,20.89,0
2026-07-04_coxao_mole,2026-07-04,coxao_mole,26.73,26.73,35.58,0
2026-07-04_lagarto,2026-07-04,lagarto,16.52,16.52,21.9,0
2026-07-04_costelao,2026-07-04,costelao,36.26,28.98,28.98,1
2026-07-04_maminha,2026-07-04,maminha,16.05,16.05,22.3,0
2026-07-04_coxao_duro,2026-07-04,coxao_duro,19.36,19.36,24.88,0
2026-07-04_vazio,2026-07-04,vazio,17.89,17.89,19.33,0
2026-07-04_patinho,2026-07-04,patinho,35.46,35.46,45.08,0
2026-07-04_musculo_traseiro,2026-07-04,musculo_traseiro,18.07,18.07,23.74,0
2026-07-05_pescoco,2026-07-05,pescoco,11.48,11.48,13.09,0
2026-07-05_acem,2026-07-05,acem,22.56,22.56,41.59,0
2026-07-05_ponta_de_peito,2026-07-05,ponta_de_peito,12.16,11.54,11.54,1
2026-07-05_paleta,2026-07-05,paleta,17.82,17.82,22.32,0
2026-07-05_musculo_dianteiro,2026-07-05,musculo_dianteiro,14.16,14.16,15.34,0
2026-07-05_cupim,2026-07-05,cupim,12.86,12.64,12.64,1
2026-07-05_capa_file,2026-07-05,capa_file,11.31,11.31,12.66,0
2026-07-05_file_agulha,2026-07-05,file_agulha,14.03,13.63,13.63,1
2026-07-05_file_simples,2026-07-05,file_simples,12.92,12.92,16.03,0
2026-07-05_picanha,2026-07-05,picanha,13.85,13.85,15.29,0
2026-07-05_file_mignon,2026-07-05,file_mignon,7.01,7.01,9.47,0
2026-07-05_alcatra,2026-07-05,alcatra,19.11,19.11,27.65,0
2026-07-05_fraldinha,2026-07-05,fraldinha,16.05,16.05,19.49,0
2026-07-05_coxao_mole,2026-07-05,coxao_mole,25.29,25.29,25.48,0
2026-07-05_lagarto,2026-07-05,lagarto,15.87,15.36,15.36,1
2026-07-05_costelao,2026-07-05,costelao,22.84,22.84,27.13,0
2026-07-05_maminha,2026-07-05,maminha,15.49,15.49,17.39,0
2026-07-05_coxao_duro,2026-07-05,coxao_duro,14.63,14.63,19.55,0
2026-07-05_vazio,2026-07-05,vazio,13.92,13.92,14.59,0
2026-07-05_patinho,2026-07-05,patinho,26.33,26.33,31.58,0
2026-07-05_musculo_traseiro,2026-07-05,musculo_traseiro,11.78,11.78,16.86,0
2026-07-06_pescoco,2026-07-06,pescoco,6.39,6.39,7.79,0
2026-07-06_acem,2026-07-06,acem,19.16,19.16,31.22,0
2026-07-06_ponta_de_peito,2026-07-06,ponta_de_peito,8.42,8.42,11.63,0
2026-07-06_paleta,2026-07-06,paleta,17.95,14.76,14.76,1
2026-07-06_musculo_dianteiro,2026-07-06,musculo_dianteiro,10.38,10.38,11.35,0
2026-07-06_cupim,2026-07-06,cupim,8.07,8.07,11.22,0
2026-07-06_capa_file,2026-07-06,capa_file,9.38,8.58,8.58,1
2026-07-06_file_agulha,2026-07-06,file_agulha,9.81,9.81,11.99,0
2026-07-06_file_simples,2026-07-06,file_simples,9.58,9.58,12.01,0
2026-07-06_picanha,2026-07-06,picanha,9.69,9.69,13.71,0
2026-07-06_file_mignon,2026-07-06,file_mignon,5.62,5.62,5.92,0
2026-07-06_alcatra,2026-07-06,alcatra,12.86,12.86,18.87,0
2026-07-06_fraldinha,2026-07-06,fraldinha,11.75,10.84,10.84,1
2026-07-06_coxao_mole,2026-07-06,coxao_mole,17.51,17.51,23.05,0
2026-07-06_lagarto,2026-07-06,lagarto,10.8,10.8,12.84,0
2026-07-06_costelao,2026-07-06,costelao,15.1,15.1,19.68,0
2026-07-06_maminha,2026-07-06,maminha,10.61,10.61,13.29,0
2026-07-06_coxao_duro,2026-07-06,coxao_duro,14.48,14.45,14.45,1
2026-07-06_vazio,2026-07-06,vazio,7.52,7.52,11.88,0
2026-07-06_patinho,2026-07-06,patinho,24.12,23.49,23.49,1
2026-07-06_musculo_traseiro,2026-07-06,musculo_traseiro,13.05,13.05,13.36,0
2026-07-07_pescoco,2026-07-07,pescoco,7.46,7.46,10.98,0
2026-07-07_acem,2026-07-07,acem,22.87,22.87,25.32,0
2026-07-07_ponta_de_peito,2026-07-07,ponta_de_peito,9.35,9.35,10.92,0
2026-07-07_paleta,2026-07-07,paleta,16.68,16.42,16.42,1
2026-07-07_musculo_dianteiro,2026-07-07,musculo_dianteiro,15.3,13.66,13.66,1
2026-07-07_cupim,2026-07-07,cupim,7.94,7.94,9.59,0
2026-07-07_capa_file,2026-07-07,capa_file,8.36,8.25,8.25,1
2026-07-07_file_agulha,2026-07-07,file_agulha,8.57,8.57,11.21,0
2026-07-07_file_simples,2026-07-07,file_simples,10.89,10.89,14.17,0
2026-07-07_picanha,2026-07-07,picanha,11.31,11.31,12.41,0
2026-07-07_file_mignon,2026-07-07,file_mignon,6.87,6.87,8.97,0
2026-07-07_alcatra,2026-07-07,alcatra,14.94,14.94,20.76,0
2026-07-07_fraldinha,2026-07-07,fraldinha,10.45,10.45,15.75,0
2026-07-07_coxao_mole,2026-07-07,coxao_mole,16.56,16.56,24.74,0
2026-07-07_lagarto,2026-07-07,lagarto,10.6,10.6,14.17,0
2026-07-07_costelao,2026-07-07,costelao,15.53,15.53,18.22,0
2026-07-07_maminha,2026-07-07,maminha,10.78,10.78,10.99,0
2026-07-07_coxao_duro,2026-07-07,coxao_duro,14.68,14.68,16.66,0
2026-07-07_vazio,2026-07-07,vazio,8.65,8.65,11.33,0
2026-07-07_patinho,2026-07-07,patinho,19.28,19.28,24.15,0
2026-07-07_musculo_traseiro,2026-07-07,musculo_traseiro,8.9,8.9,10.55,0
2026-07-08_pescoco,2026-07-08,pescoco,7.68,7.68,9.21,0
2026-07-08_acem,2026-07-08,acem,22.61,22.61,29.22,0
2026-07-08_ponta_de_peito,2026-07-08,ponta_de_peito,9.32,9.32,10.96,0
2026-07-08_paleta,2026-07-08,paleta,15.36,15.36,21.39,0
2026-07-08_musculo_dianteiro,2026-07-08,musculo_dianteiro,13.46,13.46,14.67,0
2026-07-08_cupim,2026-07-08,cupim,6.81,6.81,10.76,0
2026-07-08_capa_file,2026-07-08,capa_file,8.79,8.79,9.95,0
2026-07-08_file_agulha,2026-07-08,file_agulha,11.26,11.26,13.66,0
2026-07-08_file_simples,2026-07-08,file_simples,11.03,11.03,13.55,0
2026-07-08_picanha,2026-07-08,picanha,10.82,10.82,14.19,0
2026-07-08_file_mignon,2026-07-08,file_mignon,6.65,6.65,7.32,0
2026-07-08_alcatra,2026-07-08,alcatra,17.7,17.7,25.11,0
2026-07-08_fraldinha,2026-07-08,fraldinha,15.18,13.92,13.92,1
2026-07-08_coxao_mole,2026-07-08,coxao_mole,19.91,19.91,22.68,0
2026-07-08_lagarto,2026-07-08,lagarto,10.57,10.57,14.64,0
2026-07-08_costelao,2026-07-08,costelao,17.77,17.77,21.78,0
2026-07-08_maminha,2026-07-08,maminha,10.85,10.85,15.97,0
2026-07-08_coxao_duro,2026-07-08,coxao_duro,13.79,13.79,15.23,0
2026-07-08_vazio,2026-07-08,vazio,11.29,11.29,11.49,0
2026-07-08_patinho,2026-07-08,patinho,16.85,16.85,24.6,0
2026-07-08_musculo_traseiro,2026-07-08,musculo_traseiro,11.75,11.75,13.5,0
2026-07-09_pescoco,2026-07-09,pescoco,9.06,9.06,11.62,0
2026-07-09_acem,2026-07-09,acem,30.04,30.04,40.21,0
2026-07-09_ponta_de_peito,2026-07-09,ponta_de_peito,8.76,8.76,11.46,0
2026-07-09_paleta,2026-07-09,paleta,16.15,16.15,20.49,0
2026-07-09_musculo_dianteiro,2026-07-09,musculo_dianteiro,15.73,14.87,14.87,1
2026-07-09_cupim,2026-07-09,cupim,7.65,7.65,10.32,0
2026-07-09_capa_file,2026-07-09,capa_file,8.43,8.43,11.71,0
2026-07-09_file_agulha,2026-07-09,file_agulha,11.22,11.22,13.02,0
2026-07-09_file_simples,2026-07-09,file_simples,13.31,13.31,15.42,0
2026-07-09_picanha,2026-07-09,picanha,17.68,13.04,13.04,1
2026-07-09_file_mignon,2026-07-09,file_mignon,6.03,6.03,8.39,0
2026-07-09_alcatra,2026-07-09,alcatra,23.04,23.04,26.17,0
2026-07-09_fraldinha,2026-07-09,fraldinha,14.21,14.21,19.85,0
2026-07-09_coxao_mole,2026-07-09,coxao_mole,22.15,22.15,27.85,0
2026-07-09_lagarto,2026-07-09,lagarto,13.68,13.68,13.68,0
2026-07-09_costelao,2026-07-09,costelao,15.7,15.7,25.57,0
2026-07-09_maminha,2026-07-09,maminha,11.67,11.67,16.83,0
2026-07-09_coxao_duro,2026-07-09,coxao_duro,14.03,14.03,15.33,0
2026-07-09_vazio,2026-07-09,vazio,10.62,10.62,12.01,0
2026-07-09_patinho,2026-07-09,patinho,23.82,22.54,22.54,1
2026-07-09_musculo_traseiro,2026-07-09,musculo_traseiro,13.64,13.64,15.53,0
2026-07-10_pescoco,2026-07-10,pescoco,10.41,10.41,12.64,0
2026-07-10_acem,2026-07-10,acem,34.36,34.36,39.24,0
2026-07-10_ponta_de_peito,2026-07-10,ponta_de_peito,13.07,13.07,14.1,0
2026-07-10_paleta,2026-07-10,paleta,18.19,18.19,22.16,0
2026-07-10_musculo_dianteiro,2026-07-10,musculo_dianteiro,17.04,17.04,18.74,0
2026-07-10_cupim,2026-07-10,cupim,12.58,12.58,12.7,0
2026-07-10_capa_file,2026-07-10,capa_file,13.4,13.4,14.08,0
2026-07-10_file_agulha,2026-07-10,file_agulha,14.15,14.15,16.42,0
2026-07-10_file_simples,2026-07-10,file_simples,12.74,12.74,18.15,0
2026-07-10_picanha,2026-07-10,picanha,14.97,14.97,15.42,0
2026-07-10_file_mignon,2026-07-10,file_mignon,8.99,8.99,12.14,0
2026-07-10_alcatra,2026-07-10,alcatra,26.58,25.79,25.79,1
2026-07-10_fraldinha,2026-07-10,fraldinha,18.54,18.54,20.54,0
2026-07-10_coxao_mole,2026-07-10,coxao_mole,27.27,27.27,34.07,0
2026-07-10_lagarto,2026-07-10,lagarto,15.03,15.03,22.12,0
2026-07-10_costelao,2026-07-10,costelao,26.77,23.73,23.73,1
2026-07-10_maminha,2026-07-10,maminha,14.92,14.92,20.77,0
2026-07-10_coxao_duro,2026-07-10,coxao_duro,19.18,19.18,20.17,0
2026-07-10_vazio,2026-07-10,vazio,13.11,13.11,14.61,0
2026-07-10_patinho,2026-07-10,patinho,27.46,27.46,34.84,0
2026-07-10_musculo_traseiro,2026-07-10,musculo_traseiro,15.53,15.53,16.36,0
2026-07-11_pescoco,2026-07-11,pescoco,12.46,12.46,17.08,0
2026-07-11_acem,2026-07-11,acem,32.5,32.5,48.45,0
2026-07-11_ponta_de_peito,2026-07-11,ponta_de_peito,12.91,12.91,20.05,0
2026-07-11_paleta,2026-07-11,paleta,25.7,25.7,33.36,0
2026-07-11_musculo_dianteiro,2026-07-11,musculo_dianteiro,16.23,16.23,25.46,0
2026-07-11_cupim,2026-07-11,cupim,18.14,15.52,15.52,1
2026-07-11_capa_file,2026-07-11,capa_file,14.22,14.22,15.66,0
2026-07-11_file_agulha,2026-07-11,file_agulha,16.9,16.9,18.83,0
2026-07-11_file_simples,2026-07-11,file_simples,19.47,19.47,22.55,0
2026-07-11_picanha,2026-07-11,picanha,21.11,20.25,20.25,1
2026-07-11_file_mignon,2026-07-11,file_mignon,10.07,10.07,12.39,0
2026-07-11_alcatra,2026-07-11,alcatra,36.28,30.62,30.62,1
2026-07-11_fraldinha,2026-07-11,fraldinha,22.25,22.25,23.58,0
2026-07-11_coxao_mole,2026-07-11,coxao_mole,29.9,29.9,44.33,0
2026-07-11_lagarto,2026-07-11,lagarto,15.07,15.07,18.67,0
2026-07-11_costelao,2026-07-11,costelao,39.88,31.82,31.82,1
2026-07-11_maminha,2026-07-11,maminha,26.29,22.02,22.02,1
2026-07-11_coxao_duro,2026-07-11,coxao_duro,22.0,22.0,25.06,0
2026-07-11_vazio,2026-07-11,vazio,17.0,17.0,20.03,0
2026-07-11_patinho,2026-07-11,patinho,29.62,29.62,44.82,0
2026-07-11_musculo_traseiro,2026-07-11,musculo_traseiro,18.7,18.7,21.78,0
2026-07-12_pescoco,2026-07-12,pescoco,9.46,9.46,10.76,0
2026-07-12_acem,2026-07-12,acem,31.66,31.66,36.27,0
2026-07-12_ponta_de_peito,2026-07-12,ponta_de_peito,16.82,14.45,14.45,1
2026-07-12_paleta,2026-07-12,paleta,16.05,16.05,21.45,0
2026-07-12_musculo_dianteiro,2026-07-12,musculo_dianteiro,14.73,14.73,19.88,0
2026-07-12_cupim,2026-07-12,cupim,10.8,10.8,11.31,0
2026-07-12_capa_file,2026-07-12,capa_file,12.08,12.03,12.03,1
2026-07-12_file_agulha,2026-07-12,file_agulha,13.42,13.42,16.65,0
2026-07-12_file_simples,2026-07-12,file_simples,15.25,15.25,16.03,0
2026-07-12_picanha,2026-07-12,picanha,13.36,13.36,17.93,0
2026-07-12_file_mignon,2026-07-12,file_mignon,9.53,9.53,9.84,0
2026-07-12_alcatra,2026-07-12,alcatra,25.92,25.71,25.71,1
2026-07-12_fraldinha,2026-07-12,fraldinha,15.84,15.84,18.34,0
2026-07-12_coxao_mole,2026-07-12,coxao_mole,25.82,25.82,29.65,0
2026-07-12_lagarto,2026-07-12,lagarto,11.78,11.78,16.98,0
2026-07-12_costelao,2026-07-12,costelao,29.28,24.16,24.16,1
2026-07-12_maminha,2026-07-12,maminha,15.11,15.11,18.87,0
2026-07-12_coxao_duro,2026-07-12,coxao_duro,16.04,16.04,22.39,0
2026-07-12_vazio,2026-07-12,vazio,14.16,14.16,16.72,0
2026-07-12_patinho,2026-07-12,patinho,24.09,24.09,35.2,0
2026-07-12_musculo_traseiro,2026-07-12,musculo_traseiro,14.07,13.1,13.1,1
2026-07-13_pescoco,2026-07-13,pescoco,7.72,7.72,9.71,0
2026-07-13_acem,2026-07-13,acem,21.72,21.72,33.91,0
2026-07-13_ponta_de_peito,2026-07-13,ponta_de_peito,7.65,7.65,11.06,0
2026-07-13_paleta,2026-07-13,paleta,13.99,13.99,15.32,0
2026-07-13_musculo_dianteiro,2026-07-13,musculo_dianteiro,10.68,10.68,15.97,0
2026-07-13_cupim,2026-07-13,cupim,6.11,6.11,10.39,0
2026-07-13_capa_file,2026-07-13,capa_file,7.17,7.17,10.13,0
2026-07-13_file_agulha,2026-07-13,file_agulha,9.08,9.08,12.96,0
2026-07-13_file_simples,2026-07-13,file_simples,9.74,9.74,11.79,0
2026-07-13_picanha,2026-07-13,picanha,10.56,9.79,9.79,1
2026-07-13_file_mignon,2026-07-13,file_mignon,5.96,5.96,7.03,0
2026-07-13_alcatra,2026-07-13,alcatra,14.03,14.03,19.03,0
2026-07-13_fraldinha,2026-07-13,fraldinha,11.4,11.4,12.31,0
2026-07-13_coxao_mole,2026-07-13,coxao_mole,13.93,13.93,22.08,0
2026-07-13_lagarto,2026-07-13,lagarto,8.95,8.95,12.0,0
2026-07-13_costelao,2026-07-13,costelao,17.18,11.77,11.77,1
2026-07-13_maminha,2026-07-13,maminha,8.31,8.31,11.68,0
2026-07-13_coxao_duro,2026-07-13,coxao_duro,11.74,11.74,16.45,0
2026-07-13_vazio,2026-07-13,vazio,7.04,7.04,10.06,0
2026-07-13_patinho,2026-07-13,patinho,21.55,21.55,27.74,0
2026-07-13_musculo_traseiro,2026-07-13,musculo_traseiro,11.92,11.92,13.33,0
2026-07-14_pescoco,2026-07-14,pescoco,7.52,6.35,6.35,1
2026-07-14_acem,2026-07-14,acem,22.92,22.92,32.25,0
2026-07-14_ponta_de_peito,2026-07-14,ponta_de_peito,8.85,8.85,10.04,0
2026-07-14_paleta,2026-07-14,paleta,18.38,18.38,20.68,0
2026-07-14_musculo_dianteiro,2026-07-14,musculo_dianteiro,11.32,11.32,15.09,0
2026-07-14_cupim,2026-07-14,cupim,7.23,7.23,9.4,0
2026-07-14_capa_file,2026-07-14,capa_file,7.69,7.69,9.35,0
2026-07-14_file_agulha,2026-07-14,file_agulha,8.9,8.9,10.31,0
2026-07-14_file_simples,2026-07-14,file_simples,13.83,13.83,13.93,0
2026-07-14_picanha,2026-07-14,picanha,13.1,13.1,13.18,0
2026-07-14_file_mignon,2026-07-14,file_mignon,5.74,5.74,6.66,0
2026-07-14_alcatra,2026-07-14,alcatra,16.19,16.19,19.54,0
2026-07-14_fraldinha,2026-07-14,fraldinha,12.48,12.48,13.95,0
2026-07-14_coxao_mole,2026-07-14,coxao_mole,23.66,23.11,23.11,1
2026-07-14_lagarto,2026-07-14,lagarto,9.32,9.32,13.64,0
2026-07-14_costelao,2026-07-14,costelao,24.97,21.55,21.55,1
2026-07-14_maminha,2026-07-14,maminha,11.07,11.07,14.98,0
2026-07-14_coxao_duro,2026-07-14,coxao_duro,14.1,14.1,20.56,0
2026-07-14_vazio,2026-07-14,vazio,7.95,7.95,8.93,0
2026-07-14_patinho,2026-07-14,patinho,15.33,15.33,25.75,0
2026-07-14_musculo_traseiro,2026-07-14,musculo_traseiro,10.42,10.42,13.0,0
2026-07-15_pescoco,2026-07-15,pescoco,7.55,7.55,9.95,0
2026-07-15_acem,2026-07-15,acem,24.14,24.14,28.95,0
2026-07-15_ponta_de_peito,2026-07-15,ponta_de_peito,8.22,8.22,12.21,0
2026-07-15_paleta,2026-07-15,paleta,19.07,13.53,13.53,1
2026-07-15_musculo_dianteiro,2026-07-15,musculo_dianteiro,13.8,13.8,13.86,0
2026-07-15_cupim,2026-07-15,cupim,8.09,8.09,9.38,0
2026-07-15_capa_file,2026-07-15,capa_file,10.01,8.6,8.6,1
2026-07-15_file_agulha,2026-07-15,file_agulha,12.02,12.02,13.07,0
2026-07-15_file_simples,2026-07-15,file_simples,10.76,10.76,15.09,0
2026-07-15_picanha,2026-07-15,picanha,11.8,11.8,11.82,0
2026-07-15_file_mignon,2026-07-15,file_mignon,6.28,6.28,7.96,0
2026-07-15_alcatra,2026-07-15,alcatra,19.85,19.85,20.67,0
2026-07-15_fraldinha,2026-07-15,fraldinha,11.2,11.2,14.65,0
2026-07-15_coxao_mole,2026-07-15,coxao_mole,18.1,18.1,28.27,0
2026-07-15_lagarto,2026-07-15,lagarto,11.19,11.19,15.24,0
2026-07-15_costelao,2026-07-15,costelao,17.89,17.89,25.57,0
2026-07-15_maminha,2026-07-15,maminha,15.56,10.61,10.61,1
2026-07-15_coxao_duro,2026-07-15,coxao_duro,14.07,13.61,13.61,1
2026-07-15_vazio,2026-07-15,vazio,13.24,12.38,12.38,1
2026-07-15_patinho,2026-07-15,patinho,19.79,19.79,28.66,0
2026-07-15_musculo_traseiro,2026-07-15,musculo_traseiro,13.17,13.17,17.84,0
2026-07-16_pescoco,2026-07-16,pescoco,9.26,8.17,8.17,1
2026-07-16_acem,2026-07-16,acem,30.36,29.3,29.3,1
2026-07-16_ponta_de_peito,2026-07-16,ponta_de_peito,9.66,9.66,12.01,0
2026-07-16_paleta,2026-07-16,paleta,13.85,13.85,20.91,0
2026-07-16_musculo_dianteiro,2026-07-16,musculo_dianteiro,11.22,11.22,15.91,0
2026-07-16_cupim,2026-07-16,cupim,9.89,9.89,12.49,0
2026-07-16_capa_file,2026-07-16,capa_file,9.6,9.6,12.09,0
2026-07-16_file_agulha,2026-07-16,file_agulha,13.29,12.9,12.9,1
2026-07-16_file_simples,2026-07-16,file_simples,15.16,15.16,15.89,0
2026-07-16_picanha,2026-07-16,picanha,12.84,12.84,17.62,0
2026-07-16_file_mignon,2026-07-16,file_mignon,7.41,7.41,9.36,0
2026-07-16_alcatra,2026-07-16,alcatra,18.83,18.83,26.99,0
2026-07-16_fraldinha,2026-07-16,fraldinha,13.58,13.58,18.34,0
2026-07-16_coxao_mole,2026-07-16,coxao_mole,18.44,18.44,27.92,0
2026-07-16_lagarto,2026-07-16,lagarto,12.67,12.67,16.84,0
2026-07-16_costelao,2026-07-16,costelao,16.13,16.13,21.97,0
2026-07-16_maminha,2026-07-16,maminha,11.43,11.43,15.72,0
2026-07-16_coxao_duro,2026-07-16,coxao_duro,16.39,16.39,19.66,0
2026-07-16_vazio,2026-07-16,vazio,11.07,11.07,12.49,0
2026-07-16_patinho,2026-07-16,patinho,21.14,21.14,29.16,0
2026-07-16_musculo_traseiro,2026-07-16,musculo_traseiro,13.93,13.93,18.76,0
2026-07-17_pescoco,2026-07-17,pescoco,10.34,10.34,12.84,0
2026-07-17_acem,2026-07-17,acem,25.38,25.38,38.83,0
2026-07-17_ponta_de_peito,2026-07-17,ponta_de_peito,14.14,14.14,16.42,0
2026-07-17_paleta,2026-07-17,paleta,21.64,19.67,19.67,1
2026-07-17_musculo_dianteiro,2026-07-17,musculo_dianteiro,20.29,17.64,17.64,1
2026-07-17_cupim,2026-07-17,cupim,10.54,10.54,13.76,0
2026-07-17_capa_file,2026-07-17,capa_file,11.05,11.05,13.31,0
2026-07-17_file_agulha,2026-07-17,file_agulha,14.51,14.51,18.64,0
2026-07-17_file_simples,2026-07-17,file_simples,15.07,15.07,18.54,0
2026-07-17_picanha,2026-07-17,picanha,17.55,16.81,16.81,1
2026-07-17_file_mignon,2026-07-17,file_mignon,8.23,8.23,10.07,0
2026-07-17_alcatra,2026-07-17,alcatra,23.59,23.59,28.6,0
2026-07-17_fraldinha,2026-07-17,fraldinha,18.5,18.45,18.45,1
2026-07-17_coxao_mole,2026-07-17,coxao_mole,34.11,33.21,33.21,1
2026-07-17_lagarto,2026-07-17,lagarto,15.01,15.01,20.22,0
2026-07-17_costelao,2026-07-17,costelao,23.97,23.97,24.51,0
2026-07-17_maminha,2026-07-17,maminha,15.61,15.33,15.33,1
2026-07-17_coxao_duro,2026-07-17,coxao_duro,18.08,18.08,23.87,0
2026-07-17_vazio,2026-07-17,vazio,14.5,13.69,13.69,1
2026-07-17_patinho,2026-07-17,patinho,26.93,26.93,37.65,0
2026-07-17_musculo_traseiro,2026-07-17,musculo_traseiro,14.44,14.44,15.79,0
2026-07-18_pescoco,2026-07-18,pescoco,12.81,12.81,14.88,0
2026-07-18_acem,2026-07-18,acem,43.74,43.74,50.5,0
2026-07-18_ponta_de_peito,2026-07-18,ponta_de_peito,10.99,10.99,17.47,0
2026-07-18_paleta,2026-07-18,paleta,27.82,27.82,34.13,0
2026-07-18_musculo_dianteiro,2026-07-18,musculo_dianteiro,19.03,19.03,22.27,0
2026-07-18_cupim,2026-07-18,cupim,16.38,15.57,15.57,1
2026-07-18_capa_file,2026-07-18,capa_file,18.98,15.68,15.68,1
2026-07-18_file_agulha,2026-07-18,file_agulha,17.1,17.1,19.43,0
2026-07-18_file_simples,2026-07-18,file_simples,17.19,17.19,21.61,0
2026-07-18_picanha,2026-07-18,picanha,19.88,19.88,21.81,0
2026-07-18_file_mignon,2026-07-18,file_mignon,9.6,9.6,13.73,0
2026-07-18_alcatra,2026-07-18,alcatra,28.15,28.15,35.21,0
2026-07-18_fraldinha,2026-07-18,fraldinha,25.3,24.61,24.61,1
2026-07-18_coxao_mole,2026-07-18,coxao_mole,31.25,31.25,34.67,0
2026-07-18_lagarto,2026-07-18,lagarto,18.87,18.87,20.23,0
2026-07-18_costelao,2026-07-18,costelao,36.94,31.08,31.08,1
2026-07-18_maminha,2026-07-18,maminha,26.79,24.48,24.48,1
2026-07-18_coxao_duro,2026-07-18,coxao_duro,20.33,20.33,26.25,0
2026-07-18_vazio,2026-07-18,vazio,13.12,13.12,19.04,0
2026-07-18_patinho,2026-07-18,patinho,31.51,31.51,38.31,0
2026-07-18_musculo_traseiro,2026-07-18,musculo_traseiro,17.79,17.79,23.56,0
2026-07-19_pescoco,2026-07-19,pescoco,9.54,9.54,11.54,0
2026-07-19_acem,2026-07-19,acem,35.29,34.42,34.42,1
2026-07-19_ponta_de_peito,2026-07-19,ponta_de_peito,10.48,10.48,15.42,0
2026-07-19_paleta,2026-07-19,paleta,17.67,17.67,21.15,0
2026-07-19_musculo_dianteiro,2026-07-19,musculo_dianteiro,15.48,14.37,14.37,1
2026-07-19_cupim,2026-07-19,cupim,12.25,12.25,12.45,0
2026-07-19_capa_file,2026-07-19,capa_file,11.01,11.01,13.92,0
2026-07-19_file_agulha,2026-07-19,file_agulha,10.67,10.67,15.49,0
2026-07-19_file_simples,2026-07-19,file_simples,13.1,13.1,18.2,0
2026-07-19_picanha,2026-07-19,picanha,13.02,13.02,14.77,0
2026-07-19_file_mignon,2026-07-19,file_mignon,8.12,8.12,10.75,0
2026-07-19_alcatra,2026-07-19,alcatra,25.35,25.35,27.45,0
2026-07-19_fraldinha,2026-07-19,fraldinha,14.86,14.86,16.76,0
2026-07-19_coxao_mole,2026-07-19,coxao_mole,27.04,27.04,30.9,0
2026-07-19_lagarto,2026-07-19,lagarto,13.34,13.34,16.88,0
2026-07-19_costelao,2026-07-19,costelao,20.55,20.55,29.67,0
2026-07-19_maminha,2026-07-19,maminha,17.66,17.52,17.52,1
2026-07-19_coxao_duro,2026-07-19,coxao_duro,17.41,17.41,20.42,0
2026-07-19_vazio,2026-07-19,vazio,15.55,13.55,13.55,1
2026-07-19_patinho,2026-07-19,patinho,22.37,22.37,25.96,0
2026-07-19_musculo_traseiro,2026-07-19,musculo_traseiro,11.64,11.64,16.76,0
2026-07-20_pescoco,2026-07-20,pescoco,6.26,6.02,6.02,1
2026-07-20_acem,2026-07-20,acem,18.19,18.19,26.86,0
2026-07-20_ponta_de_peito,2026-07-20,ponta_de_peito,8.32,8.32,10.37,0
2026-07-20_paleta,2026-07-20,paleta,10.26,10.26,16.27,0
2026-07-20_musculo_dianteiro,2026-07-20,musculo_dianteiro,11.21,11.21,13.97,0
2026-07-20_cupim,2026-07-20,cupim,7.67,7.67,8.12,0
2026-07-20_capa_file,2026-07-20,capa_file,7.33,7.33,11.12,0
2026-07-20_file_agulha,2026-07-20,file_agulha,8.1,8.1,8.74,0
2026-07-20_file_simples,2026-07-20,file_simples,8.97,8.97,11.15,0
2026-07-20_picanha,2026-07-20,picanha,10.12,10.12,10.55,0
2026-07-20_file_mignon,2026-07-20,file_mignon,5.11,5.11,7.42,0
2026-07-20_alcatra,2026-07-20,alcatra,16.78,16.78,19.91,0
2026-07-20_fraldinha,2026-07-20,fraldinha,11.09,11.09,13.56,0
2026-07-20_coxao_mole,2026-07-20,coxao_mole,16.98,16.98,18.2,0
2026-07-20_lagarto,2026-07-20,lagarto,8.81,8.81,12.78,0
2026-07-20_costelao,2026-07-20,costelao,17.92,17.92,17.96,0
2026-07-20_maminha,2026-07-20,maminha,9.55,9.55,11.26,0
2026-07-20_coxao_duro,2026-07-20,coxao_duro,11.28,11.28,15.49,0
2026-07-20_vazio,2026-07-20,vazio,9.36,9.35,9.35,0
2026-07-20_patinho,2026-07-20,patinho,20.52,20.52,24.22,0
2026-07-20_musculo_traseiro,2026-07-20,musculo_traseiro,9.81,9.81,14.1,0
2026-07-21_pescoco,2026-07-21,pescoco,6.07,6.07,9.94,0
2026-07-21_acem,2026-07-21,acem,24.33,24.33,27.31,0
2026-07-21_ponta_de_peito,2026-07-21,ponta_de_peito,7.61,7.61,12.4,0
2026-07-21_paleta,2026-07-21,paleta,13.71,13.71,16.2,0
2026-07-21_musculo_dianteiro,2026-07-21,musculo_dianteiro,11.54,11.47,11.47,1
2026-07-21_cupim,2026-07-21,cupim,7.97,7.97,10.97,0
2026-07-21_capa_file,2026-07-21,capa_file,7.57,7.57,11.64,0
2026-07-21_file_agulha,2026-07-21,file_agulha,9.6,9.6,9.72,0
2026-07-21_file_simples,2026-07-21,file_simples,10.37,10.37,14.51,0
2026-07-21_picanha,2026-07-21,picanha,7.65,7.65,14.18,0
2026-07-21_file_mignon,2026-07-21,file_mignon,4.79,4.79,8.62,0
2026-07-21_alcatra,2026-07-21,alcatra,14.79,14.79,19.77,0
2026-07-21_fraldinha,2026-07-21,fraldinha,12.29,12.29,15.17,0
2026-07-21_coxao_mole,2026-07-21,coxao_mole,16.81,16.81,20.67,0
2026-07-21_lagarto,2026-07-21,lagarto,13.05,9.33,9.33,1
2026-07-21_costelao,2026-07-21,costelao,18.15,18.15,18.57,0
2026-07-21_maminha,2026-07-21,maminha,10.19,10.19,12.85,0
2026-07-21_coxao_duro,2026-07-21,coxao_duro,18.96,15.15,15.15,1
2026-07-21_vazio,2026-07-21,vazio,12.27,11.32,11.32,1
2026-07-21_patinho,2026-07-21,patinho,22.38,22.38,24.29,0
2026-07-21_musculo_traseiro,2026-07-21,musculo_traseiro,11.28,11.28,17.21,0
2026-07-22_pescoco,2026-07-22,pescoco,7.02,7.02,9.24,0
2026-07-22_acem,2026-07-22,acem,23.92,23.92,34.35,0
2026-07-22_ponta_de_peito,2026-07-22,ponta_de_peito,9.2,9.2,13.32,0
2026-07-22_paleta,2026-07-22,paleta,15.58,15.58,20.63,0
2026-07-22_musculo_dianteiro,2026-07-22,musculo_dianteiro,15.73,13.76,13.76,1
2026-07-22_cupim,2026-07-22,cupim,9.06,9.06,11.38,0
2026-07-22_capa_file,2026-07-22,capa_file,7.7,7.7,11.91,0
2026-07-22_file_agulha,2026-07-22,file_agulha,8.06,8.06,14.25,0
2026-07-22_file_simples,2026-07-22,file_simples,12.04,12.04,14.88,0
2026-07-22_picanha,2026-07-22,picanha,8.29,8.29,15.08,0
2026-07-22_file_mignon,2026-07-22,file_mignon,8.84,6.93,6.93,1
2026-07-22_alcatra,2026-07-22,alcatra,20.89,20.47,20.47,1
2026-07-22_fraldinha,2026-07-22,fraldinha,12.9,12.9,15.06,0
2026-07-22_coxao_mole,2026-07-22,coxao_mole,19.07,19.07,22.09,0
2026-07-22_lagarto,2026-07-22,lagarto,12.64,12.64,13.85,0
2026-07-22_costelao,2026-07-22,costelao,18.48,18.48,26.18,0
2026-07-22_maminha,2026-07-22,maminha,10.0,10.0,14.99,0
2026-07-22_coxao_duro,2026-07-22,coxao_duro,12.61,12.61,18.17,0
2026-07-22_vazio,2026-07-22,vazio,9.59,9.59,11.28,0
2026-07-22_patinho,2026-07-22,patinho,18.43,18.43,28.55,0
2026-07-22_musculo_traseiro,2026-07-22,musculo_traseiro,12.55,12.55,14.31,0
2026-07-23_pescoco,2026-07-23,pescoco,6.93,6.93,11.03,0
2026-07-23_acem,2026-07-23,acem,27.3,27.3,32.39,0
2026-07-23_ponta_de_peito,2026-07-23,ponta_de_peito,9.12,9.12,11.93,0
2026-07-23_paleta,2026-07-23,paleta,16.82,16.82,21.67,0
2026-07-23_musculo_dianteiro,2026-07-23,musculo_dianteiro,14.49,14.49,18.48,0
2026-07-23_cupim,2026-07-23,cupim,9.46,9.46,11.62,0
2026-07-23_capa_file,2026-07-23,capa_file,9.66,9.66,11.67,0
2026-07-23_file_agulha,2026-07-23,file_agulha,14.5,14.17,14.17,1
2026-07-23_file_simples,2026-07-23,file_simples,14.76,14.76,16.08,0
2026-07-23_picanha,2026-07-23,picanha,16.41,15.87,15.87,1
2026-07-23_file_mignon,2026-07-23,file_mignon,6.55,6.55,10.57,0
2026-07-23_alcatra,2026-07-23,alcatra,16.54,16.54,28.73,0
2026-07-23_fraldinha,2026-07-23,fraldinha,11.01,11.01,16.61,0
2026-07-23_coxao_mole,2026-07-23,coxao_mole,19.49,19.49,29.32,0
2026-07-23_lagarto,2026-07-23,lagarto,14.33,14.33,18.54,0
2026-07-23_costelao,2026-07-23,costelao,17.14,17.14,24.79,0
2026-07-23_maminha,2026-07-23,maminha,11.02,11.02,14.79,0
2026-07-23_coxao_duro,2026-07-23,coxao_duro,15.49,15.49,18.87,0
2026-07-23_vazio,2026-07-23,vazio,8.56,8.56,13.26,0
2026-07-23_patinho,2026-07-23,patinho,23.93,23.93,25.61,0
2026-07-23_musculo_traseiro,2026-07-23,musculo_traseiro,11.57,11.57,14.04,0
2026-07-24_pescoco,2026-07-24,pescoco,11.26,11.26,13.01,0
2026-07-24_acem,2026-07-24,acem,41.46,40.16,40.16,1
2026-07-24_ponta_de_peito,2026-07-24,ponta_de_peito,11.87,11.87,17.28,0
2026-07-24_paleta,2026-07-24,paleta,22.0,22.0,26.39,0
2026-07-24_musculo_dianteiro,2026-07-24,musculo_dianteiro,13.13,13.13,19.03,0
2026-07-24_cupim,2026-07-24,cupim,12.69,12.69,13.92,0
2026-07-24_capa_file,2026-07-24,capa_file,11.05,11.05,14.8,0
2026-07-24_file_agulha,2026-07-24,file_agulha,13.61,13.61,16.35,0
2026-07-24_file_simples,2026-07-24,file_simples,14.89,14.89,17.85,0
2026-07-24_picanha,2026-07-24,picanha,17.5,16.2,16.2,1
2026-07-24_file_mignon,2026-07-24,file_mignon,7.72,7.72,10.3,0
2026-07-24_alcatra,2026-07-24,alcatra,27.13,21.68,21.68,1
2026-07-24_fraldinha,2026-07-24,fraldinha,17.4,17.4,19.16,0
2026-07-24_coxao_mole,2026-07-24,coxao_mole,21.48,21.48,33.47,0
2026-07-24_lagarto,2026-07-24,lagarto,15.57,15.57,16.69,0
2026-07-24_costelao,2026-07-24,costelao,26.92,22.96,22.96,1
2026-07-24_maminha,2026-07-24,maminha,21.21,17.32,17.32,1
2026-07-24_coxao_duro,2026-07-24,coxao_duro,16.71,16.71,21.99,0
2026-07-24_vazio,2026-07-24,vazio,13.92,13.92,18.28,0
2026-07-24_patinho,2026-07-24,patinho,28.18,28.18,29.63,0
2026-07-24_musculo_traseiro,2026-07-24,musculo_traseiro,12.77,12.77,20.92,0
2026-07-25_pescoco,2026-07-25,pescoco,13.32,13.32,14.61,0
2026-07-25_acem,2026-07-25,acem,36.24,36.24,57.0,0
2026-07-25_ponta_de_peito,2026-07-25,ponta_de_peito,14.59,14.59,19.12,0
2026-07-25_paleta,2026-07-25,paleta,23.61,23.61,26.97,0
2026-07-25_musculo_dianteiro,2026-07-25,musculo_dianteiro,17.23,17.23,22.19,0
2026-07-25_cupim,2026-07-25,cupim,17.28,17.28,18.28,0
2026-07-25_capa_file,2026-07-25,capa_file,14.69,14.69,15.81,0
2026-07-25_file_agulha,2026-07-25,file_agulha,17.02,17.02,19.78,0
2026-07-25_file_simples,2026-07-25,file_simples,16.38,16.38,22.3,0
2026-07-25_picanha,2026-07-25,picanha,23.22,22.08,22.08,1
2026-07-25_file_mignon,2026-07-25,file_mignon,9.85,9.85,13.32,0
2026-07-25_alcatra,2026-07-25,alcatra,30.32,30.32,31.08,0
2026-07-25_fraldinha,2026-07-25,fraldinha,27.79,22.48,22.48,1
2026-07-25_coxao_mole,2026-07-25,coxao_mole,31.68,31.68,34.1,0
2026-07-25_lagarto,2026-07-25,lagarto,15.25,15.25,24.72,0
2026-07-25_costelao,2026-07-25,costelao,29.81,29.81,33.54,0
2026-07-25_maminha,2026-07-25,maminha,19.12,19.12,22.5,0
2026-07-25_coxao_duro,2026-07-25,coxao_duro,13.22,13.22,26.23,0
2026-07-25_vazio,2026-07-25,vazio,15.52,15.52,17.18,0
2026-07-25_patinho,2026-07-25,patinho,33.53,33.53,36.95,0
2026-07-25_musculo_traseiro,2026-07-25,musculo_traseiro,17.67,17.67,22.82,0
2026-07-26_pescoco,2026-07-26,pescoco,8.25,8.25,10.58,0
2026-07-26_acem,2026-07-26,acem,30.44,30.44,39.81,0
2026-07-26_ponta_de_peito,2026-07-26,ponta_de_peito,11.54,11.54,15.55,0
2026-07-26_paleta,2026-07-26,paleta,20.41,20.41,20.92,0
2026-07-26_musculo_dianteiro,2026-07-26,musculo_dianteiro,16.53,16.53,19.75,0
2026-07-26_cupim,2026-07-26,cupim,12.41,11.47,11.47,1
2026-07-26_capa_file,2026-07-26,capa_file,11.74,11.74,13.89,0
2026-07-26_file_agulha,2026-07-26,file_agulha,15.3,15.3,17.97,0
2026-07-26_file_simples,2026-07-26,file_simples,14.21,14.21,15.35,0
2026-07-26_picanha,2026-07-26,picanha,15.31,14.18,14.18,1
2026-07-26_file_mignon,2026-07-26,file_mignon,8.03,8.03,8.68,0
2026-07-26_alcatra,2026-07-26,alcatra,21.65,21.65,27.62,0
2026-07-26_fraldinha,2026-07-26,fraldinha,18.13,18.13,21.37,0
2026-07-26_coxao_mole,2026-07-26,coxao_mole,22.43,22.43,33.2,0
2026-07-26_lagarto,2026-07-26,lagarto,19.25,14.47,14.47,1
2026-07-26_costelao,2026-07-26,costelao,33.76,26.43,26.43,1
2026-07-26_maminha,2026-07-26,maminha,15.69,13.24,13.24,1
2026-07-26_coxao_duro,2026-07-26,coxao_duro,13.94,13.94,18.36,0
2026-07-26_vazio,2026-07-26,vazio,14.38,13.42,13.42,1
2026-07-26_patinho,2026-07-26,patinho,25.11,25.11,31.13,0
2026-07-26_musculo_traseiro,2026-07-26,musculo_traseiro,14.12,14.12,16.59,0
2026-07-27_pescoco,2026-07-27,pescoco,7.41,7.0,7.0,1
2026-07-27_acem,2026-07-27,acem,21.42,21.42,23.46,0
2026-07-27_ponta_de_peito,2026-07-27,ponta_de_peito,7.46,7.46,12.5,0
2026-07-27_paleta,2026-07-27,paleta,17.01,16.87,16.87,1
2026-07-27_musculo_dianteiro,2026-07-27,musculo_dianteiro,12.07,12.07,14.08,0
2026-07-27_cupim,2026-07-27,cupim,7.74,7.74,9.28,0
2026-07-27_capa_file,2026-07-27,capa_file,10.56,10.11,10.11,1
2026-07-27_file_agulha,2026-07-27,file_agulha,10.12,10.12,13.17,0
2026-07-27_file_simples,2026-07-27,file_simples,11.1,11.1,12.92,0
2026-07-27_picanha,2026-07-27,picanha,9.57,9.57,12.41,0
2026-07-27_file_mignon,2026-07-27,file_mignon,6.24,6.24,6.77,0
2026-07-27_alcatra,2026-07-27,alcatra,15.9,15.9,19.46,0
2026-07-27_fraldinha,2026-07-27,fraldinha,10.99,10.99,13.88,0
2026-07-27_coxao_mole,2026-07-27,coxao_mole,27.65,23.31,23.31,1
2026-07-27_lagarto,2026-07-27,lagarto,9.87,9.87,13.73,0
2026-07-27_costelao,2026-07-27,costelao,19.55,19.55,23.16,0
2026-07-27_maminha,2026-07-27,maminha,8.62,8.62,13.23,0
2026-07-27_coxao_duro,2026-07-27,coxao_duro,9.6,9.6,13.87,0
2026-07-27_vazio,2026-07-27,vazio,8.96,8.96,10.06,0
2026-07-27_patinho,2026-07-27,patinho,18.82,18.82,26.21,0
2026-07-27_musculo_traseiro,2026-07-27,musculo_traseiro,8.69,8.69,13.21,0
2026-07-28_pescoco,2026-07-28,pescoco,7.6,7.6,9.12,0
2026-07-28_acem,2026-07-28,acem,24.19,23.58,23.58,1
2026-07-28_ponta_de_peito,2026-07-28,ponta_de_peito,11.01,11.01,11.47,0
2026-07-28_paleta,2026-07-28,paleta,12.58,12.58,16.96,0
2026-07-28_musculo_dianteiro,2026-07-28,musculo_dianteiro,11.33,11.33,15.09,0
2026-07-28_cupim,2026-07-28,cupim,5.9,5.9,9.35,0
2026-07-28_capa_file,2026-07-28,capa_file,8.43,8.43,11.11,0
2026-07-28_file_agulha,2026-07-28,file_agulha,12.19,12.19,13.97,0
2026-07-28_file_simples,2026-07-28,file_simples,9.26,9.26,14.7,0
2026-07-28_picanha,2026-07-28,picanha,10.36,10.36,12.6,0
2026-07-28_file_mignon,2026-07-28,file_mignon,7.03,7.03,7.73,0
2026-07-28_alcatra,2026-07-28,alcatra,16.86,16.86,21.09,0
2026-07-28_fraldinha,2026-07-28,fraldinha,15.81,13.86,13.86,1
2026-07-28_coxao_mole,2026-07-28,coxao_mole,20.02,20.02,21.95,0
2026-07-28_lagarto,2026-07-28,lagarto,13.2,13.2,15.03,0
2026-07-28_costelao,2026-07-28,costelao,15.91,15.91,18.7,0
2026-07-28_maminha,2026-07-28,maminha,12.92,12.08,12.08,1
2026-07-28_coxao_duro,2026-07-28,coxao_duro,12.24,12.24,13.72,0
2026-07-28_vazio,2026-07-28,vazio,10.99,10.99,14.22,0
2026-07-28_patinho,2026-07-28,patinho,17.57,17.57,26.92,0
2026-07-28_musculo_traseiro,2026-07-28,musculo_traseiro,11.65,11.65,13.57,0
2026-07-29_pescoco,2026-07-29,pescoco,8.03,8.03,9.3,0
2026-07-29_acem,2026-07-29,acem,25.52,25.5,25.5,1
2026-07-29_ponta_de_peito,2026-07-29,ponta_de_peito,11.77,9.95,9.95,1
2026-07-29_paleta,2026-07-29,paleta,16.45,16.45,17.94,0
2026-07-29_musculo_dianteiro,2026-07-29,musculo_dianteiro,11.86,11.86,16.2,0
2026-07-29_cupim,2026-07-29,cupim,8.41,8.41,10.4,0
2026-07-29_capa_file,2026-07-29,capa_file,8.67,8.67,12.21,0
2026-07-29_file_agulha,2026-07-29,file_agulha,10.26,10.26,12.46,0
2026-07-29_file_simples,2026-07-29,file_simples,9.04,9.04,14.6,0
2026-07-29_picanha,2026-07-29,picanha,12.26,12.26,15.17,0
2026-07-29_file_mignon,2026-07-29,file_mignon,6.59,6.59,8.05,0
2026-07-29_alcatra,2026-07-29,alcatra,17.17,17.17,20.68,0
2026-07-29_fraldinha,2026-07-29,fraldinha,10.59,10.59,17.18,0
2026-07-29_coxao_mole,2026-07-29,coxao_mole,18.94,18.94,27.11,0
2026-07-29_lagarto,2026-07-29,lagarto,10.97,10.97,13.51,0
2026-07-29_costelao,2026-07-29,costelao,18.91,18.91,19.85,0
2026-07-29_maminha,2026-07-29,maminha,11.73,11.73,16.96,0
2026-07-29_coxao_duro,2026-07-29,coxao_duro,13.06,13.06,13.62,0
2026-07-29_vazio,2026-07-29,vazio,10.75,10.75,12.98,0
2026-07-29_patinho,2026-07-29,patinho,20.06,20.06,22.71,0
2026-07-29_musculo_traseiro,2026-07-29,musculo_traseiro,12.28,10.83,10.83,1
2026-07-30_pescoco,2026-07-30,pescoco,8.64,8.64,11.14,0
2026-07-30_acem,2026-07-30,acem,29.55,29.55,37.33,0
2026-07-30_ponta_de_peito,2026-07-30,ponta_de_peito,10.16,10.16,11.32,0
2026-07-30_paleta,2026-07-30,paleta,21.12,21.12,21.57,0
2026-07-30_musculo_dianteiro,2026-07-30,musculo_dianteiro,12.06,12.06,16.18,0
2026-07-30_cupim,2026-07-30,cupim,9.69,9.69,11.21,0
2026-07-30_capa_file,2026-07-30,capa_file,9.52,9.52,13.12,0
2026-07-30_file_agulha,2026-07-30,file_agulha,11.89,11.89,12.81,0
2026-07-30_file_simples,2026-07-30,file_simples,9.59,9.59,16.06,0
2026-07-30_picanha,2026-07-30,picanha,9.72,9.72,13.22,0
2026-07-30_file_mignon,2026-07-30,file_mignon,8.21,8.21,8.75,0
2026-07-30_alcatra,2026-07-30,alcatra,17.6,17.6,21.88,0
2026-07-30_fraldinha,2026-07-30,fraldinha,12.02,12.02,16.65,0
2026-07-30_coxao_mole,2026-07-30,coxao_mole,18.36,18.36,23.22,0
2026-07-30_lagarto,2026-07-30,lagarto,14.24,13.66,13.66,1
2026-07-30_costelao,2026-07-30,costelao,15.26,15.26,25.31,0
2026-07-30_maminha,2026-07-30,maminha,12.8,12.8,17.41,0
2026-07-30_coxao_duro,2026-07-30,coxao_duro,17.55,16.52,16.52,1
2026-07-30_vazio,2026-07-30,vazio,14.13,11.98,11.98,1
2026-07-30_patinho,2026-07-30,patinho,19.87,19.87,26.51,0
2026-07-30_musculo_traseiro,2026-07-30,musculo_traseiro,11.27,11.27,18.21,0
2026-07-31_pescoco,2026-07-31,pescoco,10.44,10.44,11.47,0
2026-07-31_acem,2026-07-31,acem,34.18,34.18,42.76,0
2026-07-31_ponta_de_peito,2026-07-31,ponta_de_peito,11.49,11.49,13.59,0
2026-07-31_paleta,2026-07-31,paleta,21.37,21.37,24.69,0
2026-07-31_musculo_dianteiro,2026-07-31,musculo_dianteiro,14.35,14.35,17.7,0
2026-07-31_cupim,2026-07-31,cupim,11.08,11.08,14.68,0
2026-07-31_capa_file,2026-07-31,capa_file,15.54,13.83,13.83,1
2026-07-31_file_agulha,2026-07-31,file_agulha,13.33,13.33,18.91,0
2026-07-31_file_simples,2026-07-31,file_simples,18.73,18.73,19.04,0
2026-07-31_picanha,2026-07-31,picanha,15.8,15.74,15.74,1
2026-07-31_file_mignon,2026-07-31,file_mignon,5.54,5.54,10.59,0
2026-07-31_alcatra,2026-07-31,alcatra,21.68,21.68,25.68,0
2026-07-31_fraldinha,2026-07-31,fraldinha,16.06,16.06,22.28,0
2026-07-31_coxao_mole,2026-07-31,coxao_mole,25.69,24.74,24.74,1
2026-07-31_lagarto,2026-07-31,lagarto,14.63,14.63,18.29,0
2026-07-31_costelao,2026-07-31,costelao,23.54,23.54,27.76,0
2026-07-31_maminha,2026-07-31,maminha,15.74,15.74,21.07,0
2026-07-31_coxao_duro,2026-07-31,coxao_duro,16.18,16.18,18.23,0
2026-07-31_vazio,2026-07-31,vazio,14.2,14.2,15.34,0
2026-07-31_patinho,2026-07-31,patinho,21.81,21.81,33.33,0
2026-07-31_musculo_traseiro,2026-07-31,musculo_traseiro,15.54,15.54,17.87,0
2026-08-01_pescoco,2026-08-01,pescoco,11.78,11.78,14.06,0
2026-08-01_acem,2026-08-01,acem,35.13,35.13,41.32,0
2026-08-01_ponta_de_peito,2026-08-01,ponta_de_peito,15.14,15.14,18.07,0
2026-08-01_paleta,2026-08-01,paleta,25.85,25.42,25.42,1
2026-08-01_musculo_dianteiro,2026-08-01,musculo_dianteiro,17.68,17.68,23.93,0
2026-08-01_cupim,2026-08-01,cupim,16.19,14.35,14.35,1
2026-08-01_capa_file,2026-08-01,capa_file,17.5,14.61,14.61,1
2026-08-01_file_agulha,2026-08-01,file_agulha,15.31,15.31,17.79,0
2026-08-01_file_simples,2026-08-01,file_simples,17.91,17.91,22.25,0
2026-08-01_picanha,2026-08-01,picanha,18.72,18.72,19.8,0
2026-08-01_file_mignon,2026-08-01,file_mignon,11.38,11.38,11.44,0
2026-08-01_alcatra,2026-08-01,alcatra,35.29,30.26,30.26,1
2026-08-01_fraldinha,2026-08-01,fraldinha,26.88,26.24,26.24,1
2026-08-01_coxao_mole,2026-08-01,coxao_mole,36.3,34.51,34.51,1
2026-08-01_lagarto,2026-08-01,lagarto,17.58,17.58,23.35,0
2026-08-01_costelao,2026-08-01,costelao,32.46,32.46,32.69,0
2026-08-01_maminha,2026-08-01,maminha,23.91,18.4,18.4,1
2026-08-01_coxao_duro,2026-08-01,coxao_duro,17.75,17.75,27.18,0
2026-08-01_vazio,2026-08-01,vazio,17.15,17.15,18.74,0
2026-08-01_patinho,2026-08-01,patinho,32.03,32.03,34.58,0
2026-08-01_musculo_traseiro,2026-08-01,musculo_traseiro,17.22,17.22,20.57,0
2026-08-02_pescoco,2026-08-02,pescoco,9.63,9.63,10.57,0
2026-08-02_acem,2026-08-02,acem,26.07,26.07,33.3,0
2026-08-02_ponta_de_peito,2026-08-02,ponta_de_peito,12.07,12.07,13.15,0
2026-08-02_paleta,2026-08-02,paleta,21.2,18.76,18.76,1
2026-08-02_musculo_dianteiro,2026-08-02,musculo_dianteiro,15.03,15.03,19.48,0
2026-08-02_cupim,2026-08-02,cupim,11.38,11.38,13.12,0
2026-08-02_capa_file,2026-08-02,capa_file,13.91,13.6,13.6,1
2026-08-02_file_agulha,2026-08-02,file_agulha,11.5,11.5,15.77,0
2026-08-02_file_simples,2026-08-02,file_simples,10.02,10.02,17.34,0
2026-08-02_picanha,2026-08-02,picanha,14.36,14.36,16.04,0
2026-08-02_file_mignon,2026-08-02,file_mignon,11.1,8.73,8.73,1
2026-08-02_alcatra,2026-08-02,alcatra,21.9,21.9,24.51,0
2026-08-02_fraldinha,2026-08-02,fraldinha,14.42,14.42,17.78,0
2026-08-02_coxao_mole,2026-08-02,coxao_mole,19.43,19.43,25.69,0
2026-08-02_lagarto,2026-08-02,lagarto,14.23,14.23,18.04,0
2026-08-02_costelao,2026-08-02,costelao,20.31,20.31,24.06,0
2026-08-02_maminha,2026-08-02,maminha,16.39,16.39,18.71,0
2026-08-02_coxao_duro,2026-08-02,coxao_duro,18.8,17.64,17.64,1
2026-08-02_vazio,2026-08-02,vazio,11.47,11.47,12.82,0
2026-08-02_patinho,2026-08-02,patinho,20.29,20.29,32.39,0
2026-08-02_musculo_traseiro,2026-08-02,musculo_traseiro,15.43,15.43,15.63,0
2026-08-03_pescoco,2026-08-03,pescoco,7.65,7.65,9.71,0
2026-08-03_acem,2026-08-03,acem,20.18,20.18,20.4,0
2026-08-03_ponta_de_peito,2026-08-03,ponta_de_peito,8.26,8.26,9.01,0
2026-08-03_paleta,2026-08-03,paleta,15.72,15.29,15.29,1
2026-08-03_musculo_dianteiro,2026-08-03,musculo_dianteiro,8.77,8.77,13.01,0
2026-08-03_cupim,2026-08-03,cupim,7.04,7.04,7.99,0
2026-08-03_capa_file,2026-08-03,capa_file,7.15,7.15,11.36,0
2026-08-03_file_agulha,2026-08-03,file_agulha,7.67,7.67,12.17,0
2026-08-03_file_simples,2026-08-03,file_simples,10.0,10.0,13.8,0
2026-08-03_picanha,2026-08-03,picanha,8.86,8.86,10.48,0
2026-08-03_file_mignon,2026-08-03,file_mignon,4.77,4.77,7.32,0
2026-08-03_alcatra,2026-08-03,alcatra,14.87,14.87,15.03,0
2026-08-03_fraldinha,2026-08-03,fraldinha,10.88,10.88,11.72,0
2026-08-03_coxao_mole,2026-08-03,coxao_mole,18.07,18.07,23.15,0
2026-08-03_lagarto,2026-08-03,lagarto,10.11,10.11,12.08,0
2026-08-03_costelao,2026-08-03,costelao,17.14,17.14,21.92,0
2026-08-03_maminha,2026-08-03,maminha,8.26,8.26,13.6,0
2026-08-03_coxao_duro,2026-08-03,coxao_duro,10.34,10.34,13.56,0
2026-08-03_vazio,2026-08-03,vazio,9.27,8.93,8.93,1
2026-08-03_patinho,2026-08-03,patinho,19.23,19.23,24.52,0
2026-08-03_musculo_traseiro,2026-08-03,musculo_traseiro,10.7,10.7,12.21,0
2026-08-04_pescoco,2026-08-04,pescoco,5.78,5.78,8.65,0
2026-08-04_acem,2026-08-04,acem,25.44,25.44,28.59,0
2026-08-04_ponta_de_peito,2026-08-04,ponta_de_peito,9.51,9.51,9.74,0
2026-08-04_paleta,2026-08-04,paleta,11.01,11.01,16.21,0
2026-08-04_musculo_dianteiro,2026-08-04,musculo_dianteiro,11.05,11.05,13.45,0
2026-08-04_cupim,2026-08-04,cupim,8.15,8.15,10.5,0
2026-08-04_capa_file,2026-08-04,capa_file,6.44,6.44,10.34,0
2026-08-04_file_agulha,2026-08-04,file_agulha,9.05,9.05,10.79,0
2026-08-04_file_simples,2026-08-04,file_simples,11.46,11.46,12.24,0
2026-08-04_picanha,2026-08-04,picanha,8.92,8.92,12.11,0
2026-08-04_file_mignon,2026-08-04,file_mignon,6.73,6.73,6.99,0
2026-08-04_alcatra,2026-08-04,alcatra,16.25,16.25,21.02,0
2026-08-04_fraldinha,2026-08-04,fraldinha,12.15,12.15,12.49,0
2026-08-04_coxao_mole,2026-08-04,coxao_mole,16.89,16.89,18.96,0
2026-08-04_lagarto,2026-08-04,lagarto,10.2,10.2,11.96,0
2026-08-04_costelao,2026-08-04,costelao,14.12,14.12,22.31,0
2026-08-04_maminha,2026-08-04,maminha,9.42,9.42,11.26,0
2026-08-04_coxao_duro,2026-08-04,coxao_duro,11.34,11.34,17.06,0
2026-08-04_vazio,2026-08-04,vazio,7.79,7.79,11.61,0
2026-08-04_patinho,2026-08-04,patinho,18.65,18.65,23.2,0
2026-08-04_musculo_traseiro,2026-08-04,musculo_traseiro,9.61,9.61,12.2,0
2026-08-05_pescoco,2026-08-05,pescoco,9.52,9.33,9.33,1
2026-08-05_acem,2026-08-05,acem,25.66,25.66,27.95,0
2026-08-05_ponta_de_peito,2026-08-05,ponta_de_peito,8.66,8.66,11.75,0
2026-08-05_paleta,2026-08-05,paleta,14.52,14.52,18.54,0
2026-08-05_musculo_dianteiro,2026-08-05,musculo_dianteiro,10.14,10.14,13.85,0
2026-08-05_cupim,2026-08-05,cupim,8.08,8.08,10.04,0
2026-08-05_capa_file,2026-08-05,capa_file,8.28,8.28,10.21,0
2026-08-05_file_agulha,2026-08-05,file_agulha,13.74,10.25,10.25,1
2026-08-05_file_simples,2026-08-05,file_simples,10.5,10.5,14.32,0
2026-08-05_picanha,2026-08-05,picanha,10.36,10.36,14.01,0
2026-08-05_file_mignon,2026-08-05,file_mignon,6.66,6.66,8.03,0
2026-08-05_alcatra,2026-08-05,alcatra,14.41,14.41,18.65,0
2026-08-05_fraldinha,2026-08-05,fraldinha,8.68,8.68,15.09,0
2026-08-05_coxao_mole,2026-08-05,coxao_mole,17.78,17.78,29.51,0
2026-08-05_lagarto,2026-08-05,lagarto,11.04,11.04,14.99,0
2026-08-05_costelao,2026-08-05,costelao,18.47,18.47,23.35,0
2026-08-05_maminha,2026-08-05,maminha,9.57,9.57,13.23,0
2026-08-05_coxao_duro,2026-08-05,coxao_duro,11.26,11.26,14.69,0
2026-08-05_vazio,2026-08-05,vazio,8.78,8.78,10.32,0
2026-08-05_patinho,2026-08-05,patinho,15.7,15.7,25.25,0
2026-08-05_musculo_traseiro,2026-08-05,musculo_traseiro,10.18,10.18,12.33,0
2026-08-06_pescoco,2026-08-06,pescoco,9.73,8.79,8.79,1
2026-08-06_acem,2026-08-06,acem,21.28,21.28,30.81,0
2026-08-06_ponta_de_peito,2026-08-06,ponta_de_peito,9.89,9.89,10.98,0
2026-08-06_paleta,2026-08-06,paleta,14.51,14.51,16.95,0
2026-08-06_musculo_dianteiro,2026-08-06,musculo_dianteiro,12.93,12.93,18.75,0
2026-08-06_cupim,2026-08-06,cupim,9.11,9.11,11.58,0
2026-08-06_capa_file,2026-08-06,capa_file,9.33,9.33,12.08,0
2026-08-06_file_agulha,2026-08-06,file_agulha,11.12,11.12,17.43,0
2026-08-06_file_simples,2026-08-06,file_simples,10.45,10.45,14.81,0
2026-08-06_picanha,2026-08-06,picanha,11.59,11.59,14.48,0
2026-08-06_file_mignon,2026-08-06,file_mignon,6.63,6.63,8.12,0
2026-08-06_alcatra,2026-08-06,alcatra,18.04,18.04,19.02,0
2026-08-06_fraldinha,2026-08-06,fraldinha,13.22,13.22,14.95,0
2026-08-06_coxao_mole,2026-08-06,coxao_mole,19.06,19.06,27.23,0
2026-08-06_lagarto,2026-08-06,lagarto,17.3,12.71,12.71,1
2026-08-06_costelao,2026-08-06,costelao,17.93,17.93,21.3,0
2026-08-06_maminha,2026-08-06,maminha,15.01,15.01,18.07,0
2026-08-06_coxao_duro,2026-08-06,coxao_duro,14.98,14.98,16.94,0
2026-08-06_vazio,2026-08-06,vazio,9.56,9.56,13.31,0
2026-08-06_patinho,2026-08-06,patinho,20.76,20.76,28.55,0
2026-08-06_musculo_traseiro,2026-08-06,musculo_traseiro,12.27,12.27,15.05,0
2026-08-07_pescoco,2026-08-07,pescoco,9.25,9.25,13.3,0
2026-08-07_acem,2026-08-07,acem,36.98,36.98,38.57,0
2026-08-07_ponta_de_peito,2026-08-07,ponta_de_peito,14.74,12.08,12.08,1
2026-08-07_paleta,2026-08-07,paleta,21.16,21.16,24.52,0
2026-08-07_musculo_dianteiro,2026-08-07,musculo_dianteiro,16.61,16.61,21.32,0
2026-08-07_cupim,2026-08-07,cupim,12.4,12.4,14.72,0
2026-08-07_capa_file,2026-08-07,capa_file,11.33,11.33,11.55,0
2026-08-07_file_agulha,2026-08-07,file_agulha,19.85,16.07,16.07,1
2026-08-07_file_simples,2026-08-07,file_simples,15.04,15.04,15.56,0
2026-08-07_picanha,2026-08-07,picanha,13.18,13.18,16.88,0
2026-08-07_file_mignon,2026-08-07,file_mignon,6.95,6.95,9.64,0
2026-08-07_alcatra,2026-08-07,alcatra,24.23,24.23,25.98,0
2026-08-07_fraldinha,2026-08-07,fraldinha,15.6,15.6,16.39,0
2026-08-07_coxao_mole,2026-08-07,coxao_mole,26.29,26.28,26.28,1
2026-08-07_lagarto,2026-08-07,lagarto,15.01,15.01,17.18,0
2026-08-07_costelao,2026-08-07,costelao,23.91,23.91,31.83,0
2026-08-07_maminha,2026-08-07,maminha,17.59,17.59,19.56,0
2026-08-07_coxao_duro,2026-08-07,coxao_duro,13.12,13.12,21.29,0
2026-08-07_vazio,2026-08-07,vazio,15.14,14.72,14.72,1
2026-08-07_patinho,2026-08-07,patinho,30.99,27.04,27.04,1
2026-08-07_musculo_traseiro,2026-08-07,musculo_traseiro,17.1,13.99,13.99,1
2026-08-08_pescoco,2026-08-08,pescoco,11.04,11.04,15.18,0
2026-08-08_acem,2026-08-08,acem,39.61,39.61,51.89,0
2026-08-08_ponta_de_peito,2026-08-08,ponta_de_peito,15.1,15.1,18.93,0
2026-08-08_paleta,2026-08-08,paleta,24.15,24.15,32.4,0
2026-08-08_musculo_dianteiro,2026-08-08,musculo_dianteiro,18.82,18.82,21.8,0
2026-08-08_cupim,2026-08-08,cupim,16.28,14.52,14.52,1
2026-08-08_capa_file,2026-08-08,capa_file,18.54,16.16,16.16,1
2026-08-08_file_agulha,2026-08-08,file_agulha,14.73,14.73,19.81,0
2026-08-08_file_simples,2026-08-08,file_simples,19.3,19.3,22.05,0
2026-08-08_picanha,2026-08-08,picanha,20.89,17.83,17.83,1
2026-08-08_file_mignon,2026-08-08,file_mignon,9.23,9.23,12.08,0
2026-08-08_alcatra,2026-08-08,alcatra,32.13,28.52,28.52,1
2026-08-08_fraldinha,2026-08-08,fraldinha,23.7,23.06,23.06,1
2026-08-08_coxao_mole,2026-08-08,coxao_mole,26.15,26.15,39.46,0
2026-08-08_lagarto,2026-08-08,lagarto,19.78,19.78,23.54,0
2026-08-08_costelao,2026-08-08,costelao,29.54,28.4,28.4,1
2026-08-08_maminha,2026-08-08,maminha,24.82,21.96,21.96,1
2026-08-08_coxao_duro,2026-08-08,coxao_duro,22.82,22.82,25.39,0
2026-08-08_vazio,2026-08-08,vazio,20.23,14.82,14.82,1
2026-08-08_patinho,2026-08-08,patinho,32.33,32.33,37.88,0
2026-08-08_musculo_traseiro,2026-08-08,musculo_traseiro,18.58,18.58,21.66,0
2026-08-09_pescoco,2026-08-09,pescoco,7.4,7.4,11.76,0
2026-08-09_acem,2026-08-09,acem,34.84,34.84,41.83,0
2026-08-09_ponta_de_peito,2026-08-09,ponta_de_peito,9.02,9.02,14.43,0
2026-08-09_paleta,2026-08-09,paleta,13.3,13.3,21.64,0
2026-08-09_musculo_dianteiro,2026-08-09,musculo_dianteiro,13.06,13.06,19.87,0
2026-08-09_cupim,2026-08-09,cupim,9.45,9.45,11.32,0
2026-08-09_capa_file,2026-08-09,capa_file,8.59,8.59,12.17,0
2026-08-09_file_agulha,2026-08-09,file_agulha,10.43,10.43,15.53,0
2026-08-09_file_simples,2026-08-09,file_simples,15.71,14.9,14.9,1
2026-08-09_picanha,2026-08-09,picanha,15.15,15.15,15.56,0
2026-08-09_file_mignon,2026-08-09,file_mignon,8.08,8.08,10.96,0
2026-08-09_alcatra,2026-08-09,alcatra,29.37,23.97,23.97,1
2026-08-09_fraldinha,2026-08-09,fraldinha,15.92,15.92,18.45,0
2026-08-09_coxao_mole,2026-08-09,coxao_mole,22.51,22.51,26.18,0
2026-08-09_lagarto,2026-08-09,lagarto,11.09,11.09,15.74,0
2026-08-09_costelao,2026-08-09,costelao,26.11,20.74,20.74,1
2026-08-09_maminha,2026-08-09,maminha,15.0,15.0,17.99,0
2026-08-09_coxao_duro,2026-08-09,coxao_duro,18.03,18.03,19.19,0
2026-08-09_vazio,2026-08-09,vazio,10.78,10.78,12.03,0
2026-08-09_patinho,2026-08-09,patinho,28.34,28.34,32.22,0
2026-08-09_musculo_traseiro,2026-08-09,musculo_traseiro,13.45,13.45,16.05,0
2026-08-10_pescoco,2026-08-10,pescoco,5.18,5.18,6.81,0
2026-08-10_acem,2026-08-10,acem,24.19,24.19,24.48,0
2026-08-10_ponta_de_peito,2026-08-10,ponta_de_peito,8.81,8.81,12.02,0
2026-08-10_paleta,2026-08-10,paleta,15.4,15.4,16.35,0
2026-08-10_musculo_dianteiro,2026-08-10,musculo_dianteiro,11.5,11.5,15.59,0
2026-08-10_cupim,2026-08-10,cupim,5.93,5.93,9.11,0
2026-08-10_capa_file,2026-08-10,capa_file,8.46,7.62,7.62,1
2026-08-10_file_agulha,2026-08-10,file_agulha,6.6,6.6,8.74,0
2026-08-10_file_simples,2026-08-10,file_simples,11.79,11.79,12.88,0
2026-08-10_picanha,2026-08-10,picanha,10.51,8.15,8.15,1
2026-08-10_file_mignon,2026-08-10,file_mignon,5.59,5.59,6.19,0
2026-08-10_alcatra,2026-08-10,alcatra,13.12,13.12,19.41,0
2026-08-10_fraldinha,2026-08-10,fraldinha,11.57,11.57,14.4,0
2026-08-10_coxao_mole,2026-08-10,coxao_mole,15.23,15.23,18.99,0
2026-08-10_lagarto,2026-08-10,lagarto,11.59,11.5,11.5,1
2026-08-10_costelao,2026-08-10,costelao,18.66,18.66,18.69,0
2026-08-10_maminha,2026-08-10,maminha,10.33,10.33,13.48,0
2026-08-10_coxao_duro,2026-08-10,coxao_duro,12.97,12.97,15.69,0
2026-08-10_vazio,2026-08-10,vazio,8.52,8.52,10.62,0
2026-08-10_patinho,2026-08-10,patinho,20.63,20.63,22.53,0
2026-08-10_musculo_traseiro,2026-08-10,musculo_traseiro,9.47,9.02,9.02,1
2026-08-11_pescoco,2026-08-11,pescoco,9.83,8.63,8.63,1
2026-08-11_acem,2026-08-11,acem,25.05,25.05,30.23,0
2026-08-11_ponta_de_peito,2026-08-11,ponta_de_peito,7.98,7.98,11.95,0
2026-08-11_paleta,2026-08-11,paleta,14.3,14.3,17.01,0
2026-08-11_musculo_dianteiro,2026-08-11,musculo_dianteiro,12.69,12.49,12.49,1
2026-08-11_cupim,2026-08-11,cupim,8.82,8.82,9.58,0
2026-08-11_capa_file,2026-08-11,capa_file,10.08,9.7,9.7,1
2026-08-11_file_agulha,2026-08-11,file_agulha,10.63,10.63,10.98,0
2026-08-11_file_simples,2026-08-11,file_simples,10.97,10.97,11.27,0
2026-08-11_picanha,2026-08-11,picanha,9.22,9.22,12.27,0
2026-08-11_file_mignon,2026-08-11,file_mignon,7.43,6.71,6.71,1
2026-08-11_alcatra,2026-08-11,alcatra,18.46,15.13,15.13,1
2026-08-11_fraldinha,2026-08-11,fraldinha,11.91,11.91,15.9,0
2026-08-11_coxao_mole,2026-08-11,coxao_mole,17.93,17.93,22.27,0
2026-08-11_lagarto,2026-08-11,lagarto,10.63,10.63,12.49,0
2026-08-11_costelao,2026-08-11,costelao,16.27,16.27,21.75,0
2026-08-11_maminha,2026-08-11,maminha,11.5,11.5,14.17,0
2026-08-11_coxao_duro,2026-08-11,coxao_duro,12.6,12.6,14.77,0
2026-08-11_vazio,2026-08-11,vazio,8.67,8.67,11.36,0
2026-08-11_patinho,2026-08-11,patinho,18.26,18.26,21.79,0
2026-08-11_musculo_traseiro,2026-08-11,musculo_traseiro,10.92,10.92,11.71,0
2026-08-12_pescoco,2026-08-12,pescoco,8.32,8.32,8.37,0
2026-08-12_acem,2026-08-12,acem,26.38,26.38,29.41,0
2026-08-12_ponta_de_peito,2026-08-12,ponta_de_peito,9.72,9.72,12.43,0
2026-08-12_paleta,2026-08-12,paleta,15.77,15.77,20.14,0
2026-08-12_musculo_dianteiro,2026-08-12,musculo_dianteiro,8.47,8.47,14.94,0
2026-08-12_cupim,2026-08-12,cupim,9.69,9.22,9.22,1
2026-08-12_capa_file,2026-08-12,capa_file,7.59,7.59,11.27,0
2026-08-12_file_agulha,2026-08-12,file_agulha,9.73,9.73,12.74,0
2026-08-12_file_simples,2026-08-12,file_simples,10.54,10.54,15.79,0
2026-08-12_picanha,2026-08-12,picanha,9.46,9.46,14.5,0
2026-08-12_file_mignon,2026-08-12,file_mignon,5.68,5.68,9.07,0
2026-08-12_alcatra,2026-08-12,alcatra,17.12,17.12,23.39,0
2026-08-12_fraldinha,2026-08-12,fraldinha,17.69,16.11,16.11,1
2026-08-12_coxao_mole,2026-08-12,coxao_mole,19.75,19.75,21.94,0
2026-08-12_lagarto,2026-08-12,lagarto,10.15,10.15,14.53,0
2026-08-12_costelao,2026-08-12,costelao,20.36,20.36,22.48,0
2026-08-12_maminha,2026-08-12,maminha,12.98,12.98,13.08,0
2026-08-12_coxao_duro,2026-08-12,coxao_duro,12.76,12.76,13.61,0
2026-08-12_vazio,2026-08-12,vazio,8.25,8.25,11.08,0
2026-08-12_patinho,2026-08-12,patinho,14.82,14.82,24.19,0
2026-08-12_musculo_traseiro,2026-08-12,musculo_traseiro,9.7,9.7,12.87,0
2026-08-13_pescoco,2026-08-13,pescoco,7.53,7.53,9.44,0
2026-08-13_acem,2026-08-13,acem,24.61,24.61,31.29,0
2026-08-13_ponta_de_peito,2026-08-13,ponta_de_peito,10.54,10.54,12.08,0
2026-08-13_paleta,2026-08-13,paleta,19.69,18.22,18.22,1
2026-08-13_musculo_dianteiro,2026-08-13,musculo_dianteiro,13.41,13.41,18.24,0
2026-08-13_cupim,2026-08-13,cupim,8.72,8.72,11.24,0
2026-08-13_capa_file,2026-08-13,capa_file,8.9,8.9,11.76,0
2026-08-13_file_agulha,2026-08-13,file_agulha,9.08,9.08,13.62,0
2026-08-13_file_simples,2026-08-13,file_simples,13.78,13.78,14.27,0
2026-08-13_picanha,2026-08-13,picanha,9.86,9.86,13.15,0
2026-08-13_file_mignon,2026-08-13,file_mignon,5.62,5.62,8.69,0
2026-08-13_alcatra,2026-08-13,alcatra,18.73,18.73,25.18,0
2026-08-13_fraldinha,2026-08-13,fraldinha,14.03,14.03,16.16,0
2026-08-13_coxao_mole,2026-08-13,coxao_mole,21.52,21.52,26.95,0
2026-08-13_lagarto,2026-08-13,lagarto,12.26,12.26,15.13,0
2026-08-13_costelao,2026-08-13,costelao,15.58,15.58,20.64,0
2026-08-13_maminha,2026-08-13,maminha,15.05,15.05,16.98,0
2026-08-13_coxao_duro,2026-08-13,coxao_duro,13.54,13.54,18.4,0
2026-08-13_vazio,2026-08-13,vazio,10.32,10.32,11.43,0
2026-08-13_patinho,2026-08-13,patinho,20.12,20.12,23.48,0
2026-08-13_musculo_traseiro,2026-08-13,musculo_traseiro,9.71,9.71,16.43,0
2026-08-14_pescoco,2026-08-14,pescoco,7.46,7.46,10.21,0
2026-08-14_acem,2026-08-14,acem,35.87,35.87,36.18,0
2026-08-14_ponta_de_peito,2026-08-14,ponta_de_peito,11.13,11.13,15.45,0
2026-08-14_paleta,2026-08-14,paleta,16.09,16.09,22.51,0
2026-08-14_musculo_dianteiro,2026-08-14,musculo_dianteiro,19.63,18.67,18.67,1
2026-08-14_cupim,2026-08-14,cupim,11.4,11.4,14.0,0
2026-08-14_capa_file,2026-08-14,capa_file,10.97,10.97,13.24,0
2026-08-14_file_agulha,2026-08-14,file_agulha,11.37,11.37,16.62,0
2026-08-14_file_simples,2026-08-14,file_simples,10.6,10.6,19.38,0
2026-08-14_picanha,2026-08-14,picanha,12.1,12.1,15.47,0
2026-08-14_file_mignon,2026-08-14,file_mignon,7.9,7.9,9.39,0
2026-08-14_alcatra,2026-08-14,alcatra,22.05,22.05,25.42,0
2026-08-14_fraldinha,2026-08-14,fraldinha,21.01,17.61,17.61,1
2026-08-14_coxao_mole,2026-08-14,coxao_mole,25.44,25.44,28.99,0
2026-08-14_lagarto,2026-08-14,lagarto,14.76,14.76,16.96,0
2026-08-14_costelao,2026-08-14,costelao,20.71,20.71,26.48,0
2026-08-14_maminha,2026-08-14,maminha,21.5,17.84,17.84,1
2026-08-14_coxao_duro,2026-08-14,coxao_duro,17.46,17.46,19.21,0
2026-08-14_vazio,2026-08-14,vazio,12.58,12.58,12.63,0
2026-08-14_patinho,2026-08-14,patinho,24.78,24.78,33.09,0
2026-08-14_musculo_traseiro,2026-08-14,musculo_traseiro,13.89,13.89,19.09,0
2026-08-15_pescoco,2026-08-15,pescoco,11.2,11.2,15.28,0
2026-08-15_acem,2026-08-15,acem,36.14,36.14,43.53,0
2026-08-15_ponta_de_peito,2026-08-15,ponta_de_peito,13.59,13.59,17.48,0
2026-08-15_paleta,2026-08-15,paleta,19.27,19.27,30.17,0
2026-08-15_musculo_dianteiro,2026-08-15,musculo_dianteiro,18.33,18.33,23.94,0
2026-08-15_cupim,2026-08-15,cupim,15.71,15.71,15.92,0
2026-08-15_capa_file,2026-08-15,capa_file,15.55,13.6,13.6,1
2026-08-15_file_agulha,2026-08-15,file_agulha,13.22,13.22,19.06,0
2026-08-15_file_simples,2026-08-15,file_simples,19.39,19.39,22.02,0
2026-08-15_picanha,2026-08-15,picanha,22.73,21.44,21.44,1
2026-08-15_file_mignon,2026-08-15,file_mignon,9.51,9.51,11.85,0
2026-08-15_alcatra,2026-08-15,alcatra,31.33,31.33,32.96,0
2026-08-15_fraldinha,2026-08-15,fraldinha,21.24,21.24,26.72,0
2026-08-15_coxao_mole,2026-08-15,coxao_mole,32.75,32.75,38.35,0
2026-08-15_lagarto,2026-08-15,lagarto,14.88,14.88,21.41,0
2026-08-15_costelao,2026-08-15,costelao,27.04,27.04,28.38,0
2026-08-15_maminha,2026-08-15,maminha,21.17,21.17,23.48,0
2026-08-15_coxao_duro,2026-08-15,coxao_duro,19.47,19.47,25.78,0
2026-08-15_vazio,2026-08-15,vazio,19.61,15.99,15.99,1
2026-08-15_patinho,2026-08-15,patinho,34.35,34.35,37.22,0
2026-08-15_musculo_traseiro,2026-08-15,musculo_traseiro,17.45,17.45,20.46,0
2026-08-16_pescoco,2026-08-16,pescoco,9.21,9.21,11.1,0
2026-08-16_acem,2026-08-16,acem,29.44,29.44,38.85,0
2026-08-16_ponta_de_peito,2026-08-16,ponta_de_peito,15.27,14.67,14.67,1
2026-08-16_paleta,2026-08-16,paleta,17.92,17.92,20.06,0
2026-08-16_musculo_dianteiro,2026-08-16,musculo_dianteiro,15.67,15.67,18.44,0
2026-08-16_cupim,2026-08-16,cupim,14.45,10.45,10.45,1
2026-08-16_capa_file,2026-08-16,capa_file,9.71,9.71,11.9,0
2026-08-16_file_agulha,2026-08-16,file_agulha,12.27,12.27,15.42,0
2026-08-16_file_simples,2026-08-16,file_simples,15.63,15.63,16.78,0
2026-08-16_picanha,2026-08-16,picanha,15.4,13.38,13.38,1
2026-08-16_file_mignon,2026-08-16,file_mignon,7.62,7.62,10.0,0
2026-08-16_alcatra,2026-08-16,alcatra,20.38,20.38,27.99,0
2026-08-16_fraldinha,2026-08-16,fraldinha,17.82,17.82,19.57,0
2026-08-16_coxao_mole,2026-08-16,coxao_mole,18.81,18.81,30.62,0
2026-08-16_lagarto,2026-08-16,lagarto,13.41,13.41,16.38,0
2026-08-16_costelao,2026-08-16,costelao,21.4,21.4,24.77,0
2026-08-16_maminha,2026-08-16,maminha,16.8,16.75,16.75,1
2026-08-16_coxao_duro,2026-08-16,coxao_duro,14.52,14.52,21.01,0
2026-08-16_vazio,2026-08-16,vazio,11.51,11.51,16.03,0
2026-08-16_patinho,2026-08-16,patinho,27.45,27.45,29.47,0
2026-08-16_musculo_traseiro,2026-08-16,musculo_traseiro,15.63,15.63,18.55,0
2026-08-17_pescoco,2026-08-17,pescoco,7.06,7.06,8.83,0
2026-08-17_acem,2026-08-17,acem,18.99,18.99,24.65,0
2026-08-17_ponta_de_peito,2026-08-17,ponta_de_peito,8.48,8.48,12.54,0
2026-08-17_paleta,2026-08-17,paleta,11.0,11.0,16.9,0
2026-08-17_musculo_dianteiro,2026-08-17,musculo_dianteiro,9.7,9.7,12.32,0
2026-08-17_cupim,2026-08-17,cupim,6.02,6.02,9.84,0
2026-08-17_capa_file,2026-08-17,capa_file,7.66,7.66,10.41,0
2026-08-17_file_agulha,2026-08-17,file_agulha,10.12,10.12,10.94,0
2026-08-17_file_simples,2026-08-17,file_simples,9.86,9.86,11.73,0
2026-08-17_picanha,2026-08-17,picanha,8.41,8.41,9.43,0
2026-08-17_file_mignon,2026-08-17,file_mignon,6.35,6.35,6.82,0
2026-08-17_alcatra,2026-08-17,alcatra,16.94,16.71,16.71,1
2026-08-17_fraldinha,2026-08-17,fraldinha,11.33,11.33,15.28,0
2026-08-17_coxao_mole,2026-08-17,coxao_mole,17.81,17.27,17.27,1
2026-08-17_lagarto,2026-08-17,lagarto,10.8,10.8,12.59,0
2026-08-17_costelao,2026-08-17,costelao,19.52,19.52,20.4,0
2026-08-17_maminha,2026-08-17,maminha,9.06,9.06,11.29,0
2026-08-17_coxao_duro,2026-08-17,coxao_duro,12.34,12.34,16.61,0
2026-08-17_vazio,2026-08-17,vazio,7.54,7.54,11.39,0
2026-08-17_patinho,2026-08-17,patinho,15.37,15.37,23.86,0
2026-08-17_musculo_traseiro,2026-08-17,musculo_traseiro,9.83,9.83,12.13,0
2026-08-18_pescoco,2026-08-18,pescoco,6.19,6.19,8.93,0
2026-08-18_acem,2026-08-18,acem,26.87,26.87,32.9,0
2026-08-18_ponta_de_peito,2026-08-18,ponta_de_peito,8.8,8.8,10.55,0
2026-08-18_paleta,2026-08-18,paleta,12.09,12.09,14.46,0
2026-08-18_musculo_dianteiro,2026-08-18,musculo_dianteiro,10.34,10.34,13.94,0
2026-08-18_cupim,2026-08-18,cupim,7.45,7.45,7.61,0
2026-08-18_capa_file,2026-08-18,capa_file,8.37,8.37,10.38,0
2026-08-18_file_agulha,2026-08-18,file_agulha,9.21,9.21,11.97,0
2026-08-18_file_simples,2026-08-18,file_simples,12.14,12.14,13.89,0
2026-08-18_picanha,2026-08-18,picanha,9.37,9.37,11.91,0
2026-08-18_file_mignon,2026-08-18,file_mignon,9.05,6.95,6.95,1
2026-08-18_alcatra,2026-08-18,alcatra,16.0,16.0,20.43,0
2026-08-18_fraldinha,2026-08-18,fraldinha,12.19,12.19,14.92,0
2026-08-18_coxao_mole,2026-08-18,coxao_mole,19.84,19.84,21.87,0
2026-08-18_lagarto,2026-08-18,lagarto,14.75,10.72,10.72,1
2026-08-18_costelao,2026-08-18,costelao,17.73,17.73,18.92,0
2026-08-18_maminha,2026-08-18,maminha,9.97,9.97,11.47,0
2026-08-18_coxao_duro,2026-08-18,coxao_duro,13.51,12.06,12.06,1
2026-08-18_vazio,2026-08-18,vazio,8.25,8.25,11.71,0
2026-08-18_patinho,2026-08-18,patinho,19.59,19.59,26.24,0
2026-08-18_musculo_traseiro,2026-08-18,musculo_traseiro,10.11,10.11,13.9,0
2026-08-19_pescoco,2026-08-19,pescoco,5.7,5.7,7.15,0
2026-08-19_acem,2026-08-19,acem,32.41,32.41,34.18,0
2026-08-19_ponta_de_peito,2026-08-19,ponta_de_peito,8.46,8.46,11.52,0
2026-08-19_paleta,2026-08-19,paleta,15.04,15.04,19.35,0
2026-08-19_musculo_dianteiro,2026-08-19,musculo_dianteiro,12.36,12.36,15.23,0
2026-08-19_cupim,2026-08-19,cupim,7.44,7.44,11.04,0
2026-08-19_capa_file,2026-08-19,capa_file,7.61,7.61,10.0,0
2026-08-19_file_agulha,2026-08-19,file_agulha,12.42,12.42,12.49,0
2026-08-19_file_simples,2026-08-19,file_simples,11.38,11.38,12.79,0
2026-08-19_picanha,2026-08-19,picanha,9.98,9.98,11.63,0
2026-08-19_file_mignon,2026-08-19,file_mignon,6.8,6.8,7.69,0
2026-08-19_alcatra,2026-08-19,alcatra,17.45,17.45,21.77,0
2026-08-19_fraldinha,2026-08-19,fraldinha,12.01,12.01,12.94,0
2026-08-19_coxao_mole,2026-08-19,coxao_mole,17.36,17.36,21.44,0
2026-08-19_lagarto,2026-08-19,lagarto,12.82,11.16,11.16,1
2026-08-19_costelao,2026-08-19,costelao,15.19,15.19,22.75,0
2026-08-19_maminha,2026-08-19,maminha,13.91,13.86,13.86,1
2026-08-19_coxao_duro,2026-08-19,coxao_duro,14.85,14.85,15.42,0
2026-08-19_vazio,2026-08-19,vazio,10.23,10.23,12.58,0
2026-08-19_patinho,2026-08-19,patinho,20.24,20.24,27.87,0
2026-08-19_musculo_traseiro,2026-08-19,musculo_traseiro,13.61,13.39,13.39,1
2026-08-20_pescoco,2026-08-20,pescoco,7.62,7.62,9.94,0
2026-08-20_acem,2026-08-20,acem,31.0,31.0,33.11,0
2026-08-20_ponta_de_peito,2026-08-20,ponta_de_peito,10.02,10.02,11.46,0
2026-08-20_paleta,2026-08-20,paleta,18.67,18.67,20.98,0
2026-08-20_musculo_dianteiro,2026-08-20,musculo_dianteiro,10.8,10.8,17.52,0
2026-08-20_cupim,2026-08-20,cupim,7.89,7.89,10.86,0
2026-08-20_capa_file,2026-08-20,capa_file,11.38,11.38,11.91,0
2026-08-20_file_agulha,2026-08-20,file_agulha,9.03,9.03,13.19,0
2026-08-20_file_simples,2026-08-20,file_simples,12.89,12.89,16.53,0
2026-08-20_picanha,2026-08-20,picanha,12.35,12.35,13.6,0
2026-08-20_file_mignon,2026-08-20,file_mignon,7.49,7.49,7.71,0
2026-08-20_alcatra,2026-08-20,alcatra,20.15,20.15,22.58,0
2026-08-20_fraldinha,2026-08-20,fraldinha,13.77,13.77,20.37,0
2026-08-20_coxao_mole,2026-08-20,coxao_mole,18.86,18.86,26.05,0
2026-08-20_lagarto,2026-08-20,lagarto,11.62,11.62,15.45,0
2026-08-20_costelao,2026-08-20,costelao,21.16,21.16,25.5,0
2026-08-20_maminha,2026-08-20,maminha,12.56,12.56,12.7,0
2026-08-20_coxao_duro,2026-08-20,coxao_duro,15.1,15.1,21.16,0
2026-08-20_vazio,2026-08-20,vazio,9.15,9.15,10.22,0
2026-08-20_patinho,2026-08-20,patinho,23.14,23.14,29.85,0
2026-08-20_musculo_traseiro,2026-08-20,musculo_traseiro,12.05,12.05,15.69,0
2026-08-21_pescoco,2026-08-21,pescoco,9.5,9.5,10.79,0
2026-08-21_acem,2026-08-21,acem,28.65,28.65,38.56,0
2026-08-21_ponta_de_peito,2026-08-21,ponta_de_peito,14.41,14.41,15.66,0
2026-08-21_paleta,2026-08-21,paleta,19.82,19.82,23.11,0
2026-08-21_musculo_dianteiro,2026-08-21,musculo_dianteiro,17.13,17.13,19.23,0
2026-08-21_cupim,2026-08-21,cupim,10.03,10.03,13.54,0
2026-08-21_capa_file,2026-08-21,capa_file,13.42,13.42,14.2,0
2026-08-21_file_agulha,2026-08-21,file_agulha,17.85,16.74,16.74,1
2026-08-21_file_simples,2026-08-21,file_simples,14.91,14.91,18.49,0
2026-08-21_picanha,2026-08-21,picanha,13.2,13.2,19.02,0
2026-08-21_file_mignon,2026-08-21,file_mignon,8.61,8.61,10.2,0
2026-08-21_alcatra,2026-08-21,alcatra,24.01,24.01,25.51,0
2026-08-21_fraldinha,2026-08-21,fraldinha,14.38,14.38,17.2,0
2026-08-21_coxao_mole,2026-08-21,coxao_mole,27.71,27.18,27.18,1
2026-08-21_lagarto,2026-08-21,lagarto,16.14,16.14,17.78,0
2026-08-21_costelao,2026-08-21,costelao,25.04,25.04,28.97,0
2026-08-21_maminha,2026-08-21,maminha,18.88,18.71,18.71,1
2026-08-21_coxao_duro,2026-08-21,coxao_duro,19.08,19.08,23.58,0
2026-08-21_vazio,2026-08-21,vazio,14.53,14.43,14.43,1
2026-08-21_patinho,2026-08-21,patinho,31.72,31.72,33.56,0
2026-08-21_musculo_traseiro,2026-08-21,musculo_traseiro,12.4,12.4,15.78,0
2026-08-22_pescoco,2026-08-22,pescoco,13.0,12.72,12.72,1
2026-08-22_acem,2026-08-22,acem,43.21,43.21,49.74,0
2026-08-22_ponta_de_peito,2026-08-22,ponta_de_peito,15.16,15.16,19.48,0
2026-08-22_paleta,2026-08-22,paleta,21.52,21.52,31.5,0
2026-08-22_musculo_dianteiro,2026-08-22,musculo_dianteiro,17.39,17.39,22.69,0
2026-08-22_cupim,2026-08-22,cupim,14.93,14.93,15.48,0
2026-08-22_capa_file,2026-08-22,capa_file,20.9,17.64,17.64,1
2026-08-22_file_agulha,2026-08-22,file_agulha,13.8,13.8,19.39,0
2026-08-22_file_simples,2026-08-22,file_simples,24.38,23.04,23.04,1
2026-08-22_picanha,2026-08-22,picanha,19.8,19.8,20.7,0
2026-08-22_file_mignon,2026-08-22,file_mignon,8.62,8.62,11.61,0
2026-08-22_alcatra,2026-08-22,alcatra,28.79,28.79,31.03,0
2026-08-22_fraldinha,2026-08-22,fraldinha,22.64,22.64,26.29,0
2026-08-22_coxao_mole,2026-08-22,coxao_mole,31.98,31.98,33.43,0
2026-08-22_lagarto,2026-08-22,lagarto,11.8,11.8,20.65,0
2026-08-22_costelao,2026-08-22,costelao,34.18,30.77,30.77,1
2026-08-22_maminha,2026-08-22,maminha,23.23,21.19,21.19,1
2026-08-22_coxao_duro,2026-08-22,coxao_duro,17.95,17.95,27.07,0
2026-08-22_vazio,2026-08-22,vazio,20.16,18.7,18.7,1
2026-08-22_patinho,2026-08-22,patinho,30.36,30.36,44.89,0
2026-08-22_musculo_traseiro,2026-08-22,musculo_traseiro,17.59,17.59,19.98,0
2026-08-23_pescoco,2026-08-23,pescoco,10.89,10.89,11.39,0
2026-08-23_acem,2026-08-23,acem,33.07,32.91,32.91,1
2026-08-23_ponta_de_peito,2026-08-23,ponta_de_peito,12.13,12.13,13.13,0
2026-08-23_paleta,2026-08-23,paleta,17.38,17.38,19.21,0
2026-08-23_musculo_dianteiro,2026-08-23,musculo_dianteiro,15.25,15.25,19.7,0
2026-08-23_cupim,2026-08-23,cupim,12.86,10.38,10.38,1
2026-08-23_capa_file,2026-08-23,capa_file,13.21,13.21,14.26,0
2026-08-23_file_agulha,2026-08-23,file_agulha,10.39,10.39,16.17,0
2026-08-23_file_simples,2026-08-23,file_simples,14.64,14.64,16.9,0
2026-08-23_picanha,2026-08-23,picanha,10.19,10.19,16.08,0
2026-08-23_file_mignon,2026-08-23,file_mignon,8.61,8.61,10.86,0
2026-08-23_alcatra,2026-08-23,alcatra,22.22,22.22,25.54,0
2026-08-23_fraldinha,2026-08-23,fraldinha,17.31,16.47,16.47,1
2026-08-23_coxao_mole,2026-08-23,coxao_mole,21.43,21.43,27.08,0
2026-08-23_lagarto,2026-08-23,lagarto,10.19,10.19,18.97,0
2026-08-23_costelao,2026-08-23,costelao,23.03,23.03,26.53,0
2026-08-23_maminha,2026-08-23,maminha,9.1,9.1,15.38,0
2026-08-23_coxao_duro,2026-08-23,coxao_duro,14.72,14.72,17.66,0
2026-08-23_vazio,2026-08-23,vazio,11.65,11.65,15.75,0
2026-08-23_patinho,2026-08-23,patinho,23.96,23.96,29.79,0
2026-08-23_musculo_traseiro,2026-08-23,musculo_traseiro,15.79,15.74,15.74,1
2026-08-24_pescoco,2026-08-24,pescoco,7.71,6.95,6.95,1
2026-08-24_acem,2026-08-24,acem,21.74,21.74,30.27,0
2026-08-24_ponta_de_peito,2026-08-24,ponta_de_peito,7.92,7.92,10.27,0
2026-08-24_paleta,2026-08-24,paleta,13.02,13.02,15.45,0
2026-08-24_musculo_dianteiro,2026-08-24,musculo_dianteiro,8.1,8.1,14.13,0
2026-08-24_cupim,2026-08-24,cupim,6.53,6.53,10.06,0
2026-08-24_capa_file,2026-08-24,capa_file,8.0,8.0,9.11,0
2026-08-24_file_agulha,2026-08-24,file_agulha,10.27,10.12,10.12,1
2026-08-24_file_simples,2026-08-24,file_simples,9.09,9.09,10.05,0
2026-08-24_picanha,2026-08-24,picanha,10.26,10.26,11.9,0
2026-08-24_file_mignon,2026-08-24,file_mignon,6.93,6.93,7.9,0
2026-08-24_alcatra,2026-08-24,alcatra,15.05,15.05,17.61,0
2026-08-24_fraldinha,2026-08-24,fraldinha,14.24,14.24,15.89,0
2026-08-24_coxao_mole,2026-08-24,coxao_mole,16.15,16.15,19.11,0
2026-08-24_lagarto,2026-08-24,lagarto,10.91,10.91,12.42,0
2026-08-24_costelao,2026-08-24,costelao,15.62,15.62,20.27,0
2026-08-24_maminha,2026-08-24,maminha,11.03,10.69,10.69,1
2026-08-24_coxao_duro,2026-08-24,coxao_duro,10.02,10.02,12.64,0
2026-08-24_vazio,2026-08-24,vazio,7.5,7.5,10.93,0
2026-08-24_patinho,2026-08-24,patinho,18.84,18.84,23.08,0
2026-08-24_musculo_traseiro,2026-08-24,musculo_traseiro,10.63,10.63,12.56,0
2026-08-25_pescoco,2026-08-25,pescoco,5.3,5.3,7.59,0
2026-08-25_acem,2026-08-25,acem,22.78,22.78,26.09,0
2026-08-25_ponta_de_peito,2026-08-25,ponta_de_peito,9.14,9.14,12.26,0
2026-08-25_paleta,2026-08-25,paleta,14.28,14.28,15.3,0
2026-08-25_musculo_dianteiro,2026-08-25,musculo_dianteiro,12.06,12.06,13.11,0
2026-08-25_cupim,2026-08-25,cupim,6.75,6.4,6.4,1
2026-08-25_capa_file,2026-08-25,capa_file,8.02,8.02,8.38,0
2026-08-25_file_agulha,2026-08-25,file_agulha,9.23,9.23,12.55,0
2026-08-25_file_simples,2026-08-25,file_simples,10.19,10.19,11.36,0
2026-08-25_picanha,2026-08-25,picanha,7.67,7.67,11.62,0
2026-08-25_file_mignon,2026-08-25,file_mignon,5.68,5.68,6.93,0
2026-08-25_alcatra,2026-08-25,alcatra,18.23,18.23,22.49,0
2026-08-25_fraldinha,2026-08-25,fraldinha,12.26,12.26,15.72,0
2026-08-25_coxao_mole,2026-08-25,coxao_mole,22.72,22.06,22.06,1
2026-08-25_lagarto,2026-08-25,lagarto,10.82,10.82,14.45,0
2026-08-25_costelao,2026-08-25,costelao,14.87,14.87,16.55,0
2026-08-25_maminha,2026-08-25,maminha,10.12,10.12,11.2,0
2026-08-25_coxao_duro,2026-08-25,coxao_duro,11.91,11.91,17.14,0
2026-08-25_vazio,2026-08-25,vazio,9.64,9.64,12.44,0
2026-08-25_patinho,2026-08-25,patinho,23.92,23.92,29.64,0
2026-08-25_musculo_traseiro,2026-08-25,musculo_traseiro,11.13,11.13,13.42,0
2026-08-26_pescoco,2026-08-26,pescoco,6.58,6.58,8.82,0
2026-08-26_acem,2026-08-26,acem,27.69,27.69,34.03,0
2026-08-26_ponta_de_peito,2026-08-26,ponta_de_peito,8.93,8.93,9.89,0
2026-08-26_paleta,2026-08-26,paleta,12.95,12.95,19.27,0
2026-08-26_musculo_dianteiro,2026-08-26,musculo_dianteiro,11.6,11.6,15.09,0
2026-08-26_cupim,2026-08-26,cupim,7.04,7.04,10.07,0
2026-08-26_capa_file,2026-08-26,capa_file,10.24,10.24,10.53,0
2026-08-26_file_agulha,2026-08-26,file_agulha,9.65,9.65,14.72,0
2026-08-26_file_simples,2026-08-26,file_simples,8.73,8.73,12.7,0
2026-08-26_picanha,2026-08-26,picanha,10.62,10.62,15.14,0
2026-08-26_file_mignon,2026-08-26,file_mignon,7.18,7.18,9.12,0
2026-08-26_alcatra,2026-08-26,alcatra,16.38,16.38,20.06,0
2026-08-26_fraldinha,2026-08-26,fraldinha,13.51,13.51,15.95,0
2026-08-26_coxao_mole,2026-08-26,coxao_mole,18.53,18.53,21.34,0
2026-08-26_lagarto,2026-08-26,lagarto,11.16,11.16,14.55,0
2026-08-26_costelao,2026-08-26,costelao,14.85,14.85,21.48,0
2026-08-26_maminha,2026-08-26,maminha,11.18,11.18,13.65,0
2026-08-26_coxao_duro,2026-08-26,coxao_duro,13.38,13.38,15.04,0
2026-08-26_vazio,2026-08-26,vazio,9.43,9.43,12.72,0
2026-08-26_patinho,2026-08-26,patinho,20.06,20.06,30.35,0
2026-08-26_musculo_traseiro,2026-08-26,musculo_traseiro,12.36,12.36,12.61,0
2026-08-27_pescoco,2026-08-27,pescoco,7.72,7.72,11.13,0
2026-08-27_acem,2026-08-27,acem,24.59,24.59,30.66,0
2026-08-27_ponta_de_peito,2026-08-27,ponta_de_peito,10.86,10.86,12.59,0
2026-08-27_paleta,2026-08-27,paleta,19.2,13.97,13.97,1
2026-08-27_musculo_dianteiro,2026-08-27,musculo_dianteiro,12.56,12.56,17.18,0
2026-08-27_cupim,2026-08-27,cupim,11.56,11.56,12.34,0
2026-08-27_capa_file,2026-08-27,capa_file,8.58,8.58,10.93,0
2026-08-27_file_agulha,2026-08-27,file_agulha,10.97,10.97,16.01,0
2026-08-27_file_simples,2026-08-27,file_simples,13.94,13.94,15.16,0
2026-08-27_picanha,2026-08-27,picanha,9.69,9.69,14.71,0
2026-08-27_file_mignon,2026-08-27,file_mignon,9.2,8.81,8.81,1
2026-08-27_alcatra,2026-08-27,alcatra,18.23,18.23,21.37,0
2026-08-27_fraldinha,2026-08-27,fraldinha,13.85,13.85,15.75,0
2026-08-27_coxao_mole,2026-08-27,coxao_mole,18.81,18.81,22.24,0
2026-08-27_lagarto,2026-08-27,lagarto,12.65,12.65,14.66,0
2026-08-27_costelao,2026-08-27,costelao,15.21,15.21,23.49,0
2026-08-27_maminha,2026-08-27,maminha,12.34,12.34,15.6,0
2026-08-27_coxao_duro,2026-08-27,coxao_duro,12.15,12.15,16.82,0
2026-08-27_vazio,2026-08-27,vazio,9.34,9.34,11.9,0
2026-08-27_patinho,2026-08-27,patinho,23.4,23.4,29.45,0
2026-08-27_musculo_traseiro,2026-08-27,musculo_traseiro,17.27,15.95,15.95,1
2026-08-28_pescoco,2026-08-28,pescoco,11.96,11.91,11.91,1
2026-08-28_acem,2026-08-28,acem,27.53,27.53,43.63,0
2026-08-28_ponta_de_peito,2026-08-28,ponta_de_peito,12.83,12.83,14.72,0
2026-08-28_paleta,2026-08-28,paleta,21.41,21.41,28.28,0
2026-08-28_musculo_dianteiro,2026-08-28,musculo_dianteiro,14.38,14.38,20.06,0
2026-08-28_cupim,2026-08-28,cupim,11.69,11.69,14.31,0
2026-08-28_capa_file,2026-08-28,capa_file,11.77,11.77,14.11,0
2026-08-28_file_agulha,2026-08-28,file_agulha,13.01,13.01,14.96,0
2026-08-28_file_simples,2026-08-28,file_simples,13.8,13.8,17.12,0
2026-08-28_picanha,2026-08-28,picanha,13.43,13.43,16.62,0
2026-08-28_file_mignon,2026-08-28,file_mignon,9.72,9.72,10.36,0
2026-08-28_alcatra,2026-08-28,alcatra,23.31,23.31,24.46,0
2026-08-28_fraldinha,2026-08-28,fraldinha,16.72,16.72,20.87,0
2026-08-28_coxao_mole,2026-08-28,coxao_mole,28.41,27.86,27.86,1
2026-08-28_lagarto,2026-08-28,lagarto,20.73,15.69,15.69,1
2026-08-28_costelao,2026-08-28,costelao,22.3,22.3,28.13,0
2026-08-28_maminha,2026-08-28,maminha,16.09,16.09,16.52,0
2026-08-28_coxao_duro,2026-08-28,coxao_duro,14.67,14.67,22.41,0
2026-08-28_vazio,2026-08-28,vazio,16.93,16.34,16.34,1
2026-08-28_patinho,2026-08-28,patinho,25.83,25.83,32.33,0
2026-08-28_musculo_traseiro,2026-08-28,musculo_traseiro,13.97,13.97,14.83,0
2026-08-29_pescoco,2026-08-29,pescoco,9.56,9.56,14.36,0
2026-08-29_acem,2026-08-29,acem,33.69,33.69,45.45,0
2026-08-29_ponta_de_peito,2026-08-29,ponta_de_peito,14.19,14.19,17.79,0
2026-08-29_paleta,2026-08-29,paleta,23.77,23.77,29.07,0
2026-08-29_musculo_dianteiro,2026-08-29,musculo_dianteiro,18.12,18.12,20.87,0
2026-08-29_cupim,2026-08-29,cupim,18.77,14.14,14.14,1
2026-08-29_capa_file,2026-08-29,capa_file,19.0,16.27,16.27,1
2026-08-29_file_agulha,2026-08-29,file_agulha,15.1,15.1,17.95,0
2026-08-29_file_simples,2026-08-29,file_simples,18.46,18.46,21.69,0
2026-08-29_picanha,2026-08-29,picanha,20.59,18.42,18.42,1
2026-08-29_file_mignon,2026-08-29,file_mignon,11.72,11.72,11.91,0
2026-08-29_alcatra,2026-08-29,alcatra,36.09,35.62,35.62,1
2026-08-29_fraldinha,2026-08-29,fraldinha,23.67,22.25,22.25,1
2026-08-29_coxao_mole,2026-08-29,coxao_mole,32.5,30.7,30.7,1
2026-08-29_lagarto,2026-08-29,lagarto,16.35,16.35,23.33,0
2026-08-29_costelao,2026-08-29,costelao,37.33,31.75,31.75,1
2026-08-29_maminha,2026-08-29,maminha,24.52,21.86,21.86,1
2026-08-29_coxao_duro,2026-08-29,coxao_duro,18.86,18.86,24.83,0
2026-08-29_vazio,2026-08-29,vazio,16.32,16.32,18.15,0
2026-08-29_patinho,2026-08-29,patinho,36.53,36.53,40.06,0
2026-08-29_musculo_traseiro,2026-08-29,musculo_traseiro,23.07,18.01,18.01,1
2026-08-30_pescoco,2026-08-30,pescoco,8.67,8.67,10.8,0
2026-08-30_acem,2026-08-30,acem,36.92,33.08,33.08,1
2026-08-30_ponta_de_peito,2026-08-30,ponta_de_peito,9.68,9.68,12.63,0
2026-08-30_paleta,2026-08-30,paleta,22.26,20.24,20.24,1
2026-08-30_musculo_dianteiro,2026-08-30,musculo_dianteiro,16.76,16.76,18.19,0
2026-08-30_cupim,2026-08-30,cupim,13.69,11.07,11.07,1
2026-08-30_capa_file,2026-08-30,capa_file,10.64,10.64,11.52,0
2026-08-30_file_agulha,2026-08-30,file_agulha,11.76,11.76,15.93,0
2026-08-30_file_simples,2026-08-30,file_simples,13.94,13.94,16.29,0
2026-08-30_picanha,2026-08-30,picanha,13.53,13.53,16.0,0
2026-08-30_file_mignon,2026-08-30,file_mignon,8.64,8.64,9.78,0
2026-08-30_alcatra,2026-08-30,alcatra,21.82,21.82,25.09,0
2026-08-30_fraldinha,2026-08-30,fraldinha,16.23,16.23,18.68,0
2026-08-30_coxao_mole,2026-08-30,coxao_mole,20.11,20.11,30.25,0
2026-08-30_lagarto,2026-08-30,lagarto,15.53,12.53,12.53,1
2026-08-30_costelao,2026-08-30,costelao,19.63,19.63,25.1,0
2026-08-30_maminha,2026-08-30,maminha,17.04,14.41,14.41,1
2026-08-30_coxao_duro,2026-08-30,coxao_duro,12.46,12.46,19.03,0
2026-08-30_vazio,2026-08-30,vazio,11.16,11.16,11.66,0
2026-08-30_patinho,2026-08-30,patinho,26.95,26.95,32.09,0
2026-08-30_musculo_traseiro,2026-08-30,musculo_traseiro,12.77,12.77,17.24,0
2026-08-31_pescoco,2026-08-31,pescoco,6.36,6.36,7.95,0
2026-08-31_acem,2026-08-31,acem,17.83,17.83,31.49,0
2026-08-31_ponta_de_peito,2026-08-31,ponta_de_peito,9.06,9.06,11.32,0
2026-08-31_paleta,2026-08-31,paleta,13.8,13.8,15.12,0
2026-08-31_musculo_dianteiro,2026-08-31,musculo_dianteiro,10.82,10.14,10.14,1
2026-08-31_cupim,2026-08-31,cupim,8.41,8.41,8.56,0
2026-08-31_capa_file,2026-08-31,capa_file,7.26,7.26,9.77,0
2026-08-31_file_agulha,2026-08-31,file_agulha,9.73,9.73,10.6,0
2026-08-31_file_simples,2026-08-31,file_simples,9.78,9.78,11.56,0
2026-08-31_picanha,2026-08-31,picanha,9.73,9.21,9.21,1
2026-08-31_file_mignon,2026-08-31,file_mignon,5.29,5.29,5.73,0
2026-08-31_alcatra,2026-08-31,alcatra,15.21,15.21,17.24,0
2026-08-31_fraldinha,2026-08-31,fraldinha,10.15,10.15,11.92,0
2026-08-31_coxao_mole,2026-08-31,coxao_mole,14.87,14.87,20.62,0
2026-08-31_lagarto,2026-08-31,lagarto,10.8,10.8,13.69,0
2026-08-31_costelao,2026-08-31,costelao,15.57,15.57,21.27,0
2026-08-31_maminha,2026-08-31,maminha,9.23,9.23,10.99,0
2026-08-31_coxao_duro,2026-08-31,coxao_duro,13.52,13.52,14.49,0
2026-08-31_vazio,2026-08-31,vazio,8.15,8.15,10.71,0
2026-08-31_patinho,2026-08-31,patinho,18.48,18.48,19.65,0
2026-08-31_musculo_traseiro,2026-08-31,musculo_traseiro,9.75,9.75,11.74,0
